cpu_load,ram_usage,cpu_temp,disk_speed,disk_fill,network_bandwidth,process_count,service_state,state
37.35,27.07,20.95,294.05,50.12,8449.21,197.0,Все работают,Хорошее
3.07,50.77,65.09,573.33,78.28,8704.57,67.0,Все работают,Хорошее
79.07,79.25,67.55,6.09,72.45,8989.52,198.0,Все работают,Критическое с риском отказа
31.99,75.32,72.12,15.71,52.15,9747.01,146.0,Все работают,Критическое
4.59,63.76,59.62,79.13,47.72,8111.55,158.0,Все работают,Хорошее
56.12,73.82,64.97,1.12,88.11,685.23,8.0,Критический сервис остановлен,Критическое с риском отказа
15.83,37.16,31.97,907.64,17.35,168.27,30.0,Все работают,Оптимальное
62.02,2.83,40.07,745.48,88.16,8190.41,75.0,Все работают,Критическое
31.82,47.46,24.21,505.62,56.56,5217.16,60.0,Все работают,Хорошее
34.94,10.61,60.58,54.64,84.53,457.32,107.0,Все работают,Хорошее
3.6,23.16,32.58,267.92,18.59,3657.8,88.0,Все работают,Оптимальное
26.43,11.4,65.29,937.22,84.08,923.43,64.0,Все работают,Хорошее
75.16,42.77,51.1,40.84,87.1,8560.91,49.0,Некоторые остановлены,Критическое
31.25,66.97,92.05,24.15,97.66,9925.76,52.0,Все работают,Критическое
8.0,34.89,25.99,360.78,1.66,3187.73,65.0,Все работают,Оптимальное
26.31,57.42,52.71,71.86,79.09,9385.2,330.0,Все работают,Критическое
2.1,26.54,35.21,380.09,13.43,4924.12,100.0,Все работают,Оптимальное
13.25,31.75,28.51,832.95,15.72,195.4,90.0,Все работают,Оптимальное
41.99,35.71,26.57,51.51,31.95,8950.04,170.0,Все работают,Хорошее
52.55,89.15,90.67,52.32,74.08,8138.37,49.0,Некоторые остановлены,Критическое
12.47,15.58,34.31,773.2,34.18,3885.14,73.0,Все работают,Оптимальное
87.21,72.1,78.39,51.51,73.17,8761.23,196.0,Все работают,Критическое
30.0,59.5,93.86,852.09,88.1,8563.97,62.0,Некоторые остановлены,Критическое
3.24,37.16,48.24,624.73,48.8,6369.82,98.0,Все работают,Оптимальное
24.67,38.43,33.06,507.68,59.62,2231.43,89.0,Все работают,Оптимальное
6.36,11.19,35.5,302.05,38.86,5524.87,32.0,Все работают,Оптимальное
14.2,39.87,41.09,362.09,50.49,5943.05,57.0,Все работают,Оптимальное
8.89,49.07,81.86,721.62,93.29,8872.72,440.0,Все работают,Критическое
58.23,64.66,51.85,217.26,84.91,4850.54,87.0,Все работают,Хорошее
78.29,25.02,78.93,5.52,76.13,9291.26,190.0,Некоторые остановлены,Критическое с риском отказа
12.75,36.34,21.79,627.44,8.7,7541.41,40.0,Все работают,Оптимальное
6.87,94.99,89.41,557.45,96.91,5078.28,160.0,Все работают,Критическое
12.35,11.53,33.64,377.41,46.04,433.63,86.0,Все работают,Оптимальное
26.43,1.15,41.29,588.07,69.46,7576.49,67.0,Все работают,Оптимальное
16.54,67.66,96.6,60.2,95.67,8837.48,276.0,Некоторые остановлены,Критическое
43.66,69.42,27.01,59.55,75.79,8495.33,94.0,Все работают,Хорошее
0.46,66.13,61.74,3.39,99.7,9954.14,9.0,Все работают,Критическое с риском отказа
13.02,17.75,51.15,409.79,72.18,8169.98,60.0,Все работают,Хорошее
20.01,27.1,33.25,667.82,48.32,1593.74,43.0,Все работают,Оптимальное
59.34,40.24,44.99,68.21,73.29,5422.12,35.0,Все работают,Хорошее
27.29,7.03,35.93,316.41,52.26,6433.86,48.0,Все работают,Оптимальное
83.72,21.46,113.46,42.9,93.77,8619.55,232.0,Критический сервис остановлен,Критическое с риском отказа
91.4,39.84,101.94,63.61,99.77,9833.69,516.0,Некоторые остановлены,Критическое с риском отказа
59.43,41.82,74.21,52.75,3.54,8988.82,100.0,Все работают,Хорошее
53.66,76.93,36.21,14.4,1.04,126.25,116.0,Некоторые остановлены,Критическое
53.34,53.56,41.82,69.3,69.9,8686.1,109.0,Все работают,Хорошее
18.73,51.43,62.64,73.79,30.1,2711.45,153.0,Все работают,Хорошее
50.6,42.74,32.96,66.69,80.05,8873.61,136.0,Все работают,Хорошее
6.73,33.81,42.88,822.64,2.03,7372.3,53.0,Все работают,Оптимальное
22.38,16.79,31.1,892.67,52.81,2176.82,86.0,Все работают,Оптимальное
3.33,21.08,26.62,268.07,53.49,959.87,52.0,Все работают,Оптимальное
41.91,0.75,37.27,71.28,71.73,1374.99,111.0,Все работают,Хорошее
26.12,13.32,35.31,913.45,50.92,822.44,55.0,Все работают,Оптимальное
13.92,87.03,96.61,16.04,30.95,8591.42,139.0,Все работают,Критическое
19.34,18.51,47.27,636.61,31.54,7859.08,35.0,Все работают,Оптимальное
41.19,80.22,94.73,23.19,98.57,9333.36,139.0,Критический сервис остановлен,Критическое с риском отказа
49.3,64.4,35.25,364.16,66.34,8226.54,39.0,Все работают,Хорошее
56.29,6.17,41.64,415.16,42.74,8534.01,124.0,Все работают,Хорошее
58.99,34.92,46.22,342.26,74.09,733.71,74.0,Все работают,Хорошее
29.84,1.13,43.74,343.93,53.12,3588.81,32.0,Все работают,Оптимальное
7.13,9.54,76.57,68.96,94.34,8001.56,323.0,Некоторые остановлены,Критическое
28.6,15.62,39.07,767.53,24.14,1067.28,52.0,Все работают,Оптимальное
1.11,31.64,57.89,79.67,70.55,2855.79,64.0,Все работают,Хорошее
40.17,27.68,70.03,62.92,22.48,5287.35,157.0,Все работают,Хорошее
51.8,48.24,40.14,65.39,97.39,9848.67,217.0,Все работают,Критическое
28.48,27.16,33.32,567.1,45.47,7684.16,93.0,Все работают,Оптимальное
29.89,8.01,33.56,825.67,46.75,7130.65,76.0,Все работают,Оптимальное
53.71,22.16,95.09,51.97,99.05,8125.33,430.0,Критический сервис остановлен,Критическое с риском отказа
23.03,20.11,35.54,54.86,89.5,9845.93,181.0,Некоторые остановлены,Критическое
17.75,26.35,44.76,121.82,45.58,3984.3,91.0,Все работают,Оптимальное
13.19,18.58,29.38,977.34,36.05,1933.9,87.0,Все работают,Оптимальное
7.45,37.35,42.89,538.86,34.82,4043.56,75.0,Все работают,Оптимальное
25.42,35.3,30.98,604.66,38.73,4034.04,46.0,Все работают,Оптимальное
35.97,41.36,44.12,68.19,65.2,8162.5,164.0,Все работают,Хорошее
39.94,23.35,27.97,616.84,10.34,4580.56,32.0,Все работают,Хорошее
15.05,61.17,49.94,59.41,63.85,8675.87,178.0,Все работают,Хорошее
88.24,87.62,106.34,21.51,99.64,336.53,86.0,Некоторые остановлены,Критическое с риском отказа
3.28,2.03,21.57,739.97,47.68,7716.15,90.0,Все работают,Оптимальное
49.38,21.41,97.83,891.67,97.14,6303.69,34.0,Все работают,Критическое
43.63,66.68,28.19,229.49,80.78,6326.14,81.0,Все работают,Хорошее
14.32,0.27,33.4,357.79,45.76,5342.29,50.0,Все работают,Оптимальное
36.57,6.13,85.4,40.29,94.9,9525.51,239.0,Некоторые остановлены,Критическое
9.84,27.21,46.97,824.0,35.93,4470.38,80.0,Все работают,Оптимальное
10.34,83.53,49.58,58.61,53.61,9374.46,148.0,Все работают,Критическое
63.56,83.22,95.87,505.96,91.92,3685.0,54.0,Некоторые остановлены,Критическое
6.18,17.86,42.22,295.59,9.81,6526.29,71.0,Все работают,Оптимальное
39.02,25.04,100.94,41.43,90.31,8183.88,623.0,Все работают,Критическое с риском отказа
46.87,51.65,80.08,46.89,78.03,2147.69,237.0,Все работают,Критическое
36.35,29.88,67.39,921.92,75.71,8308.42,159.0,Все работают,Хорошее
9.39,29.65,36.6,21.81,16.1,9499.3,331.0,Все работают,Критическое
21.61,67.51,45.17,783.19,82.64,8067.97,57.0,Все работают,Хорошее
0.2,0.67,20.51,178.46,16.87,2138.6,77.0,Все работают,Оптимальное
20.52,3.74,63.82,69.1,34.99,8565.86,59.0,Все работают,Хорошее
5.38,0.63,42.57,355.33,47.39,6044.87,94.0,Все работают,Оптимальное
18.16,1.19,34.72,588.79,13.0,6177.34,39.0,Все работают,Оптимальное
10.82,37.72,30.8,201.91,31.42,210.1,71.0,Все работают,Оптимальное
17.16,6.78,28.05,233.83,20.98,2013.6,93.0,Все работают,Оптимальное
9.97,17.61,29.01,369.05,67.81,7742.1,78.0,Все работают,Оптимальное
28.59,53.15,70.47,70.19,16.94,6312.61,91.0,Все работают,Хорошее
23.07,59.41,49.0,53.18,15.54,8445.78,198.0,Все работают,Хорошее
12.48,33.25,57.8,7.84,98.95,8318.91,258.0,Все работают,Критическое с риском отказа
75.48,78.27,98.96,659.38,27.69,9449.58,100.0,Некоторые остановлены,Критическое
10.97,18.3,35.83,642.4,24.64,6509.91,47.0,Все работают,Оптимальное
20.8,16.73,32.69,590.52,9.82,4955.28,92.0,Все работают,Оптимальное
42.47,45.02,94.9,110.08,11.77,8549.73,64.0,Некоторые остановлены,Критическое
46.39,62.08,46.24,321.79,60.57,1679.03,121.0,Все работают,Хорошее
75.97,78.09,82.23,54.07,84.89,9701.43,48.0,Некоторые остановлены,Критическое
47.32,51.26,32.09,37.79,84.25,8868.91,434.0,Некоторые остановлены,Критическое
24.75,49.69,63.68,805.24,85.6,9016.28,425.0,Все работают,Критическое
56.46,91.86,91.36,0.82,75.95,8429.23,30.0,Все работают,Критическое с риском отказа
0.24,39.53,34.33,432.42,21.93,3061.77,38.0,Все работают,Оптимальное
18.48,42.6,42.57,60.55,81.87,5156.96,33.0,Все работают,Хорошее
49.39,15.44,39.14,65.85,65.37,6886.51,169.0,Все работают,Хорошее
17.62,8.63,35.2,7.02,19.42,8511.3,168.0,Критический сервис остановлен,Критическое с риском отказа
51.9,41.74,23.48,692.79,0.89,1310.66,121.0,Все работают,Хорошее
83.14,32.28,56.57,29.85,85.72,9367.69,173.0,Некоторые остановлены,Критическое
25.76,1.84,47.61,588.64,22.53,2170.06,45.0,Все работают,Оптимальное
2.07,30.94,22.59,419.41,51.77,2946.19,99.0,Все работают,Оптимальное
16.25,0.06,23.12,532.67,49.82,7370.2,77.0,Все работают,Оптимальное
47.76,26.5,55.92,77.78,74.77,8074.69,43.0,Все работают,Хорошее
3.62,18.08,45.57,822.99,15.05,729.7,80.0,Все работают,Оптимальное
28.56,42.84,23.64,200.26,89.84,9582.32,102.0,Все работают,Критическое
57.15,71.07,103.36,8.22,98.06,9172.81,135.0,Некоторые остановлены,Критическое с риском отказа
96.47,99.41,101.75,4.19,84.84,9479.68,967.0,Некоторые остановлены,Критическое с риском отказа
17.91,2.34,43.01,172.12,37.36,4605.54,52.0,Все работают,Оптимальное
28.43,33.47,54.39,131.67,36.85,8331.73,73.0,Все работают,Хорошее
25.39,14.94,37.58,376.79,55.43,1393.62,52.0,Все работают,Оптимальное
21.86,91.27,79.55,69.19,97.18,5962.75,70.0,Все работают,Критическое
37.96,14.02,21.44,79.07,83.23,9546.02,58.0,Все работают,Критическое
0.6,2.97,24.83,390.91,30.19,1256.83,56.0,Все работают,Оптимальное
68.92,15.72,78.84,62.83,95.71,9199.67,51.0,Некоторые остановлены,Критическое
23.55,99.47,91.05,1.85,98.37,3517.92,337.0,Все работают,Критическое с риском отказа
24.25,94.27,88.84,78.97,92.45,2390.82,164.0,Некоторые остановлены,Критическое
29.16,1.71,26.06,374.17,27.17,6852.99,96.0,Все работают,Оптимальное
27.75,34.7,46.34,682.4,12.05,4945.96,80.0,Все работают,Оптимальное
0.61,11.21,49.17,356.44,18.86,1503.49,92.0,Все работают,Оптимальное
21.29,63.42,79.34,309.53,83.77,9273.98,181.0,Все работают,Критическое
28.82,13.77,28.55,229.87,45.32,5212.7,90.0,Все работают,Оптимальное
67.57,52.71,61.47,357.97,92.6,4491.66,352.0,Некоторые остановлены,Критическое
55.84,45.65,44.16,70.42,69.82,8906.91,194.0,Все работают,Хорошее
45.22,11.75,68.52,78.41,73.33,3363.78,133.0,Все работают,Хорошее
14.17,34.7,60.33,992.96,84.81,8316.38,241.0,Некоторые остановлены,Критическое
0.14,30.45,37.29,802.39,43.01,3432.2,30.0,Все работают,Оптимальное
82.71,70.45,26.79,53.87,72.51,7587.71,155.0,Некоторые остановлены,Критическое
34.95,46.85,42.02,417.26,61.36,8593.92,32.0,Все работают,Хорошее
33.71,61.06,29.03,36.5,76.28,2261.65,454.0,Все работают,Критическое
38.86,36.41,83.27,10.51,58.47,9149.14,42.0,Все работают,Критическое
31.5,34.09,60.65,863.15,70.15,2629.29,193.0,Все работают,Хорошее
12.01,65.07,95.0,14.52,97.76,3328.22,491.0,Некоторые остановлены,Критическое
25.88,36.82,33.22,682.58,68.45,3462.78,91.0,Все работают,Оптимальное
19.3,34.07,42.54,384.42,35.49,6536.83,86.0,Все работают,Оптимальное
59.42,72.57,63.93,808.44,96.57,9654.6,146.0,Некоторые остановлены,Критическое
51.5,43.42,75.05,66.43,70.69,1123.59,254.0,Некоторые остановлены,Критическое
6.47,4.31,73.17,73.16,79.88,34.7,91.0,Все работают,Хорошее
19.73,82.6,85.47,20.94,76.79,3301.96,480.0,Все работают,Критическое
29.44,28.41,37.48,887.28,56.58,3046.96,55.0,Все работают,Оптимальное
85.18,88.84,44.42,763.02,99.02,9692.94,6.0,Критический сервис остановлен,Критическое с риском отказа
60.39,85.51,118.23,41.05,76.73,9186.98,8.0,Все работают,Критическое с риском отказа
4.83,13.22,24.61,791.77,34.34,6272.25,53.0,Все работают,Оптимальное
6.64,13.24,73.76,53.44,73.61,5460.41,148.0,Все работают,Хорошее
15.43,1.75,35.42,973.9,43.89,6919.61,56.0,Все работают,Оптимальное
21.51,2.93,94.86,33.0,28.53,8433.03,45.0,Некоторые остановлены,Критическое
81.03,78.94,82.25,34.26,75.72,9473.99,269.0,Некоторые остановлены,Критическое
68.94,93.93,23.7,574.18,88.96,9211.74,282.0,Все работают,Критическое
5.44,25.79,40.15,55.92,84.27,8671.3,66.0,Все работают,Хорошее
20.8,32.31,20.14,735.22,58.81,7023.09,75.0,Все работают,Оптимальное
25.25,66.74,42.01,900.74,53.84,4412.75,146.0,Все работают,Хорошее
73.94,14.55,45.44,63.39,99.13,9735.92,520.0,Все работают,Критическое с риском отказа
1.28,15.52,21.2,727.44,58.44,3013.28,39.0,Все работают,Оптимальное
98.17,97.43,110.04,54.97,14.81,2897.78,83.0,Некоторые остановлены,Критическое с риском отказа
47.72,47.31,24.04,131.44,77.75,8878.51,127.0,Все работают,Хорошее
36.58,63.84,25.03,67.9,26.47,132.5,177.0,Все работают,Хорошее
2.8,35.88,31.11,291.13,24.54,1071.06,40.0,Все работают,Оптимальное
17.34,15.0,32.27,471.99,59.85,4895.05,82.0,Все работают,Оптимальное
47.33,65.65,33.4,277.3,82.01,3112.83,48.0,Все работают,Хорошее
7.89,85.23,112.28,7.12,44.82,8201.71,217.0,Все работают,Критическое с риском отказа
29.27,31.19,60.14,757.97,38.47,9347.48,177.0,Все работают,Критическое
5.25,20.13,95.07,37.77,99.13,7689.91,959.0,Все работают,Критическое с риском отказа
20.31,32.01,35.5,308.4,47.16,4436.41,70.0,Все работают,Оптимальное
44.97,62.06,104.14,75.09,95.13,5406.5,8.0,Все работают,Критическое с риском отказа
44.72,46.66,35.77,78.19,27.56,8457.2,70.0,Все работают,Хорошее
69.76,74.68,56.74,24.64,73.16,9365.08,343.0,Все работают,Критическое
24.12,45.88,44.17,62.65,54.97,8562.14,42.0,Все работают,Хорошее
13.5,14.44,20.6,877.98,40.38,2840.87,40.0,Все работают,Оптимальное
12.65,42.37,55.71,71.31,83.32,8413.99,46.0,Все работают,Хорошее
5.01,2.55,100.53,1.04,79.82,8229.36,726.0,Все работают,Критическое с риском отказа
19.91,54.02,63.71,623.56,77.85,8481.65,86.0,Все работают,Хорошее
30.0,11.47,67.19,58.99,78.96,1508.57,131.0,Все работают,Хорошее
42.67,11.39,85.32,17.3,79.55,9272.13,296.0,Все работают,Критическое
29.17,5.0,26.98,534.09,21.81,3709.48,40.0,Все работают,Оптимальное
5.45,33.13,31.54,758.61,32.26,3782.6,71.0,Все работают,Оптимальное
49.16,79.01,49.2,378.55,40.93,8008.93,49.0,Все работают,Критическое
27.93,14.22,23.77,983.14,51.32,2865.34,35.0,Все работают,Оптимальное
65.69,12.95,71.69,12.76,90.84,8454.08,294.0,Все работают,Критическое
49.75,74.75,94.14,34.52,79.61,4185.6,46.0,Все работают,Критическое
0.95,21.03,30.99,935.79,64.99,6408.16,83.0,Все работают,Оптимальное
75.87,90.86,48.82,747.16,87.46,9570.03,43.0,Некоторые остановлены,Критическое
23.77,82.62,88.35,47.34,82.67,8826.15,323.0,Некоторые остановлены,Критическое
43.42,61.79,62.94,59.01,73.22,8771.52,112.0,Все работают,Хорошее
56.69,10.25,52.3,72.03,72.59,298.97,199.0,Все работают,Хорошее
56.09,25.36,57.62,576.74,35.17,404.16,157.0,Все работают,Хорошее
10.09,56.44,59.96,72.86,77.32,1938.52,199.0,Все работают,Хорошее
12.71,74.76,69.24,646.92,76.61,5482.87,44.0,Некоторые остановлены,Критическое
10.3,18.0,29.96,582.71,43.61,3012.85,51.0,Все работают,Оптимальное
19.64,15.55,45.93,878.02,16.18,7230.98,53.0,Все работают,Оптимальное
37.42,54.7,30.4,68.76,56.83,8890.4,58.0,Все работают,Хорошее
51.9,47.21,74.26,31.69,78.72,9862.59,852.0,Все работают,Критическое с риском отказа
39.52,12.7,69.14,3.03,95.13,1477.97,318.0,Критический сервис остановлен,Критическое с риском отказа
4.02,87.8,71.3,54.13,2.26,9925.44,195.0,Некоторые остановлены,Критическое
26.01,87.2,60.69,742.58,77.81,8827.01,96.0,Некоторые остановлены,Критическое
95.16,11.65,115.47,16.66,93.97,6639.15,8.0,Все работают,Критическое с риском отказа
39.7,18.15,97.06,378.15,94.34,913.32,110.0,Некоторые остановлены,Критическое
31.32,22.62,79.05,787.62,21.56,9288.78,46.0,Все работают,Критическое
14.93,58.24,55.42,62.3,79.02,7057.34,106.0,Все работают,Хорошее
25.61,36.82,32.51,698.32,52.45,7451.84,71.0,Все работают,Оптимальное
68.78,27.78,63.18,37.83,86.42,9483.66,418.0,Некоторые остановлены,Критическое
15.59,32.32,49.38,102.07,55.97,3312.33,57.0,Все работают,Оптимальное
9.01,89.18,30.24,43.28,89.3,8916.16,91.0,Все работают,Критическое
83.52,99.18,88.88,611.21,99.6,8969.61,373.0,Критический сервис остановлен,Критическое с риском отказа
25.94,61.3,52.17,495.75,77.88,2993.73,199.0,Все работают,Хорошее
57.15,13.6,69.39,836.37,50.72,8713.68,69.0,Все работают,Хорошее
15.62,23.1,29.63,334.52,46.98,1259.97,95.0,Все работают,Оптимальное
58.3,45.14,63.51,106.67,26.85,8426.47,75.0,Все работают,Хорошее
32.79,72.43,61.76,872.21,96.87,8699.61,366.0,Все работают,Критическое
14.36,30.72,32.17,591.66,37.29,1908.6,91.0,Все работают,Оптимальное
17.02,6.92,23.43,379.35,12.33,4786.07,93.0,Все работают,Оптимальное
19.83,15.6,25.87,604.65,50.25,4661.82,67.0,Все работают,Оптимальное
97.03,91.53,32.95,7.12,98.87,3798.97,146.0,Критический сервис остановлен,Критическое с риском отказа
2.15,28.85,39.74,206.24,62.55,3635.15,79.0,Все работают,Оптимальное
25.4,16.43,49.35,184.11,9.95,4135.6,90.0,Все работают,Оптимальное
13.62,52.63,54.19,51.84,78.59,8808.9,92.0,Все работают,Хорошее
48.47,40.43,47.3,420.19,73.92,1446.47,40.0,Все работают,Хорошее
49.82,75.27,76.36,51.58,77.14,8379.8,442.0,Все работают,Критическое
27.82,60.35,47.53,68.31,74.05,5234.75,159.0,Все работают,Хорошее
50.18,16.45,67.14,71.76,70.51,7508.04,45.0,Все работают,Хорошее
7.6,59.16,69.23,54.86,54.4,8332.65,63.0,Все работают,Хорошее
19.36,21.63,38.42,919.6,2.44,6217.9,49.0,Все работают,Оптимальное
27.14,82.88,60.9,31.61,90.0,9121.2,370.0,Некоторые остановлены,Критическое
32.41,62.81,54.42,687.88,83.45,8084.86,117.0,Все работают,Хорошее
1.89,21.36,21.11,390.7,8.27,5928.41,34.0,Все работают,Оптимальное
67.28,70.36,97.62,642.33,95.63,3977.15,232.0,Некоторые остановлены,Критическое
59.28,33.46,37.79,53.62,11.76,8438.66,117.0,Все работают,Хорошее
62.42,37.05,85.41,56.18,91.8,8938.09,292.0,Некоторые остановлены,Критическое
42.56,45.76,45.88,788.7,3.71,5481.95,122.0,Все работают,Хорошее
13.04,1.73,24.74,553.71,50.5,3352.53,44.0,Все работают,Оптимальное
26.74,23.4,24.35,436.34,50.39,1617.69,34.0,Все работают,Оптимальное
5.14,35.46,37.34,458.76,41.41,116.03,61.0,Все работают,Оптимальное
12.53,39.65,35.93,74.29,34.67,5545.28,116.0,Все работают,Хорошее
20.07,28.13,33.91,250.15,49.27,3079.03,67.0,Все работают,Оптимальное
78.61,55.44,97.2,25.32,75.48,4486.07,72.0,Все работают,Критическое
69.61,48.31,30.36,30.06,49.69,9451.98,124.0,Все работают,Критическое
3.28,27.88,24.51,349.72,24.27,2332.13,59.0,Все работают,Оптимальное
43.74,6.87,62.11,54.45,84.34,8711.81,122.0,Все работают,Хорошее
17.24,14.79,39.97,423.08,8.5,7448.55,70.0,Все работают,Оптимальное
74.22,89.99,113.78,1.39,98.62,8445.97,37.0,Все работают,Критическое с риском отказа
2.51,69.28,62.26,46.34,90.17,9369.63,136.0,Все работают,Критическое
21.84,32.15,44.17,208.4,14.54,528.93,30.0,Все работают,Оптимальное
46.67,7.44,63.85,847.82,77.41,8026.84,63.0,Все работают,Хорошее
14.76,4.77,49.83,614.58,60.78,2985.62,50.0,Все работают,Оптимальное
1.59,25.45,21.46,552.76,41.91,6979.55,76.0,Все работают,Оптимальное
75.55,52.36,26.54,43.26,90.43,6550.76,74.0,Все работают,Критическое
21.3,8.89,29.22,982.62,5.44,340.14,95.0,Все работают,Оптимальное
9.05,31.29,25.54,52.72,84.23,8160.56,42.0,Все работают,Хорошее
29.21,36.82,84.16,27.59,87.35,8424.09,408.0,Все работают,Критическое
22.87,22.29,29.84,340.92,15.81,7879.7,38.0,Все работают,Оптимальное
13.14,5.73,42.24,414.61,14.02,1862.96,65.0,Все работают,Оптимальное
50.0,55.34,23.24,64.92,85.39,9830.31,213.0,Все работают,Критическое
18.66,26.44,55.05,65.14,84.29,8990.71,87.0,Все работают,Хорошее
35.31,54.74,41.47,67.07,77.14,3131.08,178.0,Все работают,Хорошее
3.85,32.38,31.42,992.59,3.95,1876.98,38.0,Все работают,Оптимальное
1.12,10.66,49.57,376.63,7.0,3973.85,68.0,Все работают,Оптимальное
7.95,39.85,38.74,624.52,39.65,1677.91,94.0,Все работают,Оптимальное
12.07,86.79,97.02,33.07,18.76,9934.64,467.0,Все работают,Критическое
25.32,65.81,45.38,74.71,48.08,1907.87,33.0,Все работают,Хорошее
36.06,40.87,66.11,799.66,21.97,8900.57,146.0,Все работают,Хорошее
33.36,19.86,37.99,43.29,99.87,854.51,4.0,Критический сервис остановлен,Критическое с риском отказа
16.0,21.83,48.9,517.2,1.48,5525.46,100.0,Все работают,Оптимальное
25.73,67.29,57.52,273.56,44.19,8789.32,199.0,Все работают,Хорошее
86.3,27.94,83.8,28.13,44.9,9630.16,201.0,Все работают,Критическое
4.73,31.71,61.96,239.6,72.98,8367.6,173.0,Все работают,Хорошее
59.22,61.04,60.03,1.49,98.34,9014.11,923.0,Критический сервис остановлен,Критическое с риском отказа
8.64,5.21,49.86,748.57,12.63,2321.54,87.0,Все работают,Оптимальное
14.07,60.61,68.4,52.86,23.3,7265.81,62.0,Все работают,Хорошее
29.04,10.41,46.34,371.93,18.23,7828.13,65.0,Все работают,Оптимальное
13.07,29.47,36.67,253.81,16.09,2081.79,44.0,Все работают,Оптимальное
33.37,13.98,25.42,598.19,36.82,7363.31,42.0,Все работают,Хорошее
17.71,33.48,22.43,658.09,23.06,2599.32,36.0,Все работают,Оптимальное
62.78,74.45,50.51,437.42,79.71,9120.6,194.0,Все работают,Критическое
44.69,54.29,68.91,63.02,70.61,8676.44,97.0,Все работают,Хорошее
34.46,60.53,63.08,66.53,35.75,8464.66,132.0,Все работают,Хорошее
25.29,16.65,37.62,653.91,67.67,1480.7,85.0,Все работают,Оптимальное
19.67,27.67,38.55,820.27,9.46,6527.75,56.0,Все работают,Оптимальное
62.58,54.22,24.98,966.76,82.9,9201.34,226.0,Все работают,Критическое
22.11,19.5,26.96,468.24,18.75,935.53,87.0,Все работают,Оптимальное
13.14,36.87,46.5,963.02,55.98,2259.66,46.0,Все работают,Оптимальное
28.29,9.39,30.76,702.77,56.48,911.75,58.0,Все работают,Оптимальное
23.1,34.14,47.8,965.64,54.72,6588.88,51.0,Все работают,Оптимальное
82.86,98.66,39.41,14.92,84.54,6678.51,646.0,Все работают,Критическое с риском отказа
4.55,5.52,47.54,948.24,53.91,2706.43,51.0,Все работают,Оптимальное
57.08,16.77,72.73,908.19,31.23,5579.77,138.0,Все работают,Хорошее
6.41,62.71,20.84,74.97,84.8,6732.67,180.0,Все работают,Хорошее
17.17,18.13,30.51,737.2,22.95,3634.48,82.0,Все работают,Оптимальное
13.38,23.53,46.16,996.79,57.67,3878.12,95.0,Все работают,Оптимальное
58.32,58.05,53.02,65.68,21.34,8293.98,48.0,Все работают,Хорошее
65.49,95.61,101.35,522.68,96.7,8834.46,164.0,Критический сервис остановлен,Критическое с риском отказа
62.68,79.68,83.47,757.04,96.26,9571.99,487.0,Некоторые остановлены,Критическое
28.72,88.76,78.01,48.5,73.68,9084.65,405.0,Некоторые остановлены,Критическое
43.11,65.79,56.43,578.44,72.74,2454.35,107.0,Все работают,Хорошее
11.7,16.51,31.27,266.35,35.6,2154.3,100.0,Все работают,Оптимальное
8.07,30.52,37.05,75.39,26.13,4300.29,171.0,Все работают,Хорошее
0.02,23.91,45.27,121.85,6.28,5800.59,56.0,Все работают,Оптимальное
68.19,75.27,100.32,68.26,47.09,8762.47,98.0,Все работают,Критическое с риском отказа
41.6,73.12,61.11,777.75,87.49,9808.41,93.0,Все работают,Критическое
29.53,34.8,36.55,140.13,8.92,1534.81,88.0,Все работают,Оптимальное
72.98,43.65,87.39,45.35,19.46,8316.24,142.0,Все работают,Критическое
99.17,95.82,90.65,521.57,58.84,3788.61,370.0,Все работают,Критическое с риском отказа
17.37,36.67,72.25,41.31,3.84,9065.79,486.0,Некоторые остановлены,Критическое
18.52,34.58,31.52,392.45,36.2,821.52,54.0,Все работают,Оптимальное
37.29,5.11,57.78,511.96,75.53,458.54,74.0,Все работают,Хорошее
40.25,98.0,90.4,1.62,98.99,5545.76,819.0,Все работают,Критическое с риском отказа
42.01,0.4,63.87,485.18,84.63,8197.82,63.0,Все работают,Хорошее
0.64,40.63,84.47,23.54,31.93,8660.91,233.0,Все работают,Критическое
45.98,96.59,118.42,73.69,85.69,8851.5,1.0,Критический сервис остановлен,Критическое с риском отказа
15.57,28.5,34.21,270.62,60.42,2447.99,50.0,Все работают,Оптимальное
13.34,57.52,62.81,63.53,75.51,8273.02,86.0,Все работают,Хорошее
25.28,89.65,23.56,66.38,80.13,9302.72,297.0,Некоторые остановлены,Критическое
83.1,89.58,116.44,681.76,73.41,9474.44,674.0,Критический сервис остановлен,Критическое с риском отказа
6.29,14.99,48.3,539.82,15.78,6102.73,32.0,Все работают,Оптимальное
6.13,21.38,23.26,165.78,2.24,214.71,79.0,Все работают,Оптимальное
11.06,6.87,24.71,573.54,27.23,6963.59,90.0,Все работают,Оптимальное
30.22,2.56,63.15,63.88,20.15,8700.32,178.0,Все работают,Хорошее
41.54,15.74,55.99,891.95,80.47,3290.23,39.0,Все работают,Хорошее
45.18,42.2,59.53,61.9,8.03,5362.36,159.0,Все работают,Хорошее
44.12,45.12,25.32,66.04,71.16,1227.97,127.0,Все работают,Хорошее
41.72,41.57,43.17,424.67,6.4,8989.29,187.0,Все работают,Хорошее
97.24,20.5,89.05,78.03,98.24,2852.61,151.0,Некоторые остановлены,Критическое с риском отказа
19.74,41.32,29.05,71.38,67.13,8677.9,52.0,Все работают,Хорошее
93.35,97.56,55.82,297.48,99.24,2996.19,603.0,Все работают,Критическое с риском отказа
27.7,5.37,35.63,770.51,23.99,7253.06,78.0,Все работают,Оптимальное
56.1,2.08,23.77,297.41,50.75,8721.67,52.0,Все работают,Хорошее
25.87,38.04,31.33,468.88,57.37,6095.43,68.0,Все работают,Оптимальное
43.91,51.25,51.8,260.06,0.9,8404.56,195.0,Все работают,Хорошее
59.77,51.54,42.89,65.29,80.45,8735.66,34.0,Все работают,Хорошее
58.33,9.9,75.31,445.85,91.74,1326.59,188.0,Все работают,Критическое
19.09,48.07,40.97,831.08,4.89,8654.52,121.0,Все работают,Хорошее
5.46,22.68,25.57,824.44,68.81,5014.7,40.0,Все работают,Оптимальное
0.89,19.41,21.83,169.09,75.63,8473.23,143.0,Все работают,Хорошее
49.95,99.88,75.08,0.26,66.57,3615.34,838.0,Критический сервис остановлен,Критическое с риском отказа
26.2,9.34,42.18,473.68,51.4,4857.39,46.0,Все работают,Оптимальное
28.65,9.73,23.16,934.68,53.64,5327.46,98.0,Все работают,Оптимальное
19.32,26.16,26.71,160.67,51.84,5956.94,46.0,Все работают,Оптимальное
31.86,39.19,69.94,178.06,22.11,8499.83,176.0,Все работают,Хорошее
69.27,76.84,90.78,348.18,84.72,8827.88,36.0,Все работают,Критическое
89.73,78.44,99.76,52.15,88.67,778.56,190.0,Все работают,Критическое
38.73,8.73,93.38,747.88,93.82,7603.19,107.0,Все работают,Критическое
29.41,97.97,56.13,444.91,93.49,8777.73,823.0,Критический сервис остановлен,Критическое с риском отказа
14.68,0.92,40.81,433.24,40.0,507.99,32.0,Все работают,Оптимальное
5.42,0.21,23.69,680.43,59.6,7839.43,99.0,Все работают,Оптимальное
9.02,73.5,110.45,37.52,2.57,6848.68,2.0,Все работают,Критическое с риском отказа
7.82,18.24,48.21,144.91,50.01,6572.54,85.0,Все работают,Оптимальное
3.74,98.42,106.59,916.51,96.3,78.91,6.0,Все работают,Критическое с риском отказа
15.87,24.3,29.54,397.56,33.38,75.98,48.0,Все работают,Оптимальное
21.2,39.45,28.27,360.77,28.46,6761.96,60.0,Все работают,Оптимальное
54.25,68.86,61.99,92.79,49.99,8994.22,51.0,Все работают,Хорошее
12.68,14.93,30.14,346.86,18.53,1739.71,89.0,Все работают,Оптимальное
40.62,35.61,30.64,532.68,28.75,8155.63,160.0,Все работают,Хорошее
46.09,69.68,53.5,60.78,13.27,8133.68,104.0,Все работают,Хорошее
72.63,96.62,102.63,196.03,94.98,5426.48,719.0,Все работают,Критическое с риском отказа
52.83,29.17,28.43,994.72,79.99,8473.89,54.0,Все работают,Хорошее
29.71,0.71,45.93,562.97,23.53,4078.91,68.0,Все работают,Оптимальное
39.6,1.64,26.36,77.25,12.94,8363.58,112.0,Все работают,Хорошее
19.51,3.49,38.89,619.64,49.33,599.04,90.0,Все работают,Оптимальное
26.75,17.94,22.03,561.86,41.94,363.56,80.0,Все работают,Оптимальное
18.22,0.14,46.37,359.14,49.58,1791.44,67.0,Все работают,Оптимальное
56.2,39.58,110.69,662.07,86.08,9722.08,666.0,Все работают,Критическое с риском отказа
65.3,28.9,98.64,44.8,95.62,2150.35,279.0,Все работают,Критическое
57.07,7.26,25.67,69.43,11.4,5498.93,235.0,Все работают,Критическое
51.73,24.13,50.52,201.6,9.98,7660.94,40.0,Все работают,Хорошее
9.95,2.24,20.64,581.07,9.93,1813.4,75.0,Все работают,Оптимальное
5.09,4.07,22.29,411.65,42.32,4243.85,84.0,Все работают,Оптимальное
38.13,67.99,45.85,374.64,76.7,8113.16,118.0,Все работают,Хорошее
93.19,97.41,102.76,62.56,99.06,668.94,1.0,Все работают,Критическое с риском отказа
16.75,2.38,45.46,503.56,14.75,5975.96,78.0,Все работают,Оптимальное
25.12,40.91,51.97,603.65,81.48,8748.11,152.0,Все работают,Хорошее
63.34,24.17,20.33,66.62,80.64,8271.83,46.0,Некоторые остановлены,Критическое
41.77,19.1,54.12,55.84,5.45,8239.53,38.0,Все работают,Хорошее
19.15,10.77,89.09,51.44,97.27,6013.44,140.0,Все работают,Критическое
12.22,0.95,111.73,228.33,99.77,7075.22,2.0,Некоторые остановлены,Критическое с риском отказа
48.7,66.72,80.98,48.32,86.27,9142.62,163.0,Все работают,Критическое
8.4,3.57,27.74,782.09,45.52,7773.45,76.0,Все работают,Оптимальное
45.37,42.5,62.65,68.62,48.98,6824.48,120.0,Все работают,Хорошее
13.98,3.43,43.05,382.42,69.75,5618.33,65.0,Все работают,Оптимальное
19.21,39.51,21.87,980.28,14.8,2158.78,48.0,Все работают,Оптимальное
45.74,64.92,30.26,55.96,77.22,2837.54,171.0,Все работают,Хорошее
30.43,54.98,77.84,20.51,97.85,5111.33,218.0,Все работают,Критическое
40.44,14.81,50.4,70.98,76.16,8523.17,122.0,Все работают,Хорошее
38.55,61.06,74.88,677.65,77.45,4026.89,83.0,Все работают,Хорошее
25.69,38.7,72.7,10.3,77.61,8307.4,323.0,Все работают,Критическое
23.72,6.82,36.67,646.97,56.09,7515.13,81.0,Все работают,Оптимальное
18.94,65.29,73.72,165.8,79.43,4944.8,33.0,Все работают,Хорошее
19.58,7.75,43.11,156.33,44.69,8110.93,48.0,Все работают,Хорошее
94.94,79.77,108.27,2.1,99.78,9808.55,101.0,Все работают,Критическое с риском отказа
29.85,20.87,25.79,556.56,60.68,7188.58,47.0,Все работают,Оптимальное
44.45,28.32,86.68,65.38,73.75,7694.97,51.0,Все работают,Критическое
54.48,17.17,72.45,233.87,41.08,8398.31,71.0,Все работают,Хорошее
6.46,44.35,50.24,38.67,39.72,9898.74,397.0,Все работают,Критическое
47.22,60.46,70.33,125.69,70.7,8119.26,176.0,Все работают,Хорошее
0.54,11.37,46.87,673.19,6.66,2197.39,40.0,Все работают,Оптимальное
44.8,37.51,26.72,176.72,73.4,5792.86,168.0,Все работают,Хорошее
1.44,10.55,40.96,190.31,52.71,5345.88,92.0,Все работают,Оптимальное
7.91,50.59,40.85,135.45,32.77,8487.65,175.0,Некоторые остановлены,Критическое
79.66,92.85,31.57,73.4,85.89,8686.27,275.0,Все работают,Критическое
5.61,26.48,56.64,24.18,27.78,8053.16,112.0,Все работают,Критическое
5.68,21.18,52.73,962.25,3.72,1910.14,341.0,Все работают,Критическое
14.86,63.57,67.65,52.83,82.79,2520.9,53.0,Все работают,Хорошее
12.84,38.97,40.38,971.98,61.13,361.41,59.0,Все работают,Оптимальное
43.58,94.74,56.34,74.83,83.37,9112.76,275.0,Все работают,Критическое
30.93,78.99,79.85,78.96,97.84,9265.31,369.0,Все работают,Критическое
61.23,80.84,111.33,14.41,64.91,5447.38,355.0,Критический сервис остановлен,Критическое с риском отказа
1.23,2.13,32.91,311.32,61.51,5705.58,85.0,Все работают,Оптимальное
24.35,15.96,47.61,598.8,47.83,1085.53,69.0,Все работают,Оптимальное
23.47,5.54,35.11,405.86,67.3,7300.47,41.0,Все работают,Оптимальное
3.82,62.66,60.07,822.88,82.59,2161.4,42.0,Все работают,Хорошее
82.21,87.54,89.05,56.71,88.91,8805.62,258.0,Все работают,Критическое
6.13,0.99,21.67,452.19,58.92,6874.51,48.0,Все работают,Оптимальное
14.28,26.7,40.03,434.96,29.18,223.77,79.0,Все работают,Оптимальное
28.88,11.08,35.02,910.35,12.21,5247.47,47.0,Все работают,Оптимальное
57.48,79.41,64.4,15.18,92.66,9584.49,105.0,Все работают,Критическое
9.71,39.25,46.99,775.35,4.33,299.35,77.0,Все работают,Оптимальное
29.67,10.1,26.76,828.73,40.75,265.91,76.0,Все работают,Оптимальное
50.47,45.7,35.03,74.05,79.38,1017.54,115.0,Все работают,Хорошее
24.64,15.62,46.17,148.79,27.95,4367.53,63.0,Все работают,Оптимальное
26.64,8.17,27.07,398.18,66.49,7572.81,43.0,Все работают,Оптимальное
39.1,37.25,36.03,66.57,53.6,8429.72,114.0,Все работают,Хорошее
70.29,9.28,104.54,883.4,71.15,1444.75,74.0,Все работают,Критическое с риском отказа
19.7,37.53,41.16,488.06,54.61,4214.75,70.0,Все работают,Оптимальное
32.35,12.2,31.17,979.68,84.3,6690.6,135.0,Все работают,Хорошее
25.64,82.38,61.1,428.98,91.92,9031.31,177.0,Все работают,Критическое
21.77,91.64,95.18,48.1,96.16,9423.84,283.0,Все работают,Критическое
8.42,72.14,30.13,11.54,74.03,8124.31,335.0,Все работают,Критическое
1.11,59.13,21.76,905.28,76.61,8259.54,129.0,Все работают,Хорошее
3.43,27.38,21.26,955.57,1.13,4804.63,39.0,Все работают,Оптимальное
17.11,59.26,50.62,60.05,77.06,8160.31,49.0,Все работают,Хорошее
41.37,15.24,48.76,575.85,42.5,8316.94,61.0,Все работают,Хорошее
9.44,17.8,51.99,46.59,92.87,9786.3,98.0,Все работают,Критическое
83.88,43.54,85.53,662.02,61.35,966.31,195.0,Все работают,Критическое
96.9,20.6,107.09,7.12,62.82,8994.13,75.0,Критический сервис остановлен,Критическое с риском отказа
92.89,98.67,46.87,25.17,99.02,9944.77,3.0,Некоторые остановлены,Критическое с риском отказа
41.52,1.68,35.57,60.42,20.15,8223.63,136.0,Все работают,Хорошее
62.88,57.95,20.2,266.89,99.04,8918.0,7.0,Критический сервис остановлен,Критическое с риском отказа
29.05,29.09,24.7,497.19,62.46,803.51,34.0,Все работают,Оптимальное
7.96,32.55,23.95,82.94,39.04,310.5,78.0,Все работают,Оптимальное
56.25,63.9,64.95,52.9,29.37,8247.4,122.0,Все работают,Хорошее
81.14,58.03,75.72,76.69,78.43,9261.61,150.0,Все работают,Критическое
44.57,25.45,33.43,573.13,9.05,6419.3,75.0,Все работают,Хорошее
25.14,48.71,29.95,944.81,52.86,8501.5,120.0,Все работают,Хорошее
22.5,5.25,22.3,98.54,51.51,6651.77,84.0,Все работают,Оптимальное
29.08,11.65,49.01,524.68,1.2,7611.66,58.0,Все работают,Оптимальное
46.89,78.31,77.38,875.64,71.26,8523.41,230.0,Некоторые остановлены,Критическое
1.1,10.73,36.37,376.09,36.01,3405.62,46.0,Все работают,Оптимальное
13.13,41.17,54.27,72.47,70.14,7965.95,178.0,Все работают,Хорошее
14.16,37.08,35.73,89.04,10.52,2494.72,42.0,Все работают,Оптимальное
10.51,25.15,28.53,417.89,39.28,4741.11,65.0,Все работают,Оптимальное
9.9,38.67,25.04,164.03,11.54,622.3,95.0,Все работают,Оптимальное
37.22,63.22,83.87,31.23,97.42,9711.35,162.0,Некоторые остановлены,Критическое
65.34,63.12,55.34,25.3,13.71,8005.61,368.0,Все работают,Критическое
1.01,79.96,90.63,997.45,98.98,8038.19,52.0,Все работают,Критическое с риском отказа
19.12,49.43,66.38,850.29,83.59,8940.55,185.0,Все работают,Хорошее
5.18,24.34,25.19,331.86,23.9,705.3,41.0,Все работают,Оптимальное
53.66,18.41,45.12,365.65,72.67,3311.86,55.0,Все работают,Хорошее
14.7,30.89,21.1,574.91,24.28,2737.45,95.0,Все работают,Оптимальное
27.66,5.59,36.91,725.19,11.11,2693.37,75.0,Все работают,Оптимальное
24.28,29.24,45.02,632.87,21.01,3367.89,33.0,Все работают,Оптимальное
33.9,94.26,95.04,1.65,99.32,2410.26,60.0,Все работают,Критическое с риском отказа
0.15,4.0,47.38,844.84,27.13,3199.07,84.0,Все работают,Оптимальное
56.57,14.77,65.26,69.37,13.16,3483.21,183.0,Все работают,Хорошее
1.04,6.54,44.19,683.4,56.25,2552.21,31.0,Все работают,Оптимальное
42.75,20.08,71.1,73.56,83.05,55.65,165.0,Все работают,Хорошее
26.04,2.0,32.77,579.33,20.53,3574.16,44.0,Все работают,Оптимальное
2.52,29.07,72.32,70.67,2.84,8038.29,148.0,Все работают,Хорошее
72.02,61.65,48.95,79.85,75.61,8760.72,640.0,Все работают,Критическое с риском отказа
57.29,40.15,43.46,325.69,73.32,1768.46,175.0,Все работают,Хорошее
10.22,44.55,63.31,315.24,44.2,8207.55,137.0,Все работают,Хорошее
18.75,22.6,68.78,79.69,75.68,3166.0,67.0,Все работают,Хорошее
93.52,67.01,94.26,542.12,99.72,8286.28,2.0,Критический сервис остановлен,Критическое с риском отказа
20.5,23.21,32.31,207.49,66.18,4878.5,41.0,Все работают,Оптимальное
85.51,14.76,34.17,22.91,83.42,3673.54,323.0,Все работают,Критическое
37.35,40.21,46.01,52.11,83.25,3508.17,80.0,Все работают,Хорошее
33.11,61.66,66.41,811.91,6.8,7193.56,196.0,Все работают,Хорошее
50.99,62.84,20.78,71.41,78.51,8713.08,195.0,Все работают,Хорошее
19.1,23.33,27.78,648.98,68.07,4186.7,51.0,Все работают,Оптимальное
10.27,46.73,66.25,63.78,51.9,8398.49,142.0,Все работают,Хорошее
17.0,47.34,26.85,51.21,71.37,7249.13,37.0,Все работают,Хорошее
16.11,31.6,34.35,517.95,41.88,4653.71,54.0,Все работают,Оптимальное
94.93,55.22,119.03,44.69,74.13,9625.92,92.0,Все работают,Критическое с риском отказа
91.63,26.92,30.27,73.36,98.43,9320.02,10.0,Некоторые остановлены,Критическое с риском отказа
35.76,65.57,58.14,73.39,83.99,8370.79,193.0,Все работают,Хорошее
30.17,69.06,74.37,74.56,46.34,8832.55,141.0,Все работают,Хорошее
25.69,9.73,48.24,955.88,48.15,2241.14,42.0,Все работают,Оптимальное
3.33,12.98,46.22,596.89,22.95,4453.4,47.0,Все работают,Оптимальное
91.84,97.3,103.98,34.14,8.34,8396.31,8.0,Все работают,Критическое с риском отказа
23.7,22.99,36.96,814.7,42.7,6136.92,65.0,Все работают,Оптимальное
32.19,83.19,108.03,34.95,98.02,8150.49,9.0,Некоторые остановлены,Критическое с риском отказа
86.8,74.72,29.25,11.05,95.13,9954.66,129.0,Некоторые остановлены,Критическое
6.99,1.09,23.69,488.44,3.45,1589.1,41.0,Все работают,Оптимальное
22.22,16.61,43.99,519.74,1.13,3202.47,76.0,Все работают,Оптимальное
19.51,40.48,51.13,599.41,77.78,6098.3,67.0,Все работают,Хорошее
28.09,14.6,20.9,451.36,79.33,2652.66,217.0,Некоторые остановлены,Критическое
97.63,43.0,77.3,971.23,99.71,9134.41,90.0,Критический сервис остановлен,Критическое с риском отказа
14.78,8.77,26.77,739.89,17.48,1477.01,89.0,Все работают,Оптимальное
22.44,31.77,24.29,228.93,40.05,6861.44,87.0,Все работают,Оптимальное
19.66,69.9,30.23,69.9,70.95,8642.29,59.0,Все работают,Хорошее
63.79,77.68,74.16,25.9,86.84,9775.91,97.0,Некоторые остановлены,Критическое
46.18,6.35,45.3,869.63,84.39,8389.77,159.0,Все работают,Хорошее
7.54,75.22,76.48,54.31,94.94,6290.5,400.0,Некоторые остановлены,Критическое
28.9,35.71,26.17,779.74,36.44,6173.26,86.0,Все работают,Оптимальное
26.41,68.48,45.14,68.81,83.14,8224.63,76.0,Все работают,Хорошее
94.22,33.69,91.01,36.68,86.08,1941.95,613.0,Критический сервис остановлен,Критическое с риском отказа
1.26,23.03,30.82,740.83,45.3,4586.76,85.0,Все работают,Оптимальное
2.96,29.16,30.76,975.69,31.22,3665.64,56.0,Все работают,Оптимальное
40.01,77.91,77.53,35.58,79.59,8264.68,379.0,Все работают,Критическое
39.68,23.27,84.95,165.89,98.29,8396.76,4.0,Критический сервис остановлен,Критическое с риском отказа
7.38,1.05,27.36,485.13,0.87,6860.25,83.0,Все работают,Оптимальное
21.2,17.25,29.6,961.44,60.2,772.97,98.0,Все работают,Оптимальное
81.53,81.63,86.51,29.89,84.3,4479.67,377.0,Все работают,Критическое
17.09,17.23,26.46,575.32,16.28,1153.86,36.0,Все работают,Оптимальное
75.89,88.31,45.07,750.37,71.41,8804.91,117.0,Все работают,Критическое
26.37,7.38,26.8,495.59,1.43,7856.08,42.0,Все работают,Оптимальное
9.81,90.0,98.89,55.45,99.95,4797.75,190.0,Все работают,Критическое с риском отказа
28.06,37.4,40.49,46.01,79.05,9937.82,429.0,Некоторые остановлены,Критическое
40.97,94.01,69.85,133.93,82.72,7294.94,479.0,Некоторые остановлены,Критическое
8.79,17.41,34.71,375.79,21.41,4220.4,41.0,Все работают,Оптимальное
61.42,45.65,95.59,39.54,91.61,9910.66,53.0,Все работают,Критическое
17.13,36.88,47.73,912.04,69.1,7340.67,49.0,Все работают,Оптимальное
36.15,60.71,59.43,313.15,79.4,8696.0,184.0,Все работают,Хорошее
2.0,45.02,57.12,75.67,81.41,8950.21,116.0,Все работают,Хорошее
24.99,42.51,33.08,72.15,79.94,5799.28,49.0,Все работают,Хорошее
99.02,15.2,110.11,68.82,85.33,8843.42,273.0,Некоторые остановлены,Критическое с риском отказа
18.56,28.96,21.15,85.43,56.96,6097.41,32.0,Все работают,Оптимальное
20.49,39.21,47.58,573.54,10.11,7993.12,77.0,Все работают,Оптимальное
12.31,94.69,96.0,78.26,76.91,8952.37,143.0,Все работают,Критическое
21.38,36.01,39.32,441.4,38.0,7237.41,55.0,Все работают,Оптимальное
35.41,60.82,64.18,984.94,40.25,3290.32,194.0,Все работают,Хорошее
23.61,0.35,45.58,266.77,21.53,4985.85,90.0,Все работают,Оптимальное
4.9,21.29,36.85,714.77,46.47,776.55,78.0,Все работают,Оптимальное
57.93,35.76,72.14,143.38,47.42,7943.17,67.0,Все работают,Хорошее
29.75,45.76,62.24,677.45,76.73,8040.46,142.0,Все работают,Хорошее
9.08,15.2,40.91,818.89,49.51,5752.94,66.0,Все работают,Оптимальное
25.84,32.43,22.23,16.16,82.96,5892.03,945.0,Все работают,Критическое с риском отказа
48.38,7.98,22.75,478.33,3.5,2563.24,55.0,Все работают,Хорошее
51.95,7.4,51.99,212.38,49.2,1496.38,120.0,Все работают,Хорошее
7.53,55.92,68.86,137.76,83.54,639.61,195.0,Все работают,Хорошее
21.81,50.74,62.49,66.38,41.11,8690.86,159.0,Все работают,Хорошее
34.26,68.49,31.44,416.45,72.27,758.77,119.0,Все работают,Хорошее
11.77,9.11,32.99,971.57,67.3,5648.19,60.0,Все работают,Оптимальное
48.95,60.52,64.98,71.74,39.57,8017.71,131.0,Все работают,Хорошее
83.6,84.43,72.55,71.24,95.57,9488.59,140.0,Некоторые остановлены,Критическое
45.88,42.01,69.44,60.91,17.26,2849.35,200.0,Все работают,Хорошее
28.73,29.34,27.45,71.02,18.27,8296.1,40.0,Все работают,Хорошее
46.66,88.96,98.42,55.93,88.7,9322.8,36.0,Все работают,Критическое
48.87,45.34,29.72,744.95,4.47,8139.91,60.0,Все работают,Хорошее
10.31,16.02,110.49,5.48,31.39,1819.17,36.0,Все работают,Критическое с риском отказа
28.63,12.92,35.31,532.85,2.81,1836.05,74.0,Все работают,Оптимальное
34.57,10.63,62.77,773.84,72.94,8119.17,103.0,Все работают,Хорошее
24.14,8.01,46.6,506.68,15.18,98.88,56.0,Все работают,Оптимальное
57.62,63.85,76.94,864.47,96.14,8303.45,112.0,Некоторые остановлены,Критическое
32.28,48.92,29.06,63.71,64.36,1396.65,60.0,Все работают,Хорошее
6.46,1.2,44.91,975.07,67.16,5750.97,33.0,Все работают,Оптимальное
54.31,99.37,115.84,414.91,95.67,9373.27,364.0,Некоторые остановлены,Критическое с риском отказа
29.51,32.57,30.81,633.98,64.73,6029.63,35.0,Все работают,Оптимальное
24.74,64.7,74.76,609.43,81.1,8116.92,166.0,Все работают,Хорошее
19.21,65.03,46.8,212.81,16.93,8825.23,124.0,Все работают,Хорошее
24.83,2.68,32.66,89.72,27.14,3428.19,92.0,Все работают,Оптимальное
21.02,16.91,49.84,965.75,17.65,1963.12,78.0,Все работают,Оптимальное
9.29,58.41,40.51,143.57,19.23,8253.2,52.0,Все работают,Хорошее
18.03,27.47,25.97,85.24,3.07,2720.56,86.0,Все работают,Оптимальное
14.88,28.34,39.04,515.77,39.01,521.4,90.0,Все работают,Оптимальное
4.86,98.32,111.15,9.71,71.74,1619.58,400.0,Все работают,Критическое с риском отказа
15.74,12.13,47.62,253.57,33.51,3102.86,46.0,Все работают,Оптимальное
18.81,65.19,70.7,72.57,54.64,5373.25,157.0,Все работают,Хорошее
17.97,63.19,60.43,791.08,19.42,8650.17,138.0,Все работают,Хорошее
71.58,81.73,49.26,20.06,83.12,9313.05,172.0,Некоторые остановлены,Критическое
15.53,47.92,69.21,254.77,80.69,8798.03,67.0,Все работают,Хорошее
11.25,61.51,53.66,194.47,70.05,8811.99,158.0,Все работают,Хорошее
18.84,19.05,23.58,412.43,59.3,4387.93,42.0,Все работают,Оптимальное
3.34,17.19,38.55,853.51,38.76,1374.74,99.0,Все работают,Оптимальное
2.87,9.68,47.53,82.91,30.46,1707.1,82.0,Все работают,Оптимальное
16.24,35.27,43.69,99.06,42.46,5627.65,51.0,Все работают,Оптимальное
7.46,15.18,40.59,496.07,40.02,3047.77,87.0,Все работают,Оптимальное
11.0,44.74,45.38,51.44,49.5,8092.38,40.0,Все работают,Хорошее
26.13,16.38,35.62,651.27,38.36,1889.96,38.0,Все работают,Оптимальное
83.37,88.08,88.34,803.96,81.5,9500.91,47.0,Все работают,Критическое
17.22,47.37,67.76,668.93,68.8,2297.62,170.0,Все работают,Хорошее
82.55,97.52,116.1,67.99,99.68,3060.58,212.0,Некоторые остановлены,Критическое с риском отказа
13.07,34.61,31.89,908.46,34.07,2972.54,46.0,Все работают,Оптимальное
11.22,36.38,22.34,835.41,65.38,2819.86,94.0,Все работают,Оптимальное
60.74,98.15,86.21,23.88,89.78,9883.53,890.0,Все работают,Критическое с риском отказа
96.61,98.66,78.56,68.51,87.86,96.92,153.0,Все работают,Критическое с риском отказа
59.71,39.64,96.47,73.61,64.06,913.9,375.0,Некоторые остановлены,Критическое
78.95,60.03,95.15,829.74,91.28,8498.87,226.0,Некоторые остановлены,Критическое
16.65,18.57,40.92,26.51,90.45,8081.13,38.0,Все работают,Критическое
14.2,37.5,27.07,67.65,82.74,8610.57,143.0,Все работают,Хорошее
2.47,44.5,72.41,81.92,9.34,8666.06,51.0,Все работают,Хорошее
24.64,31.58,23.23,845.26,4.55,5147.71,58.0,Все работают,Оптимальное
24.31,48.81,70.17,692.95,32.29,8036.8,48.0,Все работают,Хорошее
20.63,28.75,23.68,903.94,10.96,528.44,79.0,Все работают,Оптимальное
33.99,59.75,46.08,462.54,72.22,4102.28,135.0,Все работают,Хорошее
51.34,40.08,55.28,65.93,53.88,7713.14,105.0,Все работают,Хорошее
27.87,36.92,27.94,694.96,18.58,1774.41,80.0,Все работают,Оптимальное
0.49,30.76,49.67,797.3,39.25,4360.51,84.0,Все работают,Оптимальное
3.9,74.23,60.39,71.87,81.48,8997.89,239.0,Некоторые остановлены,Критическое
1.98,72.83,102.43,4.81,89.63,1411.19,192.0,Критический сервис остановлен,Критическое с риском отказа
4.87,83.05,74.78,23.61,99.59,8807.28,2.0,Все работают,Критическое с риском отказа
85.04,83.94,58.06,77.0,13.17,9017.12,373.0,Все работают,Критическое
91.34,23.72,111.07,35.0,17.22,9293.45,68.0,Критический сервис остановлен,Критическое с риском отказа
10.2,69.25,62.46,26.27,22.94,9869.5,385.0,Все работают,Критическое
86.65,57.47,21.47,42.46,86.31,8311.89,10.0,Критический сервис остановлен,Критическое с риском отказа
2.06,35.66,44.29,323.14,23.38,5046.71,57.0,Все работают,Оптимальное
50.44,54.78,32.89,17.7,89.48,8910.75,131.0,Некоторые остановлены,Критическое
60.04,23.63,92.28,42.58,97.57,5688.55,35.0,Некоторые остановлены,Критическое
28.78,86.3,95.75,178.4,10.11,9868.8,148.0,Некоторые остановлены,Критическое
11.68,19.6,51.22,63.0,54.7,4194.26,44.0,Все работают,Хорошее
14.2,13.91,33.48,966.43,33.62,137.17,79.0,Все работают,Оптимальное
8.15,0.81,46.96,777.12,68.42,1192.77,100.0,Все работают,Оптимальное
21.98,27.84,38.87,168.4,62.32,6862.37,60.0,Все работают,Оптимальное
3.1,16.43,34.01,706.48,15.45,2967.02,31.0,Все работают,Оптимальное
90.93,42.81,76.1,36.29,57.19,7099.75,1.0,Все работают,Критическое с риском отказа
16.69,29.56,25.78,758.48,57.91,1061.03,87.0,Все работают,Оптимальное
25.04,27.52,31.34,424.57,7.6,585.7,85.0,Все работают,Оптимальное
24.86,17.0,29.47,260.57,54.08,7417.98,36.0,Все работают,Оптимальное
15.54,9.62,27.24,563.07,18.28,352.15,126.0,Все работают,Хорошее
78.75,80.55,93.44,54.94,70.45,6202.43,215.0,Все работают,Критическое
14.42,17.56,43.62,989.33,47.05,2086.43,99.0,Все работают,Оптимальное
24.73,55.04,31.38,509.93,0.2,8377.9,146.0,Все работают,Хорошее
4.48,55.35,66.53,74.65,78.29,424.29,82.0,Все работают,Хорошее
63.77,32.08,27.58,45.61,88.4,9962.15,480.0,Все работают,Критическое
51.55,97.64,28.03,54.25,99.45,9407.64,131.0,Критический сервис остановлен,Критическое с риском отказа
9.29,53.86,28.75,60.64,82.99,3226.23,192.0,Все работают,Хорошее
58.78,18.79,60.28,65.39,51.15,8556.09,72.0,Все работают,Хорошее
31.13,9.55,49.09,74.86,83.25,5827.61,41.0,Все работают,Хорошее
7.23,58.93,26.5,79.98,59.84,7345.04,149.0,Все работают,Хорошее
90.11,64.61,30.04,5.5,48.19,8636.83,873.0,Критический сервис остановлен,Критическое с риском отказа
87.5,79.79,78.35,366.33,60.96,9108.86,129.0,Все работают,Критическое
52.7,45.12,38.2,300.93,75.07,2041.18,46.0,Все работают,Хорошее
67.13,53.06,87.98,766.64,84.08,4162.05,79.0,Все работают,Критическое
64.62,49.61,77.5,313.7,70.78,8436.24,92.0,Все работают,Критическое
33.47,63.81,58.57,873.81,76.11,5161.08,43.0,Все работают,Хорошее
75.22,90.08,73.37,49.68,90.24,9766.63,351.0,Некоторые остановлены,Критическое
17.38,13.21,20.64,957.03,7.58,6244.22,37.0,Все работают,Оптимальное
49.21,99.86,25.22,3.1,74.89,9650.19,136.0,Все работают,Критическое с риском отказа
27.07,95.15,64.76,27.37,95.19,8344.72,3.0,Все работают,Критическое с риском отказа
82.99,84.29,45.3,66.24,59.48,8854.64,58.0,Все работают,Критическое
87.22,69.95,35.12,694.85,95.71,7562.75,470.0,Все работают,Критическое
13.59,34.52,39.26,751.58,18.91,3541.56,50.0,Все работают,Оптимальное
96.71,40.58,41.75,9.23,81.54,8397.28,534.0,Все работают,Критическое с риском отказа
28.63,28.6,30.34,180.02,0.74,628.76,78.0,Все работают,Оптимальное
63.97,51.28,33.42,22.28,94.44,382.29,165.0,Все работают,Критическое
13.55,51.95,47.15,77.46,70.21,7025.45,54.0,Все работают,Хорошее
7.02,34.99,45.44,455.75,40.07,7678.14,99.0,Все работают,Оптимальное
51.0,91.52,72.51,44.4,53.52,8084.35,58.0,Некоторые остановлены,Критическое
20.36,31.09,48.11,603.88,5.09,4542.94,98.0,Все работают,Оптимальное
3.81,31.94,49.25,69.45,83.24,8647.27,157.0,Все работают,Хорошее
27.71,17.9,63.48,11.05,88.57,5755.27,453.0,Некоторые остановлены,Критическое
51.56,12.8,62.35,707.04,45.05,414.98,184.0,Все работают,Хорошее
30.92,11.18,45.57,55.48,78.9,8140.35,181.0,Все работают,Хорошее
55.99,13.61,22.39,17.46,94.39,8913.95,121.0,Некоторые остановлены,Критическое
15.89,46.71,31.08,78.55,84.34,8609.88,133.0,Все работают,Хорошее
27.42,6.59,37.46,159.13,27.62,2349.2,71.0,Все работают,Оптимальное
24.53,9.53,33.42,94.77,48.8,7603.09,75.0,Все работают,Оптимальное
48.15,62.73,30.83,450.02,39.02,8058.37,196.0,Все работают,Хорошее
21.18,21.65,41.99,812.87,12.44,7664.04,84.0,Все работают,Оптимальное
1.29,25.57,48.75,815.37,14.58,3844.23,53.0,Все работают,Оптимальное
4.32,17.96,39.29,199.36,20.15,6443.08,99.0,Все работают,Оптимальное
18.2,25.08,31.31,558.02,34.27,2760.06,81.0,Все работают,Оптимальное
13.93,22.48,34.52,873.72,9.97,3059.3,80.0,Все работают,Оптимальное
65.27,87.19,43.62,47.03,97.44,1454.31,82.0,Все работают,Критическое
79.21,9.46,39.6,41.57,89.16,9266.78,89.0,Некоторые остановлены,Критическое
28.26,34.62,25.41,82.47,4.89,1971.91,97.0,Все работают,Оптимальное
3.92,5.39,41.88,239.41,53.27,4852.64,74.0,Все работают,Оптимальное
19.12,63.96,20.52,77.68,95.59,9109.48,50.0,Все работают,Критическое
19.92,7.95,39.61,643.11,40.36,1683.34,44.0,Все работают,Оптимальное
6.22,16.4,21.61,183.69,9.07,967.65,47.0,Все работают,Оптимальное
38.81,97.16,88.4,69.52,86.95,8100.46,485.0,Критический сервис остановлен,Критическое с риском отказа
29.46,51.27,41.02,38.86,56.38,1025.63,1.0,Критический сервис остановлен,Критическое с риском отказа
92.75,97.75,82.67,75.39,96.55,1126.77,6.0,Все работают,Критическое с риском отказа
1.76,36.32,64.11,62.7,75.56,8285.04,62.0,Все работают,Хорошее
43.03,22.2,94.93,11.55,38.77,3189.11,50.0,Все работают,Критическое
33.22,66.05,41.13,55.86,31.71,3695.57,40.0,Все работают,Хорошее
35.98,43.43,20.52,60.47,76.7,8496.17,30.0,Все работают,Хорошее
34.7,99.19,116.46,618.34,80.49,8032.08,412.0,Критический сервис остановлен,Критическое с риском отказа
23.85,23.54,47.42,769.1,38.07,6564.38,70.0,Все работают,Оптимальное
18.32,25.86,47.88,667.77,32.43,6509.32,43.0,Все работают,Оптимальное
38.6,97.43,80.83,63.11,78.74,6456.11,51.0,Критический сервис остановлен,Критическое с риском отказа
24.59,3.56,39.82,167.47,25.86,7179.57,32.0,Все работают,Оптимальное
29.12,96.52,68.95,5.22,99.14,8437.67,37.0,Все работают,Критическое с риском отказа
44.2,33.68,57.49,72.94,35.76,8791.46,171.0,Все работают,Хорошее
79.94,1.73,67.83,73.7,75.32,7196.7,290.0,Все работают,Критическое
40.62,45.45,97.12,38.08,75.76,7484.45,134.0,Все работают,Критическое
16.82,5.69,44.77,579.21,35.18,4276.98,85.0,Все работают,Оптимальное
99.91,97.12,29.0,9.99,25.04,9998.58,113.0,Все работают,Критическое с риском отказа
5.6,36.73,60.02,411.49,77.43,8616.28,140.0,Все работают,Хорошее
12.06,30.22,69.31,626.98,92.11,9866.3,112.0,Все работают,Критическое
25.19,25.06,65.41,720.76,83.95,8688.69,141.0,Все работают,Хорошее
3.72,41.76,104.93,3.51,5.5,9227.07,6.0,Критический сервис остановлен,Критическое с риском отказа
9.83,19.42,20.74,354.82,3.29,5459.27,85.0,Все работают,Оптимальное
0.43,16.94,42.69,605.51,67.53,3401.21,77.0,Все работают,Оптимальное
53.11,71.35,112.07,47.01,11.22,1399.26,431.0,Критический сервис остановлен,Критическое с риском отказа
94.01,79.75,25.31,0.92,97.91,866.78,864.0,Критический сервис остановлен,Критическое с риском отказа
13.32,37.24,24.05,864.52,10.31,427.77,91.0,Все работают,Оптимальное
16.62,39.34,23.84,888.36,70.71,8305.5,136.0,Все работают,Хорошее
4.2,37.39,69.24,37.29,90.86,8242.9,162.0,Все работают,Критическое
26.93,26.2,38.2,840.57,50.03,3092.9,71.0,Все работают,Оптимальное
56.43,34.31,41.45,63.22,82.64,8278.85,133.0,Все работают,Хорошее
14.25,28.18,39.25,301.65,37.56,6431.24,37.0,Все работают,Оптимальное
38.23,47.61,50.91,733.63,9.25,4739.14,60.0,Все работают,Хорошее
93.92,69.5,25.03,830.92,16.1,504.25,736.0,Критический сервис остановлен,Критическое с риском отказа
21.45,21.91,31.18,136.77,65.0,4717.06,65.0,Все работают,Оптимальное
24.96,0.15,45.06,83.23,66.04,6672.73,35.0,Все работают,Оптимальное
92.69,36.2,105.98,727.75,70.02,8100.57,895.0,Критический сервис остановлен,Критическое с риском отказа
53.19,16.79,36.62,54.78,77.92,8472.48,146.0,Все работают,Хорошее
13.61,35.87,23.8,477.08,90.91,9380.14,240.0,Некоторые остановлены,Критическое
23.52,55.31,34.6,70.13,20.78,9784.06,65.0,Все работают,Критическое
64.88,97.56,21.6,7.21,96.91,5448.12,223.0,Некоторые остановлены,Критическое с риском отказа
3.79,64.92,98.45,661.55,28.7,1373.42,90.0,Все работают,Критическое
60.15,20.81,67.22,0.9,98.14,9006.25,74.0,Все работают,Критическое с риском отказа
25.32,12.6,42.43,289.22,57.46,1596.88,39.0,Все работают,Оптимальное
67.69,91.93,89.04,56.81,95.37,9413.2,411.0,Все работают,Критическое
42.4,39.1,44.33,909.56,70.53,8153.73,187.0,Все работают,Хорошее
13.14,34.85,35.9,79.37,70.58,8193.76,68.0,Все работают,Хорошее
57.63,92.88,106.62,831.0,90.12,8352.44,281.0,Все работают,Критическое с риском отказа
76.23,43.21,68.27,45.58,69.77,8094.75,272.0,Все работают,Критическое
61.62,74.2,41.51,59.45,80.24,5334.89,70.0,Некоторые остановлены,Критическое
91.58,95.39,26.44,79.0,93.24,9031.99,452.0,Все работают,Критическое с риском отказа
57.92,86.1,91.66,88.94,84.36,9969.83,304.0,Некоторые остановлены,Критическое
26.35,20.26,22.16,958.98,67.19,2768.87,73.0,Все работают,Оптимальное
12.23,57.08,31.93,52.21,77.16,7968.93,191.0,Все работают,Хорошее
55.86,15.71,68.97,381.84,72.41,8072.88,70.0,Все работают,Хорошее
73.78,95.92,39.84,73.68,96.13,5897.83,83.0,Все работают,Критическое с риском отказа
0.42,15.36,43.84,904.67,23.39,6857.68,41.0,Все работают,Оптимальное
28.6,26.84,46.54,420.44,17.91,5559.22,30.0,Все работают,Оптимальное
21.41,7.56,39.41,404.37,50.6,4524.35,44.0,Все работают,Оптимальное
17.07,45.02,36.68,770.38,77.18,8067.17,165.0,Все работают,Хорошее
55.99,94.89,41.67,50.04,92.17,9536.65,269.0,Некоторые остановлены,Критическое
14.62,26.19,21.98,725.01,8.93,2215.99,46.0,Все работают,Оптимальное
11.19,35.94,62.58,76.59,75.94,2755.47,88.0,Все работают,Хорошее
23.04,59.55,40.48,354.65,40.74,7552.9,61.0,Все работают,Хорошее
17.02,16.79,31.01,75.24,84.31,1870.94,119.0,Все работают,Хорошее
47.44,59.68,59.79,636.29,39.73,8302.3,158.0,Все работают,Хорошее
26.46,11.82,26.49,77.59,97.23,9266.56,251.0,Некоторые остановлены,Критическое
4.43,36.3,27.91,820.6,66.31,5333.68,128.0,Все работают,Хорошее
2.33,16.23,31.09,796.09,34.96,4694.61,55.0,Все работают,Оптимальное
41.6,52.93,51.98,61.1,64.77,8814.77,48.0,Все работают,Хорошее
71.91,43.39,33.6,57.19,88.45,9122.54,185.0,Все работают,Критическое
9.03,8.54,33.58,685.16,7.3,4273.26,97.0,Все работают,Оптимальное
21.9,3.7,24.69,759.99,62.24,2136.47,44.0,Все работают,Оптимальное
80.75,66.26,80.56,63.59,90.2,8188.3,114.0,Все работают,Критическое
84.46,40.74,66.23,11.45,59.94,525.7,89.0,Некоторые остановлены,Критическое
6.8,30.52,49.8,191.89,24.57,1408.08,92.0,Все работают,Оптимальное
27.29,6.03,40.98,81.31,48.38,6254.87,59.0,Все работают,Оптимальное
11.91,1.82,38.21,843.38,2.7,3931.14,42.0,Все работают,Оптимальное
58.91,99.62,94.48,3.24,98.26,7857.22,120.0,Все работают,Критическое с риском отказа
40.38,87.93,79.47,51.71,95.67,9211.06,399.0,Все работают,Критическое
15.95,96.98,102.09,64.57,96.14,8653.2,206.0,Все работают,Критическое с риском отказа
45.26,46.88,91.42,59.41,70.68,8568.68,77.0,Все работают,Критическое
16.99,80.71,111.39,625.03,76.76,8804.85,30.0,Все работают,Критическое с риском отказа
2.13,5.44,29.22,771.75,32.39,290.69,57.0,Все работают,Оптимальное
23.94,17.51,61.51,69.46,73.56,1624.12,72.0,Все работают,Хорошее
3.74,4.84,45.26,822.95,39.41,6396.33,30.0,Все работают,Оптимальное
9.28,16.04,47.7,830.92,29.86,6863.21,82.0,Все работают,Оптимальное
31.13,56.95,33.24,76.48,78.54,8321.1,89.0,Все работают,Хорошее
13.88,52.8,45.6,68.35,76.21,8298.54,137.0,Все работают,Хорошее
41.87,88.82,28.27,56.79,73.96,9146.1,94.0,Все работают,Критическое
2.99,38.69,51.53,871.59,22.88,8287.07,143.0,Все работают,Хорошее
7.33,11.13,96.21,54.45,92.37,7177.91,117.0,Все работают,Критическое
55.93,74.76,90.7,66.66,83.84,9944.38,170.0,Некоторые остановлены,Критическое
6.64,37.38,46.55,255.25,65.3,267.88,69.0,Все работают,Оптимальное
0.56,28.57,43.44,588.0,39.84,6026.11,49.0,Все работают,Оптимальное
7.9,8.31,53.88,54.9,76.33,8448.46,125.0,Все работают,Хорошее
4.09,16.05,55.39,100.21,28.58,8734.06,88.0,Все работают,Хорошее
18.29,47.47,28.34,51.68,51.43,8170.63,127.0,Все работают,Хорошее
28.4,18.17,39.86,127.95,4.09,5284.43,90.0,Все работают,Оптимальное
27.77,14.39,88.42,73.66,75.09,1244.41,499.0,Некоторые остановлены,Критическое
58.41,58.82,69.86,157.77,71.79,8235.71,195.0,Все работают,Хорошее
38.74,23.93,64.69,55.35,77.41,1136.84,195.0,Все работают,Хорошее
0.64,5.77,31.31,623.81,63.61,1618.85,68.0,Все работают,Оптимальное
15.07,95.06,116.09,644.74,98.14,8788.02,631.0,Критический сервис остановлен,Критическое с риском отказа
12.42,53.57,57.97,54.8,70.26,2794.32,47.0,Все работают,Хорошее
3.51,46.55,64.79,56.98,46.79,1378.88,105.0,Все работают,Хорошее
2.91,8.92,28.18,139.09,12.37,7598.05,77.0,Все работают,Оптимальное
46.07,66.81,94.09,321.17,90.06,8837.17,221.0,Все работают,Критическое
37.34,63.28,57.04,73.25,50.7,5268.03,85.0,Все работают,Хорошее
9.17,11.37,43.88,338.89,6.3,6603.06,97.0,Все работают,Оптимальное
1.71,52.29,21.87,78.09,13.54,8872.97,35.0,Все работают,Хорошее
16.59,33.7,21.79,571.26,57.58,6862.36,94.0,Все работают,Оптимальное
15.17,7.08,27.43,80.75,10.85,7200.55,99.0,Все работают,Оптимальное
45.85,52.18,62.33,468.69,70.09,1978.9,89.0,Все работают,Хорошее
17.39,21.64,39.82,991.42,26.38,6109.75,47.0,Все работают,Оптимальное
6.71,25.13,42.92,612.99,18.77,6118.66,68.0,Все работают,Оптимальное
46.87,60.58,63.98,58.27,7.88,8288.98,166.0,Все работают,Хорошее
53.29,47.96,69.81,885.77,71.77,3187.77,150.0,Все работают,Хорошее
55.2,21.39,63.0,591.78,23.09,8618.85,195.0,Все работают,Хорошее
27.76,67.46,26.39,71.61,78.88,8017.29,137.0,Все работают,Хорошее
42.96,82.57,66.34,16.48,85.41,9427.73,224.0,Все работают,Критическое
78.04,19.36,119.09,1.65,9.92,2588.86,444.0,Все работают,Критическое с риском отказа
58.17,58.27,80.39,41.73,88.99,8541.18,314.0,Критический сервис остановлен,Критическое с риском отказа
9.38,33.22,29.99,173.5,51.87,5267.3,90.0,Все работают,Оптимальное
42.77,58.52,63.85,617.7,80.22,8712.8,151.0,Все работают,Хорошее
96.15,95.27,110.58,363.83,31.38,8471.62,382.0,Все работают,Критическое с риском отказа
3.57,45.98,50.92,549.7,73.33,3370.28,60.0,Все работают,Хорошее
98.12,31.78,103.93,17.36,98.63,5532.08,925.0,Все работают,Критическое с риском отказа
63.05,78.91,79.7,64.9,90.76,8592.49,139.0,Некоторые остановлены,Критическое
26.66,38.87,38.29,183.19,15.95,6661.28,50.0,Все работают,Оптимальное
35.11,48.31,64.57,66.83,74.93,8945.45,175.0,Все работают,Хорошее
24.6,25.57,33.86,922.63,56.76,3403.63,96.0,Все работают,Оптимальное
15.84,33.96,37.34,847.55,66.17,7100.06,43.0,Все работают,Оптимальное
46.81,57.56,22.68,72.64,81.53,8195.16,195.0,Все работают,Хорошее
28.76,65.58,53.36,53.64,78.61,8855.59,66.0,Все работают,Хорошее
36.2,37.31,104.11,9.15,48.31,9568.35,130.0,Все работают,Критическое с риском отказа
41.0,59.97,45.82,67.54,24.27,8101.26,150.0,Все работают,Хорошее
35.45,21.79,60.25,46.56,77.82,8256.42,239.0,Все работают,Критическое
40.04,64.85,48.9,695.74,34.33,2112.47,126.0,Все работают,Хорошее
20.29,4.64,43.83,609.12,34.67,4557.34,95.0,Все работают,Оптимальное
85.67,56.13,116.92,324.61,79.63,8788.84,897.0,Критический сервис остановлен,Критическое с риском отказа
6.17,26.08,41.97,452.33,0.97,1860.39,44.0,Все работают,Оптимальное
16.35,50.46,47.71,873.37,42.78,8461.83,134.0,Все работают,Хорошее
16.95,14.85,21.78,170.89,52.55,4699.05,79.0,Все работают,Оптимальное
91.83,94.8,79.64,845.79,98.34,4268.56,54.0,Некоторые остановлены,Критическое с риском отказа
31.51,44.48,67.36,939.51,2.23,8390.92,108.0,Все работают,Хорошее
40.17,40.9,27.3,50.78,79.23,6021.08,51.0,Все работают,Хорошее
26.54,5.7,44.13,880.53,55.46,4555.84,90.0,Все работают,Оптимальное
29.5,30.38,25.51,165.42,10.08,7290.96,48.0,Все работают,Оптимальное
11.27,26.98,29.47,512.7,42.19,7764.09,74.0,Все работают,Оптимальное
1.11,23.0,48.65,820.99,80.99,8255.3,116.0,Все работают,Хорошее
45.01,53.69,33.15,606.14,79.3,3497.47,81.0,Все работают,Хорошее
29.39,55.3,61.23,187.89,74.11,5715.33,38.0,Все работают,Хорошее
85.99,40.04,20.06,584.66,81.9,9453.44,202.0,Некоторые остановлены,Критическое
3.57,40.69,37.03,207.75,84.01,8388.2,169.0,Все работают,Хорошее
31.22,27.37,23.56,956.84,83.94,739.74,142.0,Все работают,Хорошее
19.08,14.52,28.33,490.76,19.84,3455.54,42.0,Все работают,Оптимальное
21.19,36.83,37.89,217.35,2.36,3975.05,89.0,Все работают,Оптимальное
34.79,39.83,28.84,68.59,7.5,7506.14,74.0,Все работают,Хорошее
1.82,75.48,60.21,197.56,32.08,5787.25,302.0,Все работают,Критическое
19.65,37.86,34.93,771.32,21.84,5240.73,83.0,Все работают,Оптимальное
48.66,40.21,74.1,75.36,75.25,8491.17,120.0,Все работают,Хорошее
41.83,33.89,98.37,48.11,68.85,9883.87,165.0,Все работают,Критическое
19.17,40.45,70.16,79.8,16.47,8307.6,194.0,Все работают,Хорошее
23.72,99.22,83.92,79.1,93.36,808.6,8.0,Все работают,Критическое с риском отказа
37.01,27.09,68.1,66.11,73.9,6773.94,53.0,Все работают,Хорошее
49.7,64.06,45.9,126.88,85.05,9496.67,36.0,Все работают,Критическое
16.52,3.58,48.15,353.99,16.85,4717.55,35.0,Все работают,Оптимальное
81.65,95.49,95.54,46.85,14.42,8223.46,102.0,Критический сервис остановлен,Критическое с риском отказа
4.13,61.45,73.64,105.29,68.32,7150.06,161.0,Все работают,Хорошее
55.13,35.13,97.49,17.28,80.11,9784.38,101.0,Все работают,Критическое
6.4,44.87,37.55,66.54,88.37,9019.92,108.0,Все работают,Критическое
9.66,35.79,22.18,280.18,68.55,7142.3,57.0,Все работают,Оптимальное
36.61,36.51,70.35,51.41,75.52,3810.17,189.0,Все работают,Хорошее
6.98,72.34,70.5,46.48,81.53,4044.51,262.0,Все работают,Критическое
4.1,36.3,24.02,546.15,18.17,6832.66,50.0,Все работают,Оптимальное
22.75,16.91,24.24,486.22,32.25,980.02,91.0,Все работают,Оптимальное
62.93,69.36,94.41,74.64,80.59,9383.32,72.0,Все работают,Критическое
5.58,94.93,60.72,489.69,72.16,7544.63,480.0,Все работают,Критическое
36.54,58.22,72.4,555.65,72.65,8777.42,144.0,Все работают,Хорошее
17.89,68.55,25.76,63.51,77.5,8254.69,109.0,Все работают,Хорошее
14.31,53.66,21.79,948.2,91.27,6687.33,154.0,Некоторые остановлены,Критическое
91.64,85.42,82.22,0.32,82.53,9207.33,103.0,Все работают,Критическое с риском отказа
29.91,86.97,95.72,582.66,98.9,6449.79,54.0,Критический сервис остановлен,Критическое с риском отказа
8.74,45.54,105.08,33.1,11.19,8433.23,8.0,Все работают,Критическое с риском отказа
97.56,71.52,77.72,53.82,72.7,7158.46,58.0,Некоторые остановлены,Критическое с риском отказа
24.91,15.81,33.61,407.43,18.53,3621.15,94.0,Все работают,Оптимальное
89.81,45.09,91.63,627.42,54.02,8882.12,216.0,Все работают,Критическое
35.2,38.28,25.2,408.92,56.67,8853.51,58.0,Все работают,Хорошее
25.66,24.95,46.25,442.59,9.26,4514.65,46.0,Все работают,Оптимальное
23.4,36.31,23.54,449.37,32.19,1280.42,53.0,Все работают,Оптимальное
47.58,17.85,34.45,197.86,77.1,2015.0,33.0,Все работают,Хорошее
17.13,12.62,21.83,728.74,48.38,79.46,56.0,Все работают,Оптимальное
49.99,55.52,72.93,57.83,48.47,8153.33,62.0,Все работают,Хорошее
53.15,41.24,70.74,890.18,24.8,8165.93,155.0,Все работают,Хорошее
84.89,60.98,102.7,72.19,91.27,9362.41,194.0,Некоторые остановлены,Критическое с риском отказа
5.18,62.65,83.82,16.72,72.58,8588.98,292.0,Некоторые остановлены,Критическое
27.66,22.79,37.82,442.87,9.41,2098.21,76.0,Все работают,Оптимальное
0.56,2.0,27.37,203.71,6.56,6817.42,32.0,Все работают,Оптимальное
42.0,67.7,61.85,61.73,0.72,8463.03,84.0,Все работают,Хорошее
6.17,4.59,82.08,355.7,27.24,8116.3,435.0,Все работают,Критическое
58.53,34.35,38.13,833.29,77.1,8511.6,102.0,Все работают,Хорошее
20.92,11.48,29.23,52.33,73.29,8780.9,62.0,Все работают,Хорошее
11.36,22.38,40.65,554.46,4.43,4764.96,70.0,Все работают,Оптимальное
9.64,23.26,36.01,125.92,51.59,3644.89,65.0,Все работают,Оптимальное
25.3,10.26,23.94,451.8,46.14,6531.81,37.0,Все работают,Оптимальное
23.31,41.23,66.25,58.7,28.83,8337.46,61.0,Все работают,Хорошее
30.81,98.33,34.13,248.39,98.84,8776.1,95.0,Критический сервис остановлен,Критическое с риском отказа
14.12,8.17,49.62,814.91,59.07,4568.01,88.0,Все работают,Оптимальное
76.35,40.89,54.67,450.04,33.22,9766.74,490.0,Некоторые остановлены,Критическое
58.97,18.55,68.44,836.57,72.57,8030.21,60.0,Все работают,Хорошее
68.47,81.24,51.59,55.7,84.94,9958.59,171.0,Некоторые остановлены,Критическое
23.48,81.65,85.36,25.45,79.95,9343.74,252.0,Все работают,Критическое
39.86,63.24,21.63,68.92,98.89,248.7,88.0,Все работают,Критическое с риском отказа
19.54,33.7,42.57,501.03,44.91,710.54,84.0,Все работают,Оптимальное
41.76,21.22,81.0,132.27,13.62,8269.32,180.0,Некоторые остановлены,Критическое
87.0,0.44,95.26,21.93,87.79,9585.57,88.0,Все работают,Критическое
24.69,24.4,23.96,425.4,59.11,2815.44,62.0,Все работают,Оптимальное
89.13,65.21,77.97,49.92,91.73,8411.11,59.0,Все работают,Критическое
47.56,23.26,53.37,251.12,72.49,8011.08,109.0,Все работают,Хорошее
91.89,85.26,55.38,5.56,99.42,8372.17,4.0,Все работают,Критическое с риском отказа
26.86,13.09,49.28,991.76,2.05,2379.93,48.0,Все работают,Оптимальное
21.93,75.44,26.12,22.86,86.72,9644.43,352.0,Все работают,Критическое
18.63,20.74,44.95,993.86,43.57,1000.82,81.0,Все работают,Оптимальное
13.46,4.02,49.35,861.61,17.35,3926.02,70.0,Все работают,Оптимальное
85.51,2.07,54.91,536.62,73.39,7727.99,39.0,Некоторые остановлены,Критическое
1.21,64.31,71.17,66.5,34.54,5998.34,199.0,Все работают,Хорошее
94.14,31.46,22.69,75.92,88.48,8971.6,75.0,Все работают,Критическое с риском отказа
26.86,47.82,56.22,123.14,70.04,8587.83,70.0,Все работают,Хорошее
48.13,3.26,37.66,73.02,35.96,8628.34,98.0,Все работают,Хорошее
59.12,60.76,71.67,743.17,3.88,2399.85,85.0,Все работают,Хорошее
1.23,21.63,51.97,825.9,71.44,8560.88,151.0,Все работают,Хорошее
0.97,31.95,20.54,703.87,66.64,2370.13,55.0,Все работают,Оптимальное
54.69,88.23,85.53,79.93,96.35,2613.73,201.0,Все работают,Критическое
97.4,95.08,95.32,2.16,98.1,1892.03,622.0,Критический сервис остановлен,Критическое с риском отказа
7.98,0.44,64.67,134.01,10.02,4866.48,188.0,Все работают,Хорошее
66.94,38.77,38.7,11.72,83.76,8661.59,180.0,Некоторые остановлены,Критическое
27.77,4.97,41.55,658.91,19.84,3185.1,51.0,Все работают,Оптимальное
20.98,9.39,44.33,578.42,0.73,6062.16,46.0,Все работают,Оптимальное
30.82,68.65,33.24,537.29,29.63,8572.08,122.0,Все работают,Хорошее
13.27,28.39,26.41,718.84,22.35,4581.36,85.0,Все работают,Оптимальное
56.56,35.24,65.68,66.41,48.07,7764.55,160.0,Все работают,Хорошее
16.91,24.14,27.26,714.99,55.03,4524.18,63.0,Все работают,Оптимальное
82.89,99.67,112.35,54.96,99.24,9223.83,223.0,Все работают,Критическое с риском отказа
67.54,16.93,42.83,349.87,34.63,7115.66,72.0,Все работают,Критическое
26.9,12.94,36.53,107.1,55.2,5387.48,49.0,Все работают,Оптимальное
28.18,68.65,68.25,83.17,73.57,4914.9,47.0,Все работают,Хорошее
23.73,5.29,20.56,798.98,29.96,2970.0,50.0,Все работают,Оптимальное
19.03,37.83,37.21,627.41,36.59,5988.49,39.0,Все работают,Оптимальное
26.0,32.94,26.49,977.33,7.1,1255.59,72.0,Все работают,Оптимальное
20.99,17.48,47.29,356.16,27.84,513.71,56.0,Все работают,Оптимальное
15.66,39.5,37.27,361.47,27.4,5493.59,54.0,Все работают,Оптимальное
11.85,33.58,32.52,53.97,22.59,8684.38,142.0,Некоторые остановлены,Критическое
52.55,50.56,34.11,50.21,75.06,8291.17,382.0,Все работают,Критическое
34.62,47.8,50.12,566.94,70.25,6564.66,87.0,Все работают,Хорошее
54.3,67.49,54.33,66.22,68.82,8212.59,38.0,Все работают,Хорошее
98.41,83.88,30.88,21.95,14.33,8299.16,93.0,Критический сервис остановлен,Критическое с риском отказа
47.53,26.31,54.21,54.41,67.86,8332.12,159.0,Все работают,Хорошее
19.95,21.3,38.29,683.8,51.65,29.55,96.0,Все работают,Оптимальное
19.4,38.84,42.1,739.12,32.15,7424.73,42.0,Все работают,Оптимальное
55.3,14.86,86.72,21.8,57.63,8414.32,415.0,Все работают,Критическое
3.57,35.36,34.15,731.76,57.67,5368.79,87.0,Все работают,Оптимальное
9.42,39.55,42.47,404.52,34.59,2956.75,81.0,Все работают,Оптимальное
45.75,27.41,53.77,55.41,51.68,7427.19,165.0,Все работают,Хорошее
60.21,61.46,96.83,619.25,54.55,9387.62,314.0,Все работают,Критическое
21.42,19.63,71.56,49.86,24.8,8800.37,194.0,Некоторые остановлены,Критическое
9.88,87.03,66.9,24.3,91.82,9516.58,334.0,Все работают,Критическое
9.34,68.53,48.09,75.52,37.5,8324.3,195.0,Все работают,Хорошее
98.74,59.16,83.93,2.63,98.05,5805.03,916.0,Все работают,Критическое с риском отказа
36.56,66.06,64.56,63.59,46.38,4072.35,47.0,Все работают,Хорошее
6.8,51.28,63.75,67.49,70.36,8299.89,190.0,Все работают,Хорошее
16.34,36.86,42.22,138.55,0.92,615.38,100.0,Все работают,Оптимальное
97.88,86.69,114.1,37.76,98.05,4288.12,303.0,Все работают,Критическое с риском отказа
21.21,22.31,31.31,67.99,76.21,8001.5,130.0,Все работают,Хорошее
83.8,27.2,38.41,12.89,68.04,9891.1,179.0,Некоторые остановлены,Критическое
4.49,32.57,28.81,305.69,32.05,3474.25,78.0,Все работают,Оптимальное
22.55,2.66,46.81,616.04,34.02,6806.46,41.0,Все работают,Оптимальное
22.29,2.54,43.38,522.62,40.09,3750.58,38.0,Все работают,Оптимальное
8.77,5.95,27.82,622.47,4.45,111.71,61.0,Все работают,Оптимальное
1.55,82.55,41.69,48.6,14.43,736.79,328.0,Все работают,Критическое
28.36,31.94,22.92,62.7,53.27,5138.52,118.0,Все работают,Хорошее
5.38,0.49,25.54,962.22,68.38,5402.24,66.0,Все работают,Оптимальное
12.27,12.6,29.59,167.81,62.5,1029.8,34.0,Все работают,Оптимальное
1.42,26.2,48.83,184.76,37.39,4607.01,52.0,Все работают,Оптимальное
7.3,50.07,58.33,250.82,81.59,8428.2,63.0,Все работают,Хорошее
7.43,25.0,28.3,652.08,28.33,5506.86,77.0,Все работают,Оптимальное
23.63,16.66,34.18,309.28,20.2,7390.43,85.0,Все работают,Оптимальное
22.44,8.1,47.71,175.0,10.97,7607.22,71.0,Все работают,Оптимальное
95.0,98.34,108.26,752.27,78.48,9615.91,42.0,Некоторые остановлены,Критическое с риском отказа
26.91,87.37,27.35,64.22,77.07,7543.88,161.0,Некоторые остановлены,Критическое
47.22,39.17,59.96,800.36,72.76,8748.67,67.0,Все работают,Хорошее
4.16,8.61,49.8,247.0,50.3,4963.38,82.0,Все работают,Оптимальное
28.68,6.79,32.04,752.87,13.63,7776.5,83.0,Все работают,Оптимальное
1.37,88.21,117.3,0.38,86.35,4626.74,36.0,Некоторые остановлены,Критическое с риском отказа
95.3,99.63,114.96,306.73,84.32,4015.55,483.0,Некоторые остановлены,Критическое с риском отказа
62.24,98.48,45.12,927.12,98.16,8855.21,44.0,Все работают,Критическое с риском отказа
87.79,94.91,66.73,973.0,88.76,6723.06,140.0,Все работают,Критическое
99.7,97.45,79.69,589.78,64.26,8614.67,45.0,Некоторые остановлены,Критическое с риском отказа
8.52,28.4,47.6,127.29,27.2,6513.19,71.0,Все работают,Оптимальное
18.99,82.16,37.51,30.82,75.86,8981.16,43.0,Некоторые остановлены,Критическое
40.97,65.55,39.14,223.58,81.41,8405.09,78.0,Все работают,Хорошее
8.82,33.55,35.28,319.82,61.39,3273.42,42.0,Все работают,Оптимальное
42.23,4.87,26.88,240.99,0.92,8326.74,75.0,Все работают,Хорошее
13.57,9.13,48.08,839.96,22.31,1317.86,85.0,Все работают,Оптимальное
47.96,40.88,20.71,68.66,74.52,8871.59,63.0,Все работают,Хорошее
46.52,25.66,31.57,79.44,32.53,778.78,130.0,Все работают,Хорошее
54.43,67.45,67.45,251.65,42.19,8689.47,166.0,Все работают,Хорошее
39.95,47.01,61.1,447.15,29.01,5311.06,100.0,Все работают,Хорошее
35.83,59.2,56.73,75.79,56.19,5402.5,62.0,Все работают,Хорошее
8.22,12.31,27.4,381.42,32.1,1392.94,31.0,Все работают,Оптимальное
29.9,26.29,30.77,376.39,15.85,7293.19,80.0,Все работают,Оптимальное
4.74,99.76,50.66,506.89,75.39,7198.78,809.0,Все работают,Критическое с риском отказа
66.64,30.06,45.17,30.0,70.11,3343.89,254.0,Некоторые остановлены,Критическое
44.68,58.11,39.38,38.35,90.59,8184.21,191.0,Некоторые остановлены,Критическое
70.62,70.06,55.67,71.81,52.0,5207.12,200.0,Некоторые остановлены,Критическое
22.02,0.51,48.35,703.46,46.91,7753.57,73.0,Все работают,Оптимальное
3.75,32.85,36.42,813.38,9.24,3126.33,79.0,Все работают,Оптимальное
34.06,4.92,51.79,61.36,76.21,8083.13,54.0,Все работают,Хорошее
23.19,34.95,24.3,397.01,42.88,6039.73,92.0,Все работают,Оптимальное
57.58,41.24,40.02,819.52,27.5,3560.93,38.0,Все работают,Хорошее
6.62,38.01,29.42,979.23,37.03,1277.94,77.0,Все работают,Оптимальное
28.76,13.08,45.76,877.06,61.31,4778.22,32.0,Все работают,Оптимальное
3.93,17.48,25.58,901.54,38.51,7285.66,47.0,Все работают,Оптимальное
0.73,42.81,111.11,55.79,83.9,9316.66,704.0,Критический сервис остановлен,Критическое с риском отказа
25.46,40.13,46.5,835.97,35.24,8387.7,198.0,Все работают,Хорошее
96.76,95.11,62.47,430.7,92.89,8876.71,171.0,Некоторые остановлены,Критическое с риском отказа
26.01,24.87,31.23,179.62,27.41,6296.67,57.0,Все работают,Оптимальное
1.84,2.55,46.81,712.14,36.57,4120.41,69.0,Все работают,Оптимальное
31.26,36.89,57.05,853.53,70.54,7108.62,97.0,Все работают,Хорошее
10.97,69.43,77.82,43.06,75.34,9664.0,411.0,Все работают,Критическое
69.99,45.69,89.7,4.4,73.7,4628.02,4.0,Все работают,Критическое с риском отказа
27.16,56.79,67.03,62.83,70.06,1213.0,120.0,Все работают,Хорошее
37.65,32.44,29.6,62.79,56.27,8941.38,168.0,Все работают,Хорошее
22.97,68.5,109.12,888.51,89.15,9652.47,0.0,Критический сервис остановлен,Критическое с риском отказа
1.44,28.65,25.8,279.28,51.72,7883.64,45.0,Все работают,Оптимальное
42.08,48.88,54.87,50.52,72.42,8986.41,187.0,Все работают,Хорошее
63.82,30.41,33.76,37.73,76.32,3942.73,242.0,Все работают,Критическое
11.91,80.48,24.04,70.08,78.97,9220.66,145.0,Все работают,Критическое
44.16,64.55,74.26,75.59,1.61,7539.29,184.0,Все работают,Хорошее
46.16,69.66,66.75,51.18,1.46,8086.36,140.0,Все работают,Хорошее
54.72,52.02,46.37,374.65,75.72,8811.82,37.0,Все работают,Хорошее
15.63,34.14,35.8,60.08,75.03,4973.1,63.0,Все работают,Хорошее
11.82,55.36,49.55,60.46,83.41,8846.8,109.0,Все работают,Хорошее
30.25,99.65,119.57,767.24,79.1,8733.45,831.0,Все работают,Критическое с риском отказа
50.7,19.15,32.28,581.17,71.32,8459.89,175.0,Все работают,Хорошее
15.44,17.9,48.49,252.28,20.4,4524.8,47.0,Все работают,Оптимальное
43.02,48.89,48.79,106.98,8.74,8891.94,161.0,Все работают,Хорошее
40.53,3.21,71.04,51.18,70.07,2158.16,92.0,Все работают,Хорошее
53.22,43.7,65.84,848.76,19.27,9401.5,576.0,Все работают,Критическое с риском отказа
24.63,6.73,43.47,667.82,56.87,5209.67,63.0,Все работают,Оптимальное
14.84,12.2,40.35,125.72,37.99,2895.1,77.0,Все работают,Оптимальное
19.66,14.16,35.2,688.44,44.1,1726.67,96.0,Все работают,Оптимальное
15.74,9.75,39.71,304.35,60.66,190.23,37.0,Все работают,Оптимальное
95.32,95.83,33.74,46.71,80.45,8914.68,9.0,Некоторые остановлены,Критическое с риском отказа
16.87,16.87,52.75,714.0,69.47,8657.93,56.0,Все работают,Хорошее
97.72,99.12,103.76,210.86,88.57,2863.76,576.0,Критический сервис остановлен,Критическое с риском отказа
80.76,75.59,58.71,20.38,99.6,9584.6,240.0,Критический сервис остановлен,Критическое с риском отказа
39.38,87.22,98.1,64.22,90.4,3538.09,117.0,Все работают,Критическое
52.83,45.21,62.84,30.45,90.1,9589.16,59.0,Все работают,Критическое
13.07,12.43,41.63,924.27,30.85,7618.15,59.0,Все работают,Оптимальное
31.72,58.23,28.93,588.74,17.24,2894.5,148.0,Все работают,Хорошее
8.78,62.45,72.38,308.83,83.73,5485.41,91.0,Все работают,Хорошее
28.46,15.59,47.29,548.49,47.97,5849.23,59.0,Все работают,Оптимальное
23.61,27.18,23.42,410.27,0.07,6803.54,55.0,Все работают,Оптимальное
24.27,5.24,36.81,765.19,61.63,4023.99,36.0,Все работают,Оптимальное
20.55,11.9,27.2,578.37,5.29,3571.26,70.0,Все работают,Оптимальное
16.36,0.12,30.85,109.0,61.7,5789.32,58.0,Все работают,Оптимальное
22.15,18.63,32.85,119.32,5.66,7732.19,44.0,Все работают,Оптимальное
3.13,0.26,42.94,814.66,18.17,3362.53,80.0,Все работают,Оптимальное
12.83,47.09,67.2,75.39,28.06,6119.3,169.0,Все работают,Хорошее
2.95,64.69,41.88,693.84,20.8,8175.91,193.0,Все работают,Хорошее
12.48,27.37,31.24,183.68,14.5,3833.58,70.0,Все работают,Оптимальное
47.95,41.31,59.43,155.4,71.92,3838.51,41.0,Все работают,Хорошее
10.04,64.98,64.54,59.47,34.32,4370.28,142.0,Все работают,Хорошее
12.98,46.34,71.54,264.11,41.75,8448.63,43.0,Все работают,Хорошее
32.66,15.68,23.41,69.29,5.38,8188.53,79.0,Все работают,Хорошее
14.11,48.03,29.31,518.12,52.48,8503.52,130.0,Все работают,Хорошее
4.36,43.18,70.84,593.04,79.44,8867.65,53.0,Все работают,Хорошее
67.0,78.95,41.7,22.73,27.27,69.42,166.0,Некоторые остановлены,Критическое
80.87,66.46,78.39,66.87,94.13,8636.05,41.0,Все работают,Критическое
28.89,45.76,50.72,520.52,68.22,1060.83,64.0,Все работают,Хорошее
80.21,29.34,57.71,900.24,20.31,6086.23,279.0,Некоторые остановлены,Критическое
0.22,16.45,40.05,981.48,69.28,824.4,54.0,Все работают,Оптимальное
39.0,60.53,31.57,104.99,26.83,8181.24,52.0,Все работают,Хорошее
48.0,9.35,64.22,655.1,58.5,1014.53,137.0,Все работают,Хорошее
12.3,26.98,73.81,64.18,30.53,8507.73,122.0,Все работают,Хорошее
46.63,53.49,83.5,230.04,92.91,8248.74,136.0,Все работают,Критическое
9.84,18.32,21.13,205.46,65.42,5335.7,87.0,Все работают,Оптимальное
26.17,23.37,38.64,104.21,55.73,2693.78,83.0,Все работают,Оптимальное
28.31,19.66,36.89,341.36,42.75,4603.87,65.0,Все работают,Оптимальное
44.53,44.07,97.53,12.88,96.69,8300.66,266.0,Все работают,Критическое
56.14,98.72,110.28,779.74,78.59,9859.45,10.0,Критический сервис остановлен,Критическое с риском отказа
21.6,30.79,36.48,157.33,53.14,1179.44,74.0,Все работают,Оптимальное
12.45,29.89,29.12,274.38,35.61,1861.03,55.0,Все работают,Оптимальное
21.42,35.31,29.04,63.85,80.13,1960.02,156.0,Все работают,Хорошее
53.51,60.52,45.18,67.62,52.49,8962.3,79.0,Все работают,Хорошее
37.95,38.33,61.68,629.03,74.47,6035.05,37.0,Все работают,Хорошее
82.15,51.95,81.05,60.3,93.51,8246.0,46.0,Все работают,Критическое
7.81,2.81,64.62,13.11,99.99,5462.78,757.0,Все работают,Критическое с риском отказа
32.3,81.76,62.77,30.44,88.65,8399.9,480.0,Все работают,Критическое
40.29,70.42,81.91,716.32,40.2,3382.5,140.0,Все работают,Критическое
2.01,2.69,31.28,59.23,38.62,3630.26,285.0,Все работают,Критическое
5.64,4.12,43.49,851.24,37.61,2480.75,68.0,Все работают,Оптимальное
15.16,5.65,28.03,790.65,14.7,5550.13,73.0,Все работают,Оптимальное
9.91,79.42,55.38,620.59,78.22,9732.34,63.0,Все работают,Критическое
3.08,29.78,49.34,239.52,33.05,725.42,81.0,Все работают,Оптимальное
5.87,12.83,21.77,89.44,47.02,7149.63,100.0,Все работают,Оптимальное
22.48,39.52,43.49,210.05,10.69,5475.49,32.0,Все работают,Оптимальное
96.9,2.35,66.6,62.13,82.36,5496.11,682.0,Критический сервис остановлен,Критическое с риском отказа
88.64,25.26,68.64,603.21,34.46,393.25,280.0,Все работают,Критическое
18.47,32.2,24.34,351.62,23.18,7308.22,78.0,Все работают,Оптимальное
23.74,0.51,46.59,958.25,2.92,6965.0,80.0,Все работают,Оптимальное
12.94,20.59,41.84,471.52,14.42,5177.23,32.0,Все работают,Оптимальное
60.27,64.92,72.56,40.15,87.79,2634.17,466.0,Некоторые остановлены,Критическое
69.24,76.49,98.93,485.26,92.65,3793.86,488.0,Все работают,Критическое
24.23,32.59,31.4,418.16,36.79,6081.09,97.0,Все работают,Оптимальное
26.95,21.41,34.55,668.01,19.5,7788.53,90.0,Все работают,Оптимальное
28.13,27.35,47.71,574.45,6.09,5646.03,50.0,Все работают,Оптимальное
12.73,8.96,43.61,796.36,62.07,4235.11,31.0,Все работают,Оптимальное
11.88,3.43,64.39,928.21,36.7,6178.35,78.0,Все работают,Хорошее
58.65,0.32,47.3,851.42,83.06,8374.73,195.0,Все работают,Хорошее
72.5,9.8,117.85,525.79,93.23,1088.26,402.0,Некоторые остановлены,Критическое с риском отказа
13.33,29.51,49.43,744.84,60.26,2721.47,41.0,Все работают,Оптимальное
11.93,29.94,36.84,843.73,46.64,3648.68,38.0,Все работают,Оптимальное
6.18,36.71,35.52,330.34,30.41,4658.79,32.0,Все работают,Оптимальное
6.68,26.29,45.79,747.85,53.74,3239.32,44.0,Все работают,Оптимальное
59.82,4.92,61.56,645.4,79.95,8133.49,159.0,Все работают,Хорошее
8.11,49.27,71.89,56.42,73.57,7733.91,199.0,Все работают,Хорошее
57.84,16.1,38.84,457.7,87.77,9444.04,159.0,Все работают,Критическое
21.89,61.61,23.73,67.16,34.95,8713.88,115.0,Все работают,Хорошее
2.33,26.36,33.15,503.21,34.22,7553.27,70.0,Все работают,Оптимальное
17.35,98.32,108.04,79.95,100.0,8703.23,7.0,Все работают,Критическое с риском отказа
29.01,32.81,22.23,123.36,11.55,3457.71,91.0,Все работают,Оптимальное
75.6,74.9,91.6,74.14,95.97,9389.83,73.0,Все работают,Критическое
4.24,37.56,44.31,813.02,18.47,6933.9,43.0,Все работают,Оптимальное
41.83,68.91,84.44,55.43,88.64,4166.18,243.0,Все работают,Критическое
4.33,97.76,33.34,7.8,97.21,8670.76,109.0,Некоторые остановлены,Критическое с риском отказа
26.98,17.72,20.34,888.17,32.81,369.68,91.0,Все работают,Оптимальное
91.44,95.01,113.78,250.7,10.31,8560.91,456.0,Критический сервис остановлен,Критическое с риском отказа
19.63,24.59,28.96,114.04,27.08,7722.05,59.0,Все работают,Оптимальное
3.7,29.5,25.63,507.38,19.41,7378.19,80.0,Все работают,Оптимальное
5.23,97.75,115.85,1.42,81.59,8756.01,242.0,Все работают,Критическое с риском отказа
44.4,51.32,23.66,72.03,83.61,7287.06,41.0,Все работают,Хорошее
10.17,54.78,71.43,110.05,83.61,8129.57,142.0,Все работают,Хорошее
36.27,97.79,115.12,4.58,98.02,8310.16,1.0,Критический сервис остановлен,Критическое с риском отказа
17.4,13.33,49.84,187.01,38.0,5607.28,44.0,Все работают,Оптимальное
44.51,64.53,60.34,178.9,75.88,8362.06,143.0,Все работают,Хорошее
11.62,20.28,68.96,960.11,81.12,3031.65,38.0,Все работают,Хорошее
48.74,66.71,61.71,212.77,32.79,558.07,107.0,Все работают,Хорошее
95.54,95.94,36.19,56.05,80.27,6302.35,132.0,Некоторые остановлены,Критическое с риском отказа
16.98,27.2,38.36,393.74,54.5,1092.32,61.0,Все работают,Оптимальное
15.93,21.27,23.2,233.38,63.32,1980.65,82.0,Все работают,Оптимальное
46.71,56.33,21.26,192.56,2.39,4481.46,175.0,Все работают,Хорошее
6.09,32.06,69.93,515.98,74.51,8234.45,90.0,Все работают,Хорошее
15.81,13.54,48.17,752.17,50.62,2380.46,80.0,Все работают,Оптимальное
12.17,66.23,69.5,62.17,74.14,6941.77,161.0,Все работают,Хорошее
17.19,44.25,31.94,27.05,23.49,9229.12,109.0,Все работают,Критическое
32.87,61.67,65.23,50.83,5.15,953.26,46.0,Все работают,Хорошее
17.26,23.42,89.83,572.68,96.89,3434.85,40.0,Некоторые остановлены,Критическое
40.03,60.88,47.44,74.8,75.78,8517.13,52.0,Все работают,Хорошее
81.25,45.16,54.78,17.9,79.34,8164.79,160.0,Все работают,Критическое
86.83,24.54,28.11,195.33,99.92,9720.99,233.0,Критический сервис остановлен,Критическое с риском отказа
12.46,52.17,78.15,77.69,54.73,4763.46,37.0,Некоторые остановлены,Критическое
33.26,88.8,95.49,77.34,84.4,8571.58,38.0,Некоторые остановлены,Критическое
18.32,32.05,37.26,847.34,47.91,6378.0,61.0,Все работают,Оптимальное
21.86,12.98,41.59,608.68,21.04,540.43,48.0,Все работают,Оптимальное
19.76,7.04,32.02,746.19,31.0,6491.4,55.0,Все работают,Оптимальное
68.32,31.65,79.36,60.03,57.91,9891.94,210.0,Все работают,Критическое
5.42,12.41,28.79,938.73,13.36,439.72,35.0,Все работают,Оптимальное
9.8,28.35,73.68,51.62,74.1,7570.43,109.0,Все работают,Хорошее
9.62,30.83,45.33,60.48,42.79,8931.6,44.0,Все работают,Хорошее
58.48,63.93,49.42,50.52,81.17,9845.38,85.0,Все работают,Критическое
13.07,1.66,29.43,694.23,32.24,1518.78,33.0,Все работают,Оптимальное
21.98,29.31,44.93,115.2,27.01,3261.05,41.0,Все работают,Оптимальное
96.28,99.97,61.97,520.83,72.35,5385.84,279.0,Все работают,Критическое с риском отказа
13.98,38.38,43.06,174.98,68.39,3691.6,63.0,Все работают,Оптимальное
11.37,14.9,46.8,359.98,24.58,1657.83,41.0,Все работают,Оптимальное
4.04,13.25,27.21,523.54,47.39,3961.03,50.0,Все работают,Оптимальное
25.56,26.59,48.66,59.64,20.71,5326.46,81.0,Все работают,Хорошее
11.33,0.53,35.78,107.52,15.64,4947.69,92.0,Все работают,Оптимальное
12.4,20.48,30.78,213.65,54.46,33.42,61.0,Все работают,Оптимальное
11.47,34.12,30.78,839.98,64.61,2694.51,85.0,Все работают,Оптимальное
74.63,89.28,64.59,41.99,74.9,8611.5,355.0,Все работают,Критическое
7.53,28.97,46.05,150.66,15.85,7307.2,78.0,Все работают,Оптимальное
20.09,96.92,33.63,844.35,82.7,8888.39,786.0,Критический сервис остановлен,Критическое с риском отказа
7.86,7.92,23.33,88.93,48.82,2518.9,30.0,Все работают,Оптимальное
47.18,64.2,52.5,52.08,18.39,8762.93,140.0,Все работают,Хорошее
96.61,98.0,41.77,277.61,98.52,9003.71,177.0,Все работают,Критическое с риском отказа
24.47,42.12,55.6,60.52,80.54,3911.28,111.0,Все работают,Хорошее
12.21,12.88,31.65,136.52,66.54,4795.58,96.0,Все работают,Оптимальное
12.16,39.53,50.1,527.38,21.92,8808.94,97.0,Все работают,Хорошее
17.21,33.29,38.48,326.61,66.14,6793.67,65.0,Все работают,Оптимальное
11.22,22.7,43.28,748.74,17.07,2488.93,81.0,Все работают,Оптимальное
79.43,75.88,74.04,70.83,35.46,9929.09,97.0,Все работают,Критическое
49.77,97.77,41.04,67.3,64.22,8937.23,5.0,Некоторые остановлены,Критическое с риском отказа
48.23,15.54,59.83,78.03,75.9,8819.61,113.0,Все работают,Хорошее
47.98,26.46,68.11,78.61,22.55,190.83,36.0,Все работают,Хорошее
62.49,80.6,71.15,66.86,72.09,9.66,298.0,Некоторые остановлены,Критическое
82.92,81.95,22.21,65.88,84.23,6848.63,362.0,Некоторые остановлены,Критическое
23.16,0.84,42.52,191.84,44.67,1244.33,44.0,Все работают,Оптимальное
42.41,48.22,26.76,71.39,68.43,7084.09,113.0,Все работают,Хорошее
96.05,99.23,57.83,2.58,95.42,9766.74,1.0,Все работают,Критическое с риском отказа
12.78,12.82,52.13,22.69,81.56,8780.0,226.0,Все работают,Критическое
28.64,6.73,54.46,71.75,13.32,8535.19,70.0,Все работают,Хорошее
48.05,65.58,51.69,57.65,80.23,3835.87,88.0,Все работают,Хорошее
11.79,91.57,24.81,39.21,14.56,2891.95,216.0,Некоторые остановлены,Критическое
45.34,31.97,72.2,238.02,80.74,8544.77,30.0,Все работают,Хорошее
4.13,33.18,40.46,644.03,44.05,1256.08,72.0,Все работают,Оптимальное
88.71,20.53,92.22,53.86,48.31,3346.73,116.0,Все работают,Критическое
20.09,7.9,44.21,982.16,60.51,5675.71,84.0,Все работают,Оптимальное
60.28,10.17,51.61,171.62,78.7,5486.19,200.0,Некоторые остановлены,Критическое
44.69,44.28,62.89,168.22,74.77,4922.19,193.0,Все работают,Хорошее
4.79,5.33,29.73,676.09,24.49,7637.18,81.0,Все работают,Оптимальное
61.4,4.63,70.43,30.26,76.95,9401.87,86.0,Все работают,Критическое
99.08,87.67,116.74,7.99,87.32,7658.23,386.0,Все работают,Критическое с риском отказа
9.64,4.28,49.68,731.95,28.82,3537.22,43.0,Все работают,Оптимальное
23.94,26.37,23.49,428.6,0.54,2178.36,46.0,Все работают,Оптимальное
57.08,88.69,89.43,28.66,94.05,1689.95,476.0,Некоторые остановлены,Критическое
75.38,97.73,99.23,6.97,45.15,8496.44,341.0,Некоторые остановлены,Критическое с риском отказа
33.31,16.12,24.06,21.39,88.87,8993.51,33.0,Некоторые остановлены,Критическое
13.86,20.25,35.22,928.18,29.16,3815.61,69.0,Все работают,Оптимальное
19.56,18.63,72.0,22.65,34.44,9387.9,54.0,Все работают,Критическое
17.45,38.16,41.84,160.04,22.05,1903.14,66.0,Все работают,Оптимальное
4.19,10.71,28.76,618.35,25.77,7305.98,35.0,Все работают,Оптимальное
29.23,68.11,69.98,72.98,64.9,3820.87,71.0,Все работают,Хорошее
26.08,86.41,84.12,62.58,88.23,2967.83,174.0,Все работают,Критическое
12.86,19.49,26.96,457.15,18.4,233.85,61.0,Все работают,Оптимальное
35.51,73.74,84.36,62.01,76.47,8917.69,43.0,Все работают,Критическое
18.35,23.97,31.47,587.13,52.84,5925.06,48.0,Все работают,Оптимальное
2.55,1.68,46.53,36.09,72.73,2288.58,451.0,Некоторые остановлены,Критическое
5.81,38.4,85.53,46.06,80.56,8137.35,152.0,Все работают,Критическое
86.58,44.67,97.92,60.85,38.51,9469.27,207.0,Все работают,Критическое
44.36,69.82,47.15,48.14,92.09,4179.62,462.0,Все работают,Критическое
67.71,70.67,71.64,110.61,78.14,594.17,393.0,Все работают,Критическое
64.33,66.4,88.92,49.32,98.17,8084.74,32.0,Критический сервис остановлен,Критическое с риском отказа
90.01,99.36,25.12,6.49,57.89,1808.71,874.0,Критический сервис остановлен,Критическое с риском отказа
32.5,38.98,50.87,702.18,34.75,8726.51,36.0,Все работают,Хорошее
21.1,70.82,38.6,77.13,88.5,8640.0,364.0,Некоторые остановлены,Критическое
4.54,86.72,28.44,53.39,90.73,743.33,88.0,Некоторые остановлены,Критическое
97.42,97.67,116.75,29.86,21.08,9799.94,464.0,Критический сервис остановлен,Критическое с риском отказа
6.34,6.84,33.33,104.66,12.79,2538.7,42.0,Все работают,Оптимальное
84.02,16.41,64.91,303.34,86.53,9052.32,301.0,Некоторые остановлены,Критическое
86.54,10.59,66.57,388.15,78.2,7371.11,272.0,Все работают,Критическое
39.15,6.98,48.75,70.47,71.21,8458.01,168.0,Все работают,Хорошее
13.38,57.69,73.52,58.36,81.38,2221.08,57.0,Все работают,Хорошее
9.99,10.05,23.33,73.63,76.33,9407.12,384.0,Все работают,Критическое
28.98,26.29,38.4,970.38,2.46,5085.33,61.0,Все работают,Оптимальное
62.02,48.53,96.81,55.64,9.1,4348.85,99.0,Все работают,Критическое
42.49,50.4,59.42,59.78,77.84,5027.83,47.0,Все работают,Хорошее
95.84,79.75,88.42,63.47,98.66,633.94,178.0,Критический сервис остановлен,Критическое с риском отказа
27.54,37.79,99.5,935.11,92.09,7557.93,295.0,Все работают,Критическое
4.49,56.83,74.25,247.44,18.62,8480.34,154.0,Все работают,Хорошее
96.44,95.28,83.49,18.73,73.31,9170.22,211.0,Некоторые остановлены,Критическое с риском отказа
69.93,67.25,99.53,69.48,71.56,8359.69,346.0,Все работают,Критическое
18.26,20.6,34.98,252.42,67.54,4354.9,75.0,Все работают,Оптимальное
20.32,23.31,32.65,459.57,4.14,1803.11,95.0,Все работают,Оптимальное
4.31,14.23,46.73,577.57,25.62,3656.27,81.0,Все работают,Оптимальное
15.34,39.92,38.24,721.09,67.25,4892.84,33.0,Все работают,Оптимальное
16.89,4.59,46.93,654.32,9.17,6472.04,97.0,Все работают,Оптимальное
18.31,11.97,57.38,54.47,55.26,8473.58,159.0,Все работают,Хорошее
35.66,45.17,69.64,50.29,69.91,8289.56,41.0,Все работают,Хорошее
81.55,78.84,89.57,339.73,71.33,9904.24,152.0,Все работают,Критическое
24.0,47.86,51.72,716.55,78.2,3948.55,114.0,Все работают,Хорошее
15.08,3.69,36.81,591.57,47.42,1262.27,34.0,Все работают,Оптимальное
58.93,72.35,42.81,29.56,83.67,6866.06,44.0,Некоторые остановлены,Критическое
7.18,0.92,48.58,475.47,17.93,6159.57,93.0,Все работают,Оптимальное
34.56,30.24,77.94,689.17,86.21,9315.46,215.0,Все работают,Критическое
11.97,40.41,85.06,25.89,96.2,1745.6,103.0,Все работают,Критическое
83.44,91.67,39.68,17.92,20.88,9799.08,168.0,Все работают,Критическое
14.04,7.46,40.58,763.28,69.93,4961.65,33.0,Все работают,Оптимальное
14.87,7.82,53.63,109.94,17.87,8413.3,194.0,Все работают,Хорошее
3.91,4.23,46.71,522.32,18.21,4102.97,62.0,Все работают,Оптимальное
51.09,42.18,52.55,75.79,71.34,5988.13,73.0,Все работают,Хорошее
52.25,20.26,62.5,822.4,61.41,8631.88,143.0,Все работают,Хорошее
66.93,3.71,53.8,971.18,83.61,9690.47,306.0,Все работают,Критическое
55.13,69.4,20.88,708.33,78.15,3294.91,130.0,Все работают,Хорошее
31.02,64.31,71.91,59.15,17.86,8576.08,110.0,Все работают,Хорошее
35.06,4.49,91.21,58.13,80.46,8234.23,409.0,Некоторые остановлены,Критическое
57.28,60.61,51.33,63.95,47.82,8448.47,35.0,Все работают,Хорошее
48.77,49.4,69.68,524.72,82.89,8659.54,83.0,Все работают,Хорошее
24.84,35.34,48.79,937.77,50.94,7910.76,68.0,Все работают,Оптимальное
29.98,30.33,44.01,883.31,67.17,1929.4,67.0,Все работают,Оптимальное
10.22,37.26,42.53,774.56,40.02,5326.75,48.0,Все работают,Оптимальное
13.78,52.08,43.06,74.87,0.67,373.15,96.0,Все работают,Хорошее
91.64,97.85,62.62,64.75,96.25,9615.69,530.0,Критический сервис остановлен,Критическое с риском отказа
39.5,18.84,52.25,30.09,97.97,8476.63,105.0,Все работают,Критическое
5.58,24.46,21.75,690.24,12.03,1781.44,89.0,Все работают,Оптимальное
42.98,59.42,59.99,24.72,49.57,6080.45,231.0,Некоторые остановлены,Критическое
48.01,5.44,55.43,15.18,94.06,3722.82,52.0,Все работают,Критическое
6.99,32.98,75.17,15.7,65.49,5944.51,55.0,Все работают,Критическое
16.0,96.99,30.8,2.69,71.52,9752.74,83.0,Критический сервис остановлен,Критическое с риском отказа
93.7,77.56,59.19,68.62,74.34,8713.29,601.0,Критический сервис остановлен,Критическое с риском отказа
19.07,24.13,66.94,101.03,71.42,8963.95,187.0,Все работают,Хорошее
26.31,16.13,49.71,513.35,17.26,7124.62,59.0,Все работают,Оптимальное
4.58,22.64,47.23,269.43,41.76,7335.63,55.0,Все работают,Оптимальное
13.06,2.98,26.52,759.26,1.1,7520.12,58.0,Все работают,Оптимальное
5.1,77.13,81.7,472.0,81.95,9033.39,100.0,Некоторые остановлены,Критическое
36.24,12.38,66.61,68.9,77.27,8786.89,93.0,Все работают,Хорошее
8.57,28.63,48.84,921.03,37.77,5953.6,94.0,Все работают,Оптимальное
13.28,53.28,28.2,51.3,79.28,8395.07,119.0,Все работают,Хорошее
54.07,37.21,58.96,55.3,57.42,8032.19,164.0,Все работают,Хорошее
9.9,24.88,20.02,274.98,30.89,5877.24,84.0,Все работают,Оптимальное
21.81,39.16,39.15,804.8,21.97,1718.86,99.0,Все работают,Оптимальное
22.48,23.44,43.69,177.45,12.91,6849.2,77.0,Все работают,Оптимальное
78.23,74.74,50.9,53.62,58.33,9532.25,93.0,Все работают,Критическое
18.31,28.29,34.71,157.03,56.89,2235.59,47.0,Все работают,Оптимальное
14.34,19.84,24.63,577.63,7.44,6311.95,59.0,Все работают,Оптимальное
9.54,4.41,70.79,907.28,61.24,8195.67,75.0,Все работают,Хорошее
23.72,22.2,45.37,605.06,67.68,2750.24,48.0,Все работают,Оптимальное
72.15,68.24,81.33,43.59,93.99,8256.65,339.0,Все работают,Критическое
0.35,16.56,27.87,626.59,40.0,3896.89,40.0,Все работают,Оптимальное
78.61,67.23,45.44,28.17,83.17,8044.9,163.0,Все работают,Критическое
17.47,38.64,38.26,158.02,27.09,63.02,96.0,Все работают,Оптимальное
74.49,15.83,70.98,42.86,72.37,8951.85,244.0,Некоторые остановлены,Критическое
10.21,33.25,42.35,888.28,12.58,2715.83,76.0,Все работают,Оптимальное
15.45,36.74,38.38,690.77,8.88,4836.25,63.0,Все работают,Оптимальное
68.43,20.48,67.02,45.04,92.69,9689.17,196.0,Все работают,Критическое
32.78,97.51,44.12,1.51,97.65,8519.32,10.0,Некоторые остановлены,Критическое с риском отказа
56.01,63.02,54.89,59.44,71.92,8326.94,97.0,Все работают,Хорошее
7.55,56.62,24.77,61.9,83.73,8532.28,141.0,Все работают,Хорошее
9.4,28.67,88.89,14.11,90.15,3846.12,132.0,Все работают,Критическое
2.45,14.22,30.58,329.52,4.84,6486.19,59.0,Все работают,Оптимальное
25.26,42.77,43.75,58.83,89.74,9813.72,235.0,Некоторые остановлены,Критическое
61.61,72.89,87.48,63.69,34.37,8952.58,45.0,Некоторые остановлены,Критическое
16.7,11.59,49.42,813.75,32.19,51.02,81.0,Все работают,Оптимальное
30.11,68.87,45.64,14.81,8.46,9858.72,475.0,Все работают,Критическое
42.8,7.9,41.66,67.1,83.5,8032.46,129.0,Все работают,Хорошее
15.63,4.5,30.54,246.81,61.1,4458.64,32.0,Все работают,Оптимальное
62.49,57.38,64.32,52.2,91.5,1668.59,188.0,Все работают,Критическое
43.84,54.64,59.02,56.26,77.28,1760.47,52.0,Все работают,Хорошее
20.39,43.45,22.82,18.96,21.56,2264.47,411.0,Все работают,Критическое
32.61,42.92,70.64,852.11,68.69,8530.32,88.0,Все работают,Хорошее
59.33,72.95,33.74,56.71,25.47,8980.92,385.0,Некоторые остановлены,Критическое
18.54,18.68,40.44,846.85,14.39,5841.26,84.0,Все работают,Оптимальное
27.84,46.01,74.66,74.88,19.17,8168.22,119.0,Все работают,Хорошее
54.25,55.55,84.63,79.17,89.54,9275.08,329.0,Все работают,Критическое
53.24,19.81,88.98,59.44,23.29,3527.41,170.0,Все работают,Критическое
5.96,57.41,27.43,79.28,56.8,8474.72,107.0,Все работают,Хорошее
24.32,49.43,32.23,661.11,73.03,8467.28,134.0,Все работают,Хорошее
27.1,10.58,69.56,42.73,61.4,5026.28,161.0,Некоторые остановлены,Критическое
8.97,84.8,64.14,65.55,29.9,9251.61,183.0,Все работают,Критическое
85.65,26.75,85.25,106.67,75.01,8480.89,281.0,Некоторые остановлены,Критическое
17.1,19.68,37.95,723.89,34.88,2675.73,92.0,Все работают,Оптимальное
56.59,41.22,35.83,65.93,82.08,4140.36,159.0,Все работают,Хорошее
86.04,81.98,112.29,76.01,82.05,8739.36,93.0,Некоторые остановлены,Критическое с риском отказа
29.9,46.0,119.43,656.23,85.07,9154.52,76.0,Все работают,Критическое с риском отказа
78.21,79.53,48.78,409.56,73.97,234.81,380.0,Все работают,Критическое
0.77,8.6,75.11,56.01,94.1,9933.28,68.0,Некоторые остановлены,Критическое
87.3,11.89,55.44,27.74,83.27,9270.9,367.0,Все работают,Критическое
4.36,62.94,47.95,878.63,12.93,8646.52,143.0,Все работают,Хорошее
25.35,29.67,23.1,838.59,40.96,5896.75,66.0,Все работают,Оптимальное
27.98,13.87,31.05,870.1,31.26,2400.2,93.0,Все работают,Оптимальное
56.38,8.67,53.71,64.48,70.26,6993.33,170.0,Все работают,Хорошее
12.79,31.52,53.85,60.31,83.95,8446.75,68.0,Все работают,Хорошее
96.8,96.8,44.51,334.2,98.11,8336.39,145.0,Некоторые остановлены,Критическое с риском отказа
99.58,96.02,113.99,5.09,88.92,9029.97,4.0,Все работают,Критическое с риском отказа
46.77,25.03,55.58,73.35,46.78,8036.05,111.0,Все работают,Хорошее
3.24,1.75,51.21,70.58,65.83,8499.77,30.0,Все работают,Хорошее
8.5,55.59,60.81,890.22,38.06,8185.59,85.0,Все работают,Хорошее
25.45,25.93,42.85,300.45,47.82,6598.31,64.0,Все работают,Оптимальное
27.97,64.46,27.48,74.24,79.8,81.9,31.0,Все работают,Хорошее
20.03,26.45,37.3,691.79,26.86,1485.91,58.0,Все работают,Оптимальное
20.26,20.59,41.21,541.33,64.98,4672.97,81.0,Все работают,Оптимальное
56.6,65.49,39.12,57.83,73.22,8165.61,82.0,Все работают,Хорошее
53.99,41.84,101.76,2.5,9.61,662.58,32.0,Некоторые остановлены,Критическое с риском отказа
9.5,41.49,49.67,732.81,76.16,6833.67,46.0,Все работают,Хорошее
31.22,1.73,53.17,401.61,75.43,6777.96,190.0,Все работают,Хорошее
24.05,36.14,29.36,520.8,73.31,8010.84,117.0,Все работают,Хорошее
54.11,4.41,74.16,340.75,31.04,1436.92,144.0,Все работают,Хорошее
12.05,50.19,85.46,497.39,72.25,8894.25,407.0,Некоторые остановлены,Критическое
33.38,36.14,88.75,612.72,84.35,665.83,396.0,Все работают,Критическое
47.23,0.67,63.24,48.73,77.1,4653.45,43.0,Некоторые остановлены,Критическое
20.5,25.12,37.21,360.22,22.61,6232.46,58.0,Все работают,Оптимальное
29.42,0.26,67.5,724.51,40.43,8119.52,157.0,Все работают,Хорошее
0.32,41.84,58.53,873.6,76.74,8529.19,177.0,Все работают,Хорошее
29.04,1.22,40.57,792.5,50.22,4710.86,93.0,Все работают,Оптимальное
70.51,93.2,74.48,77.94,70.32,8865.0,80.0,Все работают,Критическое
49.58,4.43,20.78,804.63,39.28,8739.5,85.0,Все работают,Хорошее
49.61,34.89,40.71,397.15,82.35,8084.63,189.0,Все работают,Хорошее
95.63,96.53,33.49,25.61,10.45,8970.93,322.0,Критический сервис остановлен,Критическое с риском отказа
31.46,52.73,96.98,35.56,37.89,9730.82,133.0,Некоторые остановлены,Критическое
96.07,86.37,104.32,61.6,98.35,6738.83,189.0,Критический сервис остановлен,Критическое с риском отказа
24.3,57.32,55.27,275.86,53.53,8039.61,165.0,Все работают,Хорошее
12.71,5.43,27.61,251.39,41.36,2323.06,87.0,Все работают,Оптимальное
62.48,82.77,97.64,602.25,75.6,9316.27,192.0,Все работают,Критическое
20.08,25.63,27.43,52.06,75.28,1263.37,193.0,Все работают,Хорошее
59.75,7.88,36.08,74.2,70.25,8227.83,113.0,Все работают,Хорошее
7.81,11.14,23.44,862.74,42.79,7675.08,87.0,Все работают,Оптимальное
9.75,41.13,33.74,69.29,82.62,1499.01,136.0,Все работают,Хорошее
10.25,24.92,24.32,83.65,17.23,2209.56,73.0,Все работают,Оптимальное
61.52,2.06,77.71,202.78,81.1,1323.66,449.0,Все работают,Критическое
13.08,10.79,40.22,410.88,36.25,7238.33,86.0,Все работают,Оптимальное
81.12,23.71,77.14,35.73,11.2,9503.78,136.0,Все работают,Критическое
17.41,16.49,47.17,179.43,10.65,5614.73,81.0,Все работают,Оптимальное
58.18,26.48,72.17,77.39,80.41,1531.11,33.0,Все работают,Хорошее
3.07,35.49,25.49,749.08,27.62,3812.91,50.0,Все работают,Оптимальное
16.11,32.54,20.89,679.67,44.79,7279.64,99.0,Все работают,Оптимальное
94.49,89.84,27.23,76.47,85.24,9966.53,159.0,Все работают,Критическое с риском отказа
26.56,23.74,42.57,723.37,56.35,7262.69,51.0,Все работают,Оптимальное
5.42,36.15,51.98,52.12,47.72,5206.41,139.0,Все работают,Хорошее
29.5,82.39,68.08,32.65,87.57,9456.07,412.0,Все работают,Критическое
27.36,24.44,42.2,229.85,23.57,5663.86,74.0,Все работают,Оптимальное
57.62,23.87,58.57,79.32,76.03,8942.78,132.0,Все работают,Хорошее
7.82,33.73,46.05,892.84,44.33,4127.64,97.0,Все работают,Оптимальное
98.77,36.13,114.98,7.57,98.14,8238.61,98.0,Критический сервис остановлен,Критическое с риском отказа
97.32,86.83,27.05,303.98,99.09,8677.51,38.0,Все работают,Критическое с риском отказа
13.43,38.9,39.03,670.21,12.86,4542.98,56.0,Все работают,Оптимальное
6.39,12.22,32.34,820.41,59.04,95.9,55.0,Все работают,Оптимальное
3.99,27.39,37.9,774.62,45.99,3022.18,100.0,Все работают,Оптимальное
36.53,59.69,38.19,645.55,19.44,8038.83,175.0,Все работают,Хорошее
24.85,4.54,48.86,749.68,43.85,7010.98,95.0,Все работают,Оптимальное
92.38,95.16,90.02,63.44,85.4,8516.56,504.0,Все работают,Критическое с риском отказа
43.76,74.65,83.98,38.76,18.69,6070.76,433.0,Все работают,Критическое
22.21,60.37,98.14,534.93,54.76,8105.65,185.0,Все работают,Критическое
28.58,80.22,110.44,15.96,99.54,8059.29,440.0,Все работают,Критическое с риском отказа
73.99,75.77,33.9,686.84,32.45,6720.86,471.0,Некоторые остановлены,Критическое
82.64,76.52,44.08,57.83,88.69,6840.59,54.0,Все работают,Критическое
7.42,60.68,62.75,506.62,83.46,8021.57,197.0,Все работают,Хорошее
24.18,1.13,26.3,164.1,8.64,873.77,33.0,Все работают,Оптимальное
22.11,31.36,54.41,54.92,79.81,6530.42,140.0,Все работают,Хорошее
20.04,29.38,36.02,272.88,28.1,480.21,64.0,Все работают,Оптимальное
10.42,33.02,48.47,885.82,23.52,364.57,87.0,Все работают,Оптимальное
5.43,19.55,43.36,323.38,2.37,6453.86,31.0,Все работают,Оптимальное
10.92,54.91,47.1,50.62,8.49,8467.79,132.0,Все работают,Хорошее
52.67,5.65,50.78,956.02,80.6,8124.38,127.0,Все работают,Хорошее
20.22,37.51,24.66,473.19,39.89,7411.65,75.0,Все работают,Оптимальное
21.29,17.58,23.98,937.23,11.3,6899.98,79.0,Все работают,Оптимальное
29.35,50.09,52.02,65.14,84.47,8937.72,34.0,Все работают,Хорошее
65.09,81.06,62.04,56.19,48.94,9910.65,54.0,Некоторые остановлены,Критическое
83.09,72.0,51.03,25.17,81.35,1549.68,467.0,Все работают,Критическое
86.24,36.1,102.23,246.99,78.34,5322.13,443.0,Критический сервис остановлен,Критическое с риском отказа
33.16,39.56,68.55,12.07,46.89,8525.49,100.0,Некоторые остановлены,Критическое
2.56,20.9,58.68,604.62,16.42,6485.53,114.0,Все работают,Хорошее
35.02,31.77,48.17,50.35,84.2,3549.61,183.0,Все работают,Хорошее
17.25,13.41,25.28,459.32,8.96,4013.64,99.0,Все работают,Оптимальное
23.8,30.62,97.83,46.27,34.09,8662.4,173.0,Все работают,Критическое
59.06,56.91,61.16,130.23,79.62,8949.62,179.0,Все работают,Хорошее
14.18,11.15,32.93,70.27,68.75,8546.58,100.0,Все работают,Хорошее
32.05,51.82,47.0,72.71,32.87,6210.52,76.0,Все работают,Хорошее
98.53,22.1,91.49,24.7,72.72,8019.72,92.0,Все работают,Критическое с риском отказа
60.92,64.63,30.15,621.24,80.98,9616.53,425.0,Все работают,Критическое
14.96,64.95,46.16,801.22,94.48,9991.83,300.0,Все работают,Критическое
13.1,35.68,44.97,974.46,8.54,6082.5,69.0,Все работают,Оптимальное
7.52,16.73,22.46,268.56,8.59,114.39,47.0,Все работают,Оптимальное
43.6,50.9,77.76,61.72,89.1,9576.73,69.0,Все работают,Критическое
82.56,64.49,84.62,79.18,8.8,9849.87,69.0,Некоторые остановлены,Критическое
10.91,97.87,111.87,4.68,86.84,616.04,412.0,Все работают,Критическое с риском отказа
83.55,41.85,57.63,18.09,11.36,1977.37,99.0,Некоторые остановлены,Критическое
54.62,36.87,85.01,23.73,98.74,9355.48,5.0,Критический сервис остановлен,Критическое с риском отказа
10.39,2.91,39.51,684.19,67.82,7787.01,56.0,Все работают,Оптимальное
39.81,92.6,90.0,41.0,86.68,8633.82,175.0,Все работают,Критическое
15.76,54.56,79.78,52.71,86.7,8606.72,46.0,Все работают,Критическое
27.45,25.48,46.97,74.79,80.33,750.8,152.0,Все работают,Хорошее
1.09,7.54,23.85,70.21,1.01,2511.03,186.0,Все работают,Хорошее
22.59,19.51,42.8,946.33,59.85,1117.71,68.0,Все работают,Оптимальное
14.53,27.11,42.69,659.23,30.53,3526.69,46.0,Все работают,Оптимальное
39.3,18.73,47.27,62.84,78.7,1433.86,38.0,Все работают,Хорошее
98.85,57.08,109.45,45.67,98.38,9831.35,87.0,Все работают,Критическое с риском отказа
17.02,18.48,44.06,467.71,2.35,4784.32,65.0,Все работают,Оптимальное
8.01,32.95,27.59,661.02,44.05,3183.79,50.0,Все работают,Оптимальное
80.06,24.06,36.21,51.18,62.97,9211.71,95.0,Некоторые остановлены,Критическое
38.51,43.62,48.92,19.65,79.57,5693.9,183.0,Некоторые остановлены,Критическое
8.9,49.99,62.38,74.53,86.41,9395.88,383.0,Некоторые остановлены,Критическое
60.38,53.43,79.56,7.37,86.15,9184.01,111.0,Некоторые остановлены,Критическое с риском отказа
19.24,15.86,22.1,362.33,43.32,8046.24,92.0,Все работают,Хорошее
18.6,25.53,57.78,232.9,71.3,8897.77,158.0,Все работают,Хорошее
16.15,30.06,40.61,954.81,21.75,7844.34,58.0,Все работают,Оптимальное
15.17,92.64,30.06,804.16,87.15,8377.0,307.0,Все работают,Критическое
48.96,67.65,61.84,510.12,17.73,8416.19,75.0,Все работают,Хорошее
29.41,55.06,73.57,974.11,81.31,8520.14,179.0,Все работают,Хорошее
68.19,87.39,36.33,14.85,88.48,8804.5,452.0,Все работают,Критическое
53.28,37.22,31.57,245.95,16.83,1215.22,61.0,Все работают,Хорошее
2.39,45.51,34.52,248.3,92.86,5304.69,181.0,Все работают,Критическое
20.97,38.05,116.86,78.17,88.34,909.86,5.0,Некоторые остановлены,Критическое с риском отказа
29.29,35.92,24.0,913.62,3.26,6888.38,44.0,Все работают,Оптимальное
11.24,10.61,24.16,734.49,25.27,706.06,42.0,Все работают,Оптимальное
5.02,60.39,32.03,818.95,81.92,8953.08,70.0,Все работают,Хорошее
12.97,6.83,22.51,669.46,66.18,6335.53,96.0,Все работают,Оптимальное
9.67,21.1,36.43,490.85,35.29,3616.67,30.0,Все работают,Оптимальное
54.92,49.66,77.11,233.64,88.15,9548.5,260.0,Некоторые остановлены,Критическое
22.54,10.22,45.49,894.93,2.06,331.66,38.0,Все работают,Оптимальное
13.83,76.79,64.17,48.09,87.13,8447.83,357.0,Некоторые остановлены,Критическое
17.33,42.99,67.47,63.94,78.77,8267.97,112.0,Все работают,Хорошее
39.19,67.96,68.96,893.57,17.61,8305.33,88.0,Все работают,Хорошее
48.52,83.3,107.22,9.78,73.22,9700.59,2.0,Некоторые остановлены,Критическое с риском отказа
49.98,62.97,81.66,5.86,98.64,8130.87,170.0,Критический сервис остановлен,Критическое с риском отказа
40.0,34.28,73.48,863.93,72.92,8116.69,77.0,Все работают,Хорошее
6.35,7.28,30.93,333.86,55.94,5921.57,64.0,Все работают,Оптимальное
7.95,11.72,39.25,661.23,59.94,1901.1,39.0,Все работают,Оптимальное
19.25,26.43,37.6,312.93,15.01,6117.39,76.0,Все работают,Оптимальное
11.06,34.27,47.52,392.44,18.21,7981.14,47.0,Все работают,Оптимальное
99.4,96.03,47.63,4.26,99.45,8242.35,810.0,Все работают,Критическое с риском отказа
77.93,79.64,22.33,52.51,86.33,17.8,241.0,Все работают,Критическое
27.31,22.32,39.17,135.27,62.2,1128.08,80.0,Все работают,Оптимальное
27.94,3.39,56.43,285.01,72.54,8718.4,121.0,Все работают,Хорошее
36.4,57.79,29.43,69.8,31.05,8469.05,77.0,Все работают,Хорошее
53.16,84.25,49.19,76.24,94.98,9618.97,191.0,Все работают,Критическое
0.51,33.81,21.71,438.27,26.58,4211.18,74.0,Все работают,Оптимальное
41.21,64.03,43.19,51.14,83.82,8458.75,62.0,Все работают,Хорошее
28.15,18.32,22.47,791.03,41.23,4500.86,50.0,Все работают,Оптимальное
31.81,10.77,51.47,60.27,19.8,8469.79,188.0,Все работают,Хорошее
71.25,6.44,51.76,38.92,85.28,1125.9,126.0,Все работают,Критическое
13.46,36.08,40.75,174.22,5.95,7939.06,37.0,Все работают,Оптимальное
12.59,2.17,38.91,284.72,47.89,4642.81,82.0,Все работают,Оптимальное
10.26,49.33,58.27,310.18,92.97,9202.04,255.0,Некоторые остановлены,Критическое
6.16,7.69,39.58,269.31,68.17,5973.7,32.0,Все работают,Оптимальное
0.43,28.69,42.39,829.77,11.0,4499.9,62.0,Все работают,Оптимальное
5.23,53.1,72.96,70.0,51.84,8453.95,77.0,Некоторые остановлены,Критическое
58.55,60.36,68.73,75.09,84.98,8767.46,30.0,Все работают,Хорошее
26.19,21.53,34.81,541.94,41.94,6115.99,78.0,Все работают,Оптимальное
34.3,92.59,97.69,12.29,93.66,8900.31,60.0,Все работают,Критическое
2.93,29.86,31.56,402.05,34.15,5740.46,81.0,Все работают,Оптимальное
27.22,96.74,102.2,43.43,99.72,8980.35,195.0,Все работают,Критическое с риском отказа
17.06,4.78,45.91,270.49,68.89,2086.39,95.0,Все работают,Оптимальное
2.45,36.14,63.95,66.6,81.09,7437.71,144.0,Все работают,Хорошее
17.12,30.48,27.51,945.99,77.24,8110.6,113.0,Все работают,Хорошее
20.02,0.18,25.78,400.43,44.88,3638.19,51.0,Все работают,Оптимальное
6.51,8.13,29.26,360.24,14.49,5468.09,82.0,Все работают,Оптимальное
25.04,34.28,62.64,69.84,83.78,751.1,89.0,Все работают,Хорошее
72.72,51.77,87.0,36.0,66.62,8336.29,92.0,Некоторые остановлены,Критическое
14.72,25.32,39.8,760.47,95.99,8414.55,36.0,Некоторые остановлены,Критическое
13.68,28.04,24.55,540.46,35.54,7255.48,71.0,Все работают,Оптимальное
38.05,16.0,45.71,75.17,67.12,8839.68,190.0,Все работают,Хорошее
77.41,95.95,86.45,0.77,75.15,8776.94,77.0,Некоторые остановлены,Критическое с риском отказа
16.93,93.98,84.59,46.95,86.13,9030.69,171.0,Все работают,Критическое
4.07,36.1,36.52,225.31,82.79,8442.88,86.0,Все работают,Хорошее
10.85,18.4,30.43,821.09,41.23,271.74,87.0,Все работают,Оптимальное
8.12,29.85,42.65,133.48,23.14,7740.9,83.0,Все работают,Оптимальное
16.91,0.57,31.58,787.08,1.79,3605.96,80.0,Все работают,Оптимальное
51.85,91.11,63.86,18.43,91.47,9143.45,0.0,Некоторые остановлены,Критическое с риском отказа
18.91,38.66,42.67,611.6,46.33,6605.53,34.0,Все работают,Оптимальное
11.68,39.75,45.25,902.7,45.34,4270.02,54.0,Все работают,Оптимальное
34.83,28.23,42.56,65.29,8.57,8550.93,58.0,Все работают,Хорошее
13.13,65.27,64.82,40.53,64.53,9319.59,338.0,Все работают,Критическое
6.28,17.52,52.77,778.85,75.67,8064.14,173.0,Все работают,Хорошее
80.83,75.72,83.89,37.12,72.09,8707.2,985.0,Все работают,Критическое с риском отказа
74.29,21.74,57.99,72.08,79.74,9661.02,478.0,Все работают,Критическое
43.02,30.38,76.29,25.07,81.66,9244.21,342.0,Критический сервис остановлен,Критическое с риском отказа
25.91,65.6,25.77,819.77,76.96,8110.1,191.0,Все работают,Хорошее
97.23,58.98,104.18,28.78,98.83,7344.05,192.0,Некоторые остановлены,Критическое с риском отказа
64.18,91.68,79.64,878.14,19.22,8064.42,362.0,Некоторые остановлены,Критическое
26.72,8.99,35.15,255.52,21.58,2882.32,94.0,Все работают,Оптимальное
15.74,36.29,31.58,483.19,14.76,4355.0,80.0,Все работают,Оптимальное
37.32,51.62,24.73,65.42,66.13,8608.67,136.0,Все работают,Хорошее
55.75,37.71,31.65,73.06,84.77,2902.67,109.0,Все работают,Хорошее
34.57,62.91,35.34,51.09,81.1,8182.66,137.0,Все работают,Хорошее
35.98,35.65,28.32,437.75,74.79,8848.37,85.0,Все работают,Хорошее
26.91,10.64,45.41,150.16,48.09,191.83,74.0,Все работают,Оптимальное
37.02,59.71,42.92,67.25,73.83,4503.25,52.0,Все работают,Хорошее
70.7,71.19,78.47,66.43,29.19,8334.16,37.0,Все работают,Критическое
66.95,96.19,59.13,57.52,99.58,4046.63,224.0,Все работают,Критическое с риском отказа
47.88,73.86,93.43,286.78,44.84,9287.48,116.0,Некоторые остановлены,Критическое
59.24,59.82,70.91,918.4,72.56,3866.42,160.0,Все работают,Хорошее
28.19,70.74,83.91,46.61,89.28,8478.86,151.0,Некоторые остановлены,Критическое
41.81,34.05,102.07,5.58,30.54,9501.07,116.0,Некоторые остановлены,Критическое с риском отказа
12.06,24.31,49.23,201.81,39.24,5331.52,55.0,Все работают,Оптимальное
37.85,13.53,72.16,775.4,14.64,8599.42,35.0,Все работают,Хорошее
21.14,3.36,33.66,749.31,59.93,6086.81,88.0,Все работают,Оптимальное
47.25,58.29,39.9,60.29,37.9,8922.51,44.0,Все работают,Хорошее
14.21,35.91,70.05,61.62,72.72,8308.2,34.0,Все работают,Хорошее
58.23,64.28,36.6,232.95,83.68,4619.62,179.0,Все работают,Хорошее
20.32,45.8,41.18,63.67,73.05,8565.49,163.0,Все работают,Хорошее
38.13,40.14,75.91,62.31,88.1,5812.68,156.0,Некоторые остановлены,Критическое
21.99,6.15,27.76,904.44,55.79,6499.58,71.0,Все работают,Оптимальное
85.09,93.87,72.76,17.5,89.61,9796.09,435.0,Все работают,Критическое
14.26,10.29,31.31,350.04,28.63,3718.79,91.0,Все работают,Оптимальное
3.08,29.65,20.28,999.61,39.86,1685.27,82.0,Все работают,Оптимальное
4.32,9.86,31.89,373.08,19.09,2683.71,79.0,Все работают,Оптимальное
94.36,27.75,41.3,36.52,83.65,236.09,1.0,Все работают,Критическое с риском отказа
71.52,69.1,58.11,21.11,93.99,8221.25,94.0,Некоторые остановлены,Критическое
16.62,39.04,33.59,1.16,99.71,9296.61,268.0,Критический сервис остановлен,Критическое с риском отказа
0.33,39.27,48.92,113.23,62.26,740.88,99.0,Все работают,Оптимальное
98.74,52.93,107.66,69.97,6.12,9694.79,499.0,Все работают,Критическое с риском отказа
62.01,64.08,115.3,31.2,43.71,8687.72,64.0,Критический сервис остановлен,Критическое с риском отказа
4.46,47.45,45.41,51.17,7.5,4662.87,109.0,Все работают,Хорошее
23.04,64.28,62.19,10.33,91.78,4119.88,368.0,Некоторые остановлены,Критическое
6.5,39.76,30.17,960.62,82.16,7691.44,42.0,Все работают,Хорошее
28.82,36.5,74.07,54.33,49.4,8396.54,106.0,Все работают,Хорошее
55.42,65.86,27.34,765.48,76.26,8715.43,80.0,Все работают,Хорошее
8.56,91.23,73.18,21.63,18.95,1153.34,297.0,Все работают,Критическое
89.89,51.57,32.4,829.56,73.77,9118.57,365.0,Некоторые остановлены,Критическое
11.07,60.26,64.11,93.96,75.59,2963.65,158.0,Все работают,Хорошее
24.19,9.23,35.97,664.0,11.27,703.44,93.0,Все работают,Оптимальное
34.01,48.02,40.01,79.82,80.45,5943.87,45.0,Все работают,Хорошее
12.66,97.35,67.81,688.92,0.11,1975.2,6.0,Критический сервис остановлен,Критическое с риском отказа
53.58,45.65,78.56,67.74,86.74,7080.58,157.0,Некоторые остановлены,Критическое
50.23,39.8,52.33,62.96,73.41,8531.24,169.0,Все работают,Хорошее
73.86,79.21,86.18,76.41,93.87,1930.78,276.0,Все работают,Критическое
42.35,55.76,26.46,76.19,81.7,8704.26,114.0,Все работают,Хорошее
18.56,19.77,32.03,892.67,53.61,5431.73,100.0,Все работают,Оптимальное
2.92,7.12,37.88,374.16,22.64,2026.86,86.0,Все работают,Оптимальное
81.4,82.87,56.82,29.35,96.4,9423.54,352.0,Некоторые остановлены,Критическое
3.73,62.29,39.58,72.77,16.24,9463.3,447.0,Все работают,Критическое
15.96,1.92,20.27,316.22,5.25,7644.57,34.0,Все работают,Оптимальное
98.33,73.79,23.59,2.9,75.85,9782.63,49.0,Некоторые остановлены,Критическое с риском отказа
9.78,54.69,61.86,688.29,45.67,8811.69,192.0,Все работают,Хорошее
18.28,26.81,43.13,871.78,27.61,1783.72,70.0,Все работают,Оптимальное
1.85,51.7,30.76,318.26,83.05,6714.21,111.0,Все работают,Хорошее
82.46,85.11,62.07,40.62,92.55,9440.67,142.0,Все работают,Критическое
32.68,24.36,28.77,88.71,15.18,7844.88,160.0,Все работают,Хорошее
22.74,3.03,22.51,564.2,4.42,6023.11,76.0,Все работают,Оптимальное
20.72,26.73,20.17,583.18,55.82,7604.19,43.0,Все работают,Оптимальное
58.3,65.51,60.31,51.01,7.19,7989.68,192.0,Все работают,Хорошее
82.2,88.68,91.26,5.3,39.34,9486.48,629.0,Критический сервис остановлен,Критическое с риском отказа
11.31,15.55,48.08,356.32,19.36,1589.06,49.0,Все работают,Оптимальное
35.44,48.71,57.21,59.69,42.02,7266.27,90.0,Все работают,Хорошее
17.86,37.98,27.09,94.79,42.45,6011.01,79.0,Все работают,Оптимальное
54.19,53.58,43.99,57.92,83.78,1448.72,161.0,Все работают,Хорошее
32.38,20.61,59.59,73.56,23.25,8126.83,33.0,Все работают,Хорошее
52.18,51.39,50.81,335.07,28.61,8103.15,59.0,Все работают,Хорошее
36.07,24.5,73.32,32.81,51.12,7329.82,486.0,Все работают,Критическое
43.95,41.42,61.39,857.9,78.54,8929.93,67.0,Все работают,Хорошее
78.02,27.45,38.36,37.59,24.9,8345.63,102.0,Некоторые остановлены,Критическое
45.0,53.76,64.6,58.34,80.75,8982.22,163.0,Все работают,Хорошее
65.87,58.56,60.93,110.58,75.24,3269.97,123.0,Все работают,Критическое
46.58,19.34,61.24,345.68,5.91,8103.42,84.0,Все работают,Хорошее
61.0,87.09,99.44,62.7,37.5,9335.97,151.0,Все работают,Критическое
53.54,43.01,48.3,77.01,68.41,8039.1,103.0,Все работают,Хорошее
14.53,63.53,51.16,345.08,55.51,474.14,174.0,Все работают,Хорошее
42.84,13.73,74.23,676.07,30.83,8042.09,170.0,Все работают,Хорошее
48.79,34.97,29.31,23.28,99.48,9920.31,127.0,Все работают,Критическое с риском отказа
10.88,1.54,27.07,881.48,19.05,5618.79,34.0,Все работают,Оптимальное
21.04,25.28,29.05,759.64,14.75,7619.27,82.0,Все работают,Оптимальное
78.08,97.75,77.53,20.44,99.99,8231.63,128.0,Критический сервис остановлен,Критическое с риском отказа
5.17,37.12,28.4,660.4,32.64,716.41,93.0,Все работают,Оптимальное
28.13,33.37,22.63,113.94,18.37,1482.84,74.0,Все работают,Оптимальное
67.71,90.88,88.94,74.85,85.27,3553.95,366.0,Некоторые остановлены,Критическое
0.07,26.4,29.33,83.13,48.57,1530.25,75.0,Все работают,Оптимальное
21.6,21.33,30.34,609.59,65.08,6930.17,77.0,Все работают,Оптимальное
13.16,44.54,29.21,529.62,81.0,3253.68,61.0,Все работают,Хорошее
99.16,97.19,118.23,781.33,99.51,9975.63,299.0,Все работают,Критическое с риском отказа
59.65,55.14,26.9,69.39,2.22,8396.83,91.0,Все работают,Хорошее
16.64,7.99,62.8,450.59,72.36,8537.75,94.0,Все работают,Хорошее
16.9,19.39,45.81,699.85,35.01,1885.44,37.0,Все работают,Оптимальное
24.29,22.09,24.34,667.26,67.32,2698.81,38.0,Все работают,Оптимальное
27.7,5.44,36.93,249.22,29.29,396.94,100.0,Все работают,Оптимальное
1.26,39.43,63.14,77.71,13.65,209.33,80.0,Все работают,Хорошее
29.55,48.56,65.59,12.52,15.99,7514.28,52.0,Некоторые остановлены,Критическое
31.12,56.52,62.23,57.04,55.12,8454.52,90.0,Все работают,Хорошее
59.61,81.95,74.45,35.93,78.16,9360.87,89.0,Все работают,Критическое
32.85,89.84,57.07,181.19,78.71,8115.53,81.0,Все работают,Критическое
39.81,6.66,51.36,79.69,94.89,8231.1,548.0,Некоторые остановлены,Критическое с риском отказа
30.23,95.43,112.04,28.6,89.35,230.73,30.0,Некоторые остановлены,Критическое с риском отказа
64.72,50.94,61.8,19.55,7.66,9150.07,91.0,Все работают,Критическое
35.06,14.65,61.09,613.58,71.28,8191.64,93.0,Все работают,Хорошее
58.32,52.03,34.32,876.51,4.67,928.08,146.0,Все работают,Хорошее
2.23,66.87,64.33,450.1,83.57,8542.75,124.0,Все работают,Хорошее
12.1,1.16,39.51,175.25,73.2,5317.33,7.0,Все работают,Критическое с риском отказа
93.58,95.06,111.39,44.23,99.42,8851.8,83.0,Некоторые остановлены,Критическое с риском отказа
25.09,12.68,39.77,332.77,16.02,7156.45,39.0,Все работают,Оптимальное
92.24,85.7,112.27,77.58,98.64,2292.99,296.0,Все работают,Критическое с риском отказа
60.29,25.82,77.4,79.41,44.93,8742.83,196.0,Критический сервис остановлен,Критическое с риском отказа
16.07,88.69,36.72,58.23,99.27,8488.45,3.0,Некоторые остановлены,Критическое с риском отказа
22.77,42.81,53.91,52.3,70.73,3790.15,96.0,Все работают,Хорошее
52.13,56.94,50.81,77.65,37.14,8390.57,56.0,Все работают,Хорошее
17.9,32.5,42.19,442.25,53.35,3682.8,47.0,Все работают,Оптимальное
11.71,5.48,35.57,193.42,48.95,1515.84,93.0,Все работают,Оптимальное
25.89,27.05,20.36,111.91,18.26,524.04,73.0,Все работают,Оптимальное
79.89,93.81,30.77,6.08,74.43,1686.84,732.0,Все работают,Критическое с риском отказа
33.83,42.55,52.55,683.15,2.06,8372.96,63.0,Все работают,Хорошее
65.12,45.44,63.94,76.59,99.88,9207.2,91.0,Критический сервис остановлен,Критическое с риском отказа
94.8,46.76,108.49,61.27,43.21,9446.37,318.0,Все работают,Критическое с риском отказа
46.21,25.52,97.2,168.06,90.79,9574.86,139.0,Все работают,Критическое
0.47,12.88,47.52,796.73,39.53,463.67,92.0,Все работают,Оптимальное
52.09,2.81,60.65,59.63,52.05,8381.33,107.0,Все работают,Хорошее
17.19,27.88,30.11,11.02,14.39,2045.07,92.0,Все работают,Критическое
94.86,52.43,72.4,30.69,10.07,1460.09,352.0,Все работают,Критическое с риском отказа
34.42,63.03,64.39,739.18,75.77,8129.39,195.0,Все работают,Хорошее
39.41,67.61,36.19,59.66,84.98,2108.32,70.0,Все работают,Хорошее
89.21,80.5,89.1,53.51,99.6,9035.44,1.0,Все работают,Критическое с риском отказа
98.73,79.69,111.42,48.14,91.75,108.41,211.0,Некоторые остановлены,Критическое с риском отказа
11.55,29.27,25.11,339.49,27.74,2530.05,40.0,Все работают,Оптимальное
62.68,74.27,30.59,12.4,89.79,9601.66,113.0,Все работают,Критическое
32.13,60.51,71.42,74.56,48.35,5604.71,81.0,Все работают,Хорошее
12.4,11.12,30.96,708.53,65.9,4067.91,60.0,Все работают,Оптимальное
23.43,39.17,47.46,98.41,40.21,2718.06,60.0,Все работают,Оптимальное
22.56,59.98,70.07,63.58,17.38,892.12,45.0,Все работают,Хорошее
13.06,17.0,40.76,633.28,26.64,2740.09,87.0,Все работают,Оптимальное
12.61,97.88,45.37,7.34,77.27,9855.72,994.0,Критический сервис остановлен,Критическое с риском отказа
28.34,38.77,30.8,648.29,32.08,1057.48,92.0,Все работают,Оптимальное
70.1,79.76,104.84,48.86,99.42,8999.69,205.0,Критический сервис остановлен,Критическое с риском отказа
14.24,41.81,68.38,50.69,82.16,6222.95,133.0,Все работают,Хорошее
1.39,64.06,55.6,70.42,86.81,8420.08,175.0,Все работают,Критическое
25.64,13.72,21.08,400.79,33.63,427.77,32.0,Все работают,Оптимальное
6.26,9.27,42.74,169.86,6.32,7261.01,52.0,Все работают,Оптимальное
90.68,22.13,33.04,13.84,1.92,4503.06,79.0,Критический сервис остановлен,Критическое с риском отказа
17.22,56.73,30.72,45.46,90.0,8241.32,227.0,Некоторые остановлены,Критическое
23.71,23.02,32.03,952.89,13.85,4939.11,69.0,Все работают,Оптимальное
22.01,32.05,24.97,316.54,3.64,3035.2,78.0,Все работают,Оптимальное
14.58,5.63,27.92,821.22,9.43,6293.71,37.0,Все работают,Оптимальное
36.66,49.54,31.1,107.92,35.78,8442.92,58.0,Все работают,Хорошее
68.26,72.31,60.37,999.01,66.06,9213.11,91.0,Некоторые остановлены,Критическое
19.82,16.55,47.58,94.31,5.41,2159.39,36.0,Все работают,Оптимальное
16.27,33.15,44.9,49.76,97.44,8082.91,108.0,Некоторые остановлены,Критическое
54.92,16.25,43.9,68.21,82.71,8912.77,119.0,Все работают,Хорошее
9.29,51.6,68.92,75.58,81.08,6217.4,68.0,Все работают,Хорошее
17.03,36.42,32.04,896.58,51.39,7249.1,63.0,Все работают,Оптимальное
51.0,13.14,33.15,62.32,70.65,502.15,49.0,Все работают,Хорошее
19.6,21.39,85.65,6.72,75.87,9683.17,628.0,Все работают,Критическое с риском отказа
23.9,42.41,68.94,85.01,78.3,9506.9,158.0,Все работают,Критическое
53.97,54.64,43.95,355.44,14.37,2899.04,122.0,Все работают,Хорошее
57.35,66.86,40.61,60.36,80.32,8090.6,81.0,Все работают,Хорошее
25.79,14.31,45.5,756.41,76.87,7416.62,179.0,Все работают,Хорошее
13.07,39.3,36.25,434.9,54.64,4107.46,37.0,Все работают,Оптимальное
24.15,24.58,36.77,836.57,63.8,7136.27,30.0,Все работают,Оптимальное
25.55,30.26,21.86,81.21,62.13,4521.86,77.0,Все работают,Оптимальное
22.43,10.51,34.66,860.86,25.78,5485.03,36.0,Все работают,Оптимальное
66.29,7.2,100.49,65.04,11.47,8183.78,474.0,Некоторые остановлены,Критическое с риском отказа
5.66,18.72,36.59,92.38,14.58,7017.92,95.0,Все работают,Оптимальное
0.66,82.32,99.44,12.71,92.55,6417.75,82.0,Некоторые остановлены,Критическое
73.44,90.93,37.02,243.91,26.28,3302.21,223.0,Все работают,Критическое
6.16,24.63,36.06,902.1,60.87,1660.5,54.0,Все работают,Оптимальное
88.57,1.27,119.84,38.05,43.22,9877.41,186.0,Все работают,Критическое с риском отказа
7.22,4.15,43.06,641.74,34.7,194.01,99.0,Все работают,Оптимальное
54.35,1.71,29.43,56.08,75.35,8529.92,54.0,Все работают,Хорошее
15.0,3.97,24.16,852.34,36.92,7034.88,31.0,Все работают,Оптимальное
17.64,88.17,25.16,25.1,90.49,4774.26,42.0,Некоторые остановлены,Критическое
3.7,10.58,46.55,2.57,99.89,8192.4,776.0,Критический сервис остановлен,Критическое с риском отказа
31.8,2.81,41.1,0.56,98.45,5798.39,3.0,Критический сервис остановлен,Критическое с риском отказа
73.16,62.05,105.75,803.6,92.03,9234.93,602.0,Все работают,Критическое с риском отказа
41.63,76.75,99.14,55.89,68.32,1808.25,91.0,Все работают,Критическое
15.63,35.88,33.27,972.88,8.18,6739.99,70.0,Все работают,Оптимальное
13.63,39.76,49.48,646.62,46.63,2515.47,59.0,Все работают,Оптимальное
80.13,94.73,95.09,15.51,76.35,9186.72,111.0,Все работают,Критическое
49.24,8.03,44.97,214.01,0.28,8031.45,84.0,Все работают,Хорошее
62.26,84.16,21.41,440.85,89.02,8038.74,96.0,Все работают,Критическое
24.13,7.24,39.96,131.98,7.63,6567.67,35.0,Все работают,Оптимальное
24.41,26.76,39.18,954.44,12.33,7265.25,61.0,Все работают,Оптимальное
57.53,71.52,57.11,52.39,72.35,8192.25,375.0,Все работают,Критическое
37.81,35.26,69.07,447.42,99.46,5017.43,158.0,Некоторые остановлены,Критическое с риском отказа
23.27,13.8,73.72,76.34,88.83,8129.48,340.0,Некоторые остановлены,Критическое
16.89,18.03,20.97,594.31,42.95,528.22,45.0,Все работают,Оптимальное
59.03,20.63,30.27,66.91,53.69,8228.59,144.0,Все работают,Хорошее
87.57,95.28,110.28,865.05,84.1,4882.81,365.0,Критический сервис остановлен,Критическое с риском отказа
66.28,73.9,39.12,441.97,86.23,9319.34,170.0,Некоторые остановлены,Критическое
1.75,1.01,65.96,695.23,28.33,8130.0,119.0,Некоторые остановлены,Критическое
22.16,20.54,65.11,4.95,94.1,9620.32,6.0,Все работают,Критическое с риском отказа
29.45,69.19,31.99,172.56,71.57,8481.67,169.0,Все работают,Хорошее
28.84,22.97,43.79,831.9,83.2,8749.44,146.0,Все работают,Хорошее
23.58,21.13,46.63,786.97,44.55,4101.89,54.0,Все работают,Оптимальное
29.59,29.21,41.27,344.03,12.53,1555.48,50.0,Все работают,Оптимальное
9.76,12.42,56.28,67.81,74.73,8632.99,30.0,Все работают,Хорошее
55.61,59.97,50.14,59.61,24.47,7501.59,87.0,Все работают,Хорошее
54.86,52.43,44.18,73.89,3.82,8272.11,30.0,Все работают,Хорошее
50.83,52.58,84.07,71.75,91.24,9083.59,30.0,Все работают,Критическое
1.64,62.82,52.93,75.91,66.55,8849.76,101.0,Все работают,Хорошее
28.53,85.87,64.47,182.52,91.23,3184.63,128.0,Все работают,Критическое
3.55,17.72,23.12,487.71,38.47,6619.18,95.0,Все работают,Оптимальное
43.57,31.11,65.54,79.89,83.81,97.68,38.0,Все работают,Хорошее
3.47,15.39,21.97,490.39,1.24,7250.35,81.0,Все работают,Оптимальное
23.76,26.8,39.82,69.16,81.94,2916.63,323.0,Некоторые остановлены,Критическое
68.27,49.12,82.04,73.1,89.27,9616.23,41.0,Некоторые остановлены,Критическое
30.63,59.21,72.31,75.8,83.07,8102.83,177.0,Все работают,Хорошее
95.57,29.62,82.0,2.55,99.42,9701.66,100.0,Все работают,Критическое с риском отказа
22.39,3.69,25.34,641.91,18.48,4718.37,53.0,Все работают,Оптимальное
30.3,46.37,33.29,51.65,82.76,4049.23,77.0,Все работают,Хорошее
62.74,72.93,61.93,41.15,96.31,4980.51,131.0,Все работают,Критическое
48.29,18.51,24.49,336.46,71.44,6381.45,141.0,Все работают,Хорошее
11.21,28.38,68.01,799.37,2.92,1497.46,195.0,Все работают,Хорошее
26.3,34.76,59.51,403.9,29.26,7775.68,102.0,Все работают,Хорошее
22.42,30.68,34.3,776.55,51.53,7897.97,97.0,Все работают,Оптимальное
21.13,32.04,33.59,778.71,18.89,910.18,49.0,Все работают,Оптимальное
24.93,23.52,26.29,491.76,64.11,4841.7,39.0,Все работают,Оптимальное
78.49,5.83,75.37,29.39,81.92,1963.73,206.0,Все работают,Критическое
18.8,42.2,25.04,781.52,61.91,795.7,126.0,Все работают,Хорошее
29.45,31.28,44.07,797.21,30.21,6829.43,58.0,Все работают,Оптимальное
66.99,41.4,89.25,78.76,72.65,9556.14,97.0,Некоторые остановлены,Критическое
3.14,14.27,29.28,132.68,9.31,3582.16,52.0,Все работают,Оптимальное
15.99,16.58,23.49,75.96,6.26,8009.68,112.0,Все работают,Хорошее
18.06,41.93,103.12,278.1,98.35,9832.52,238.0,Критический сервис остановлен,Критическое с риском отказа
24.48,19.81,50.91,51.46,51.51,1829.52,146.0,Все работают,Хорошее
33.96,12.49,98.46,0.35,95.53,8206.94,0.0,Критический сервис остановлен,Критическое с риском отказа
14.33,13.52,32.45,598.39,15.77,2223.6,70.0,Все работают,Оптимальное
4.25,14.42,32.92,326.55,0.38,4620.36,95.0,Все работают,Оптимальное
32.93,5.62,100.04,1.05,52.09,9851.64,433.0,Некоторые остановлены,Критическое с риском отказа
54.44,98.17,32.04,6.62,94.53,9345.78,901.0,Все работают,Критическое с риском отказа
25.36,35.59,43.49,341.56,6.19,5780.66,86.0,Все работают,Оптимальное
10.65,5.81,41.57,512.83,29.73,6491.6,56.0,Все работают,Оптимальное
7.83,10.56,33.26,464.88,7.86,102.03,51.0,Все работают,Оптимальное
7.64,97.25,63.65,47.04,98.53,3106.94,5.0,Некоторые остановлены,Критическое с риском отказа
6.34,40.79,39.55,78.57,54.7,8386.46,148.0,Все работают,Хорошее
39.93,36.87,39.46,73.83,32.8,8880.63,45.0,Все работают,Хорошее
7.15,27.34,27.38,74.99,60.28,8778.95,35.0,Все работают,Хорошее
26.69,9.08,23.14,506.8,48.72,5875.64,31.0,Все работают,Оптимальное
59.35,50.45,71.24,307.45,77.06,8116.45,152.0,Все работают,Хорошее
5.4,44.92,54.18,64.67,47.35,2611.72,187.0,Все работают,Хорошее
9.25,15.89,103.01,8.11,2.34,8583.01,2.0,Некоторые остановлены,Критическое с риском отказа
37.51,47.48,26.54,5.26,88.73,6875.9,6.0,Все работают,Критическое с риском отказа
11.45,1.01,33.84,754.35,19.64,6348.01,87.0,Все работают,Оптимальное
77.77,46.94,75.34,18.94,8.72,9473.92,407.0,Все работают,Критическое
26.91,11.25,36.67,140.35,48.47,1740.24,40.0,Все работают,Оптимальное
27.33,84.74,29.17,83.02,88.6,3214.73,132.0,Некоторые остановлены,Критическое
76.65,35.11,91.22,35.43,92.26,8898.07,386.0,Некоторые остановлены,Критическое
11.93,2.05,27.33,920.76,28.26,2478.17,50.0,Все работают,Оптимальное
20.85,57.63,63.43,488.69,63.4,6216.75,87.0,Все работают,Хорошее
7.35,47.29,33.16,52.97,30.23,8231.2,93.0,Все работают,Хорошее
31.12,28.15,36.84,351.27,97.89,7897.74,46.0,Все работают,Критическое
6.42,28.11,44.09,502.46,49.24,4889.77,60.0,Все работают,Оптимальное
50.94,68.74,73.29,517.58,81.72,8221.43,161.0,Все работают,Хорошее
58.94,42.21,108.8,17.6,98.56,8324.39,149.0,Критический сервис остановлен,Критическое с риском отказа
23.68,30.36,33.14,782.93,15.6,1710.97,50.0,Все работают,Оптимальное
39.56,20.96,47.54,860.13,47.49,4979.85,90.0,Все работают,Хорошее
26.62,17.93,34.24,663.83,47.98,6273.73,73.0,Все работают,Оптимальное
17.17,29.85,32.24,258.18,30.84,6436.05,67.0,Все работают,Оптимальное
6.39,66.0,61.45,61.8,38.96,8417.92,130.0,Все работают,Хорошее
51.78,30.31,23.24,465.51,36.85,8105.3,115.0,Все работают,Хорошее
26.38,46.46,67.16,332.7,82.47,3803.7,149.0,Все работают,Хорошее
96.41,97.23,67.44,48.6,6.93,8455.43,810.0,Некоторые остановлены,Критическое с риском отказа
44.38,57.68,82.84,74.27,23.41,9922.58,352.0,Все работают,Критическое
58.68,15.48,71.03,65.58,73.48,977.62,34.0,Все работают,Хорошее
43.99,2.13,29.0,64.41,70.96,8460.07,65.0,Все работают,Хорошее
27.95,31.91,36.38,369.01,39.19,3842.47,75.0,Все работают,Оптимальное
11.81,27.66,44.43,782.03,4.69,3250.65,38.0,Все работают,Оптимальное
7.25,29.77,57.58,22.13,90.23,8567.02,215.0,Все работают,Критическое
28.97,43.1,31.41,860.02,82.96,7343.1,33.0,Все работают,Хорошее
38.67,55.74,50.96,886.43,54.99,8806.15,134.0,Все работают,Хорошее
43.87,59.55,33.47,288.1,84.08,8904.51,100.0,Все работают,Хорошее
32.52,92.11,76.33,51.96,37.42,7101.96,408.0,Некоторые остановлены,Критическое
41.08,52.88,44.55,18.82,94.59,8675.42,138.0,Некоторые остановлены,Критическое
20.39,13.59,44.77,195.34,34.76,6257.37,72.0,Все работают,Оптимальное
20.18,82.57,75.46,36.8,94.86,9768.84,109.0,Все работают,Критическое
33.26,46.56,58.2,189.33,74.64,8892.04,71.0,Все работают,Хорошее
17.25,22.41,20.45,615.28,53.13,5968.07,48.0,Все работают,Оптимальное
88.18,90.47,90.17,73.9,92.1,9834.3,67.0,Все работают,Критическое
22.86,31.41,34.47,556.96,39.26,6508.99,32.0,Все работают,Оптимальное
20.37,40.11,33.43,65.61,81.92,276.45,184.0,Все работают,Хорошее
29.43,25.31,34.4,644.77,20.85,104.25,42.0,Все работают,Оптимальное
2.03,30.29,112.21,648.91,96.61,3320.87,640.0,Критический сервис остановлен,Критическое с риском отказа
35.49,79.17,23.19,0.11,51.56,1427.79,491.0,Все работают,Критическое с риском отказа
54.22,61.34,73.74,10.97,78.34,9096.42,127.0,Некоторые остановлены,Критическое
59.56,41.14,21.84,64.74,91.87,9072.4,35.0,Все работают,Критическое
14.13,26.21,42.05,507.75,37.75,6050.77,58.0,Все работают,Оптимальное
57.95,32.73,35.88,54.87,20.23,8193.6,63.0,Все работают,Хорошее
60.7,50.49,58.68,42.2,97.33,2731.99,48.0,Некоторые остановлены,Критическое
14.24,38.27,36.32,589.12,61.64,858.51,68.0,Все работают,Оптимальное
3.81,17.81,20.02,999.3,63.9,681.98,91.0,Все работают,Оптимальное
22.94,21.04,32.58,347.56,61.24,4394.05,89.0,Все работают,Оптимальное
57.76,64.34,22.65,56.74,45.96,8099.85,37.0,Все работают,Хорошее
34.23,59.52,53.77,71.06,80.3,6434.81,150.0,Все работают,Хорошее
41.93,40.8,48.25,936.57,76.11,8527.45,178.0,Все работают,Хорошее
51.11,44.33,56.04,64.99,79.04,3126.71,96.0,Все работают,Хорошее
42.62,22.26,56.62,208.67,73.35,4169.68,80.0,Все работают,Хорошее
29.24,36.8,30.23,359.08,36.12,3297.79,91.0,Все работают,Оптимальное
48.87,47.82,67.79,50.21,56.39,8682.95,83.0,Все работают,Хорошее
16.37,7.15,62.39,402.14,78.11,2898.46,149.0,Все работают,Хорошее
33.24,96.56,22.96,681.79,96.24,9629.36,166.0,Критический сервис остановлен,Критическое с риском отказа
4.04,5.42,40.92,675.4,57.93,5449.19,92.0,Все работают,Оптимальное
90.29,56.99,27.84,379.73,87.01,9464.58,264.0,Критический сервис остановлен,Критическое с риском отказа
7.14,52.59,51.09,415.85,60.41,5592.03,72.0,Все работают,Хорошее
53.58,36.33,33.63,907.66,84.09,3027.69,121.0,Все работают,Хорошее
13.36,29.35,45.47,279.33,40.86,1601.87,71.0,Все работают,Оптимальное
10.78,33.81,46.77,448.0,62.12,2801.16,56.0,Все работают,Оптимальное
59.42,41.93,65.68,252.13,22.98,8809.59,50.0,Все работают,Хорошее
68.11,65.25,85.52,23.86,97.74,8987.29,75.0,Все работают,Критическое
28.93,12.86,29.91,540.2,57.26,831.53,57.0,Все работают,Оптимальное
68.8,89.62,75.12,67.16,90.11,9904.15,199.0,Все работают,Критическое
56.93,54.53,56.07,386.64,66.13,8858.65,83.0,Все работают,Хорошее
75.15,41.37,25.84,76.27,88.24,8930.76,144.0,Все работают,Критическое
15.27,93.52,75.61,58.02,91.83,9309.88,257.0,Все работают,Критическое
7.84,33.94,28.57,618.17,31.86,5515.47,34.0,Все работают,Оптимальное
12.82,34.11,39.45,572.03,45.85,4510.78,97.0,Все работают,Оптимальное
18.48,28.75,35.59,486.17,65.86,412.82,96.0,Все работают,Оптимальное
17.2,47.59,43.27,71.46,71.22,6441.39,193.0,Все работают,Хорошее
19.03,36.21,66.0,75.79,9.39,8370.51,107.0,Все работают,Хорошее
72.7,84.13,32.47,111.96,98.9,6250.34,174.0,Некоторые остановлены,Критическое с риском отказа
17.49,7.06,48.94,345.86,5.43,7950.53,56.0,Все работают,Оптимальное
36.03,95.77,109.29,562.69,67.36,3102.96,306.0,Все работают,Критическое с риском отказа
79.49,94.26,41.74,52.22,78.89,9037.73,49.0,Все работают,Критическое
58.41,81.87,91.71,11.74,91.97,410.33,72.0,Все работают,Критическое
26.75,1.82,46.85,643.78,25.59,2910.32,64.0,Все работают,Оптимальное
6.57,16.07,35.77,892.32,37.09,4638.79,74.0,Все работают,Оптимальное
13.83,80.15,64.45,10.4,83.27,8102.59,142.0,Все работают,Критическое
9.69,65.96,26.06,51.26,4.29,8690.2,84.0,Все работают,Хорошее
40.2,33.81,95.83,31.9,57.1,4430.18,338.0,Все работают,Критическое
34.37,11.49,26.94,93.87,9.06,8544.57,60.0,Все работают,Хорошее
81.42,9.21,49.2,997.63,62.6,9407.9,136.0,Некоторые остановлены,Критическое
95.8,79.4,88.8,116.56,98.78,438.0,1.0,Некоторые остановлены,Критическое с риском отказа
44.7,7.48,57.29,75.95,48.38,512.22,176.0,Все работают,Хорошее
15.66,20.0,25.3,390.82,10.12,7354.97,65.0,Все работают,Оптимальное
17.71,32.44,40.26,912.65,19.57,5553.1,88.0,Все работают,Оптимальное
36.22,63.63,30.21,67.38,78.42,8059.2,91.0,Все работают,Хорошее
14.46,22.3,31.81,342.32,52.02,4381.7,76.0,Все работают,Оптимальное
52.39,60.32,70.07,73.88,24.86,8653.34,84.0,Все работают,Хорошее
58.49,49.07,26.01,75.24,84.68,3441.4,117.0,Все работают,Хорошее
20.86,2.85,25.7,119.57,47.31,5204.36,60.0,Все работают,Оптимальное
8.27,17.52,33.05,339.27,2.59,3681.62,38.0,Все работают,Оптимальное
11.75,4.19,41.49,337.11,57.86,1356.39,67.0,Все работают,Оптимальное
8.67,5.2,21.2,710.25,2.05,6286.77,76.0,Все работают,Оптимальное
13.35,10.69,30.37,450.89,18.61,3793.03,38.0,Все работают,Оптимальное
3.66,67.22,71.63,57.68,73.95,840.31,101.0,Все работают,Хорошее
3.64,8.0,24.37,376.16,22.46,2405.13,34.0,Все работают,Оптимальное
1.17,31.29,43.18,826.43,58.42,7951.52,96.0,Все работают,Оптимальное
78.68,59.08,70.52,472.26,91.23,9625.35,135.0,Некоторые остановлены,Критическое
90.7,60.97,116.38,72.08,99.0,9663.22,759.0,Все работают,Критическое с риском отказа
45.1,3.33,54.77,498.05,39.33,3082.76,102.0,Все работают,Хорошее
82.0,79.53,76.45,48.04,84.66,13.16,53.0,Некоторые остановлены,Критическое
0.62,66.64,44.49,61.73,76.42,8019.8,73.0,Все работают,Хорошее
61.29,79.02,83.79,77.84,78.78,9774.84,57.0,Все работают,Критическое
17.89,15.96,42.26,62.39,73.56,8449.92,115.0,Все работают,Хорошее
8.37,59.25,29.97,69.34,43.46,8716.19,34.0,Все работают,Хорошее
13.26,18.88,43.16,897.52,46.3,1615.52,30.0,Все работают,Оптимальное
6.22,4.63,44.07,859.31,56.89,4778.23,74.0,Все работают,Оптимальное
11.96,82.47,57.81,21.23,94.68,9717.52,116.0,Некоторые остановлены,Критическое
94.32,10.74,41.73,561.37,89.62,8902.84,696.0,Критический сервис остановлен,Критическое с риском отказа
50.06,96.76,25.29,26.42,98.61,5357.0,6.0,Все работают,Критическое с риском отказа
53.34,53.28,35.86,245.34,11.09,4297.76,125.0,Все работают,Хорошее
53.68,43.34,60.08,120.69,66.18,8505.67,190.0,Все работают,Хорошее
52.66,10.02,90.7,68.78,61.69,9193.64,329.0,Все работают,Критическое
59.97,69.89,43.81,712.35,24.12,3834.97,179.0,Все работают,Хорошее
88.31,2.48,97.8,824.62,42.43,2776.5,55.0,Некоторые остановлены,Критическое
52.58,44.34,61.45,65.79,57.45,8650.37,95.0,Все работают,Хорошее
31.04,69.15,69.89,69.57,73.13,8067.96,90.0,Все работают,Хорошее
22.04,53.1,35.25,69.58,99.09,4219.96,881.0,Критический сервис остановлен,Критическое с риском отказа
32.05,42.4,64.89,76.94,57.76,3298.55,84.0,Все работают,Хорошее
41.47,44.02,69.05,53.43,19.08,4253.62,75.0,Все работают,Хорошее
44.36,95.89,83.53,19.37,92.87,8329.24,821.0,Все работают,Критическое с риском отказа
39.95,65.97,65.26,12.72,90.01,9834.82,60.0,Некоторые остановлены,Критическое
98.51,98.85,66.29,10.99,99.1,8872.85,107.0,Все работают,Критическое с риском отказа
80.97,87.57,88.48,55.98,77.31,8805.22,74.0,Все работают,Критическое
3.68,6.27,31.34,295.78,4.41,7246.43,84.0,Все работают,Оптимальное
44.39,68.07,25.4,53.78,76.07,8042.42,150.0,Все работают,Хорошее
40.02,45.77,64.94,802.34,53.09,8777.31,73.0,Все работают,Хорошее
10.38,91.44,44.8,0.84,31.57,3649.68,1.0,Все работают,Критическое с риском отказа
37.31,16.01,58.72,964.12,48.61,9815.35,216.0,Все работают,Критическое
9.83,23.17,34.14,726.65,0.13,2957.53,35.0,Все работают,Оптимальное
41.13,34.99,85.92,19.41,97.78,8897.76,215.0,Некоторые остановлены,Критическое
55.78,97.82,44.62,209.36,93.01,716.64,157.0,Некоторые остановлены,Критическое с риском отказа
18.06,41.79,87.57,166.85,35.81,9587.52,253.0,Все работают,Критическое
88.21,42.36,93.08,78.5,50.92,9006.13,153.0,Некоторые остановлены,Критическое
6.34,0.04,27.86,174.17,63.7,4594.53,90.0,Все работают,Оптимальное
67.05,54.7,73.86,10.72,78.13,200.47,238.0,Все работают,Критическое
29.7,0.72,26.31,661.13,62.64,1008.79,34.0,Все работают,Оптимальное
6.61,29.8,45.92,994.79,18.53,2581.63,56.0,Все работают,Оптимальное
2.99,7.96,27.03,829.18,30.84,4995.76,39.0,Все работают,Оптимальное
50.85,5.78,49.9,791.77,77.71,1533.83,87.0,Все работают,Хорошее
29.01,84.17,87.98,500.36,97.32,2050.76,45.0,Все работают,Критическое
21.31,3.0,21.12,360.07,47.74,67.14,51.0,Все работают,Оптимальное
93.23,71.96,98.42,0.63,46.29,1165.19,555.0,Критический сервис остановлен,Критическое с риском отказа
4.73,23.96,47.94,201.18,69.74,7334.95,39.0,Все работают,Оптимальное
63.68,50.12,66.26,17.47,90.05,8293.43,150.0,Все работают,Критическое
67.92,77.84,30.28,10.3,87.1,9435.99,49.0,Все работают,Критическое
5.55,68.6,44.98,77.49,83.58,2716.57,75.0,Все работают,Хорошее
4.22,7.93,56.61,67.0,79.95,4937.75,149.0,Все работают,Хорошее
64.37,65.23,99.69,14.27,72.06,8060.56,65.0,Все работают,Критическое
1.98,12.09,22.51,670.82,23.51,7132.51,46.0,Все работают,Оптимальное
48.38,87.4,66.8,52.34,1.08,8786.26,431.0,Некоторые остановлены,Критическое
16.94,93.64,72.77,29.96,44.45,761.2,447.0,Все работают,Критическое
19.47,30.56,26.97,903.39,68.94,2459.22,92.0,Все работают,Оптимальное
3.53,5.14,34.84,940.92,12.72,1041.82,68.0,Все работают,Оптимальное
54.37,50.39,30.71,35.08,37.0,9279.09,92.0,Все работают,Критическое
18.22,15.59,29.29,187.39,28.5,5734.78,87.0,Все работают,Оптимальное
51.01,60.75,39.22,462.16,71.81,2218.29,184.0,Все работают,Хорошее
48.03,35.74,38.93,79.06,4.99,6209.79,119.0,Все работают,Хорошее
49.15,81.19,51.31,41.52,98.65,3753.17,364.0,Все работают,Критическое с риском отказа
13.13,31.28,25.55,147.02,63.32,3660.88,50.0,Все работают,Оптимальное
48.69,53.17,51.37,976.3,90.07,9789.22,30.0,Некоторые остановлены,Критическое
86.81,60.19,56.81,56.52,71.08,9800.38,216.0,Некоторые остановлены,Критическое
31.75,47.35,45.1,369.84,78.85,219.7,129.0,Все работают,Хорошее
35.38,67.06,43.7,47.27,72.49,9253.8,459.0,Некоторые остановлены,Критическое
46.22,42.46,66.69,48.22,86.54,264.69,187.0,Некоторые остановлены,Критическое
57.71,46.31,100.88,25.9,99.26,8550.26,709.0,Все работают,Критическое с риском отказа
41.88,78.12,78.24,17.86,85.72,5362.71,34.0,Все работают,Критическое
28.95,86.55,81.59,776.98,77.34,4943.56,104.0,Все работают,Критическое
28.48,15.88,49.46,350.58,5.95,2561.81,60.0,Все работают,Оптимальное
82.82,20.35,30.43,37.26,28.38,8762.76,74.0,Некоторые остановлены,Критическое
53.72,69.0,62.25,54.85,82.61,3463.11,130.0,Все работают,Хорошее
41.77,33.33,32.44,61.48,33.69,8335.9,36.0,Все работают,Хорошее
20.76,18.81,36.81,496.4,9.94,8215.92,157.0,Все работают,Хорошее
78.93,94.73,96.85,20.4,81.12,5831.48,95.0,Все работают,Критическое
65.22,89.55,90.29,926.55,92.66,9599.8,334.0,Все работают,Критическое
29.86,33.16,34.52,438.53,48.27,1482.95,70.0,Все работают,Оптимальное
11.77,22.67,30.84,391.19,0.3,6199.32,43.0,Все работают,Оптимальное
24.84,59.24,68.6,79.29,14.85,3627.8,194.0,Все работают,Хорошее
55.81,52.98,74.25,69.46,79.3,7985.5,174.0,Все работают,Хорошее
11.35,27.45,27.03,261.33,20.77,1242.66,93.0,Все работают,Оптимальное
4.35,5.25,95.25,17.67,93.69,9916.76,126.0,Все работают,Критическое
17.73,29.15,35.18,234.83,20.89,700.61,84.0,Все работают,Оптимальное
99.63,9.21,56.53,881.9,84.05,9323.65,82.0,Все работают,Критическое с риском отказа
23.17,37.17,30.4,607.07,29.91,7531.45,68.0,Все работают,Оптимальное
6.51,72.77,33.98,52.45,57.82,9272.7,32.0,Все работают,Критическое
21.02,40.12,70.11,497.16,79.95,8140.43,118.0,Все работают,Хорошее
1.96,35.55,42.3,532.09,62.21,5105.5,61.0,Все работают,Оптимальное
11.73,4.49,110.83,19.07,99.69,8281.34,919.0,Все работают,Критическое с риском отказа
18.5,16.35,26.54,227.63,8.11,4941.94,95.0,Все работают,Оптимальное
26.14,16.37,41.11,387.38,34.14,1569.19,94.0,Все работают,Оптимальное
25.84,23.88,49.32,822.25,35.18,4304.95,89.0,Все работают,Оптимальное
17.41,3.41,24.77,312.24,40.59,1176.26,93.0,Все работают,Оптимальное
19.1,8.04,32.93,967.55,22.43,4662.23,42.0,Все работают,Оптимальное
33.08,4.73,21.5,66.91,41.13,8757.06,30.0,Все работают,Хорошее
7.7,7.06,49.98,301.39,17.67,3840.71,78.0,Все работают,Оптимальное
6.32,35.37,21.99,735.91,39.14,1667.63,84.0,Все работают,Оптимальное
84.14,14.65,96.86,78.96,94.61,9203.89,221.0,Некоторые остановлены,Критическое
2.76,35.38,37.07,565.84,69.4,5291.34,49.0,Все работают,Оптимальное
97.7,53.49,94.56,2.7,99.81,9348.68,8.0,Критический сервис остановлен,Критическое с риском отказа
24.22,20.09,51.44,662.98,22.45,5239.17,198.0,Все работают,Хорошее
7.07,15.32,55.5,433.28,84.22,8859.1,173.0,Все работают,Хорошее
16.44,40.82,67.0,704.27,78.26,8594.63,64.0,Все работают,Хорошее
20.36,28.9,29.85,396.84,40.19,1407.57,36.0,Все работают,Оптимальное
29.62,57.86,58.17,54.67,3.91,6101.06,126.0,Все работают,Хорошее
12.88,4.72,28.57,865.02,25.51,5111.89,74.0,Все работают,Оптимальное
17.5,3.0,34.95,473.39,53.26,7690.55,99.0,Все работают,Оптимальное
98.99,82.15,23.53,8.62,32.48,9923.38,250.0,Некоторые остановлены,Критическое с риском отказа
15.09,34.9,27.87,122.68,48.2,5540.98,94.0,Все работают,Оптимальное
4.27,0.0,39.18,387.86,12.91,1396.47,78.0,Все работают,Оптимальное
15.34,58.9,53.29,61.09,15.65,8331.5,155.0,Все работают,Хорошее
64.0,95.4,21.97,693.98,99.53,2297.05,3.0,Критический сервис остановлен,Критическое с риском отказа
20.08,86.81,65.88,907.88,70.42,9617.01,133.0,Некоторые остановлены,Критическое
0.49,40.5,71.91,374.89,82.5,8324.43,69.0,Все работают,Хорошее
95.74,99.17,119.65,6.57,6.49,9586.96,76.0,Все работают,Критическое с риском отказа
71.4,94.46,63.45,505.98,94.01,9886.2,147.0,Все работают,Критическое
14.92,0.43,44.43,929.06,84.89,8334.33,126.0,Все работают,Хорошее
66.01,97.84,81.07,8.71,99.12,959.89,160.0,Некоторые остановлены,Критическое с риском отказа
4.99,25.18,40.07,530.5,16.8,6733.44,52.0,Все работают,Оптимальное
9.16,86.47,96.54,553.71,90.4,8475.81,48.0,Некоторые остановлены,Критическое
21.1,44.92,87.46,863.7,98.48,8209.61,37.0,Некоторые остановлены,Критическое с риском отказа
6.7,20.82,35.03,155.16,79.2,8616.27,151.0,Все работают,Хорошее
12.51,37.8,20.3,341.72,27.22,6050.85,35.0,Все работают,Оптимальное
16.25,23.6,35.26,329.85,51.47,2814.41,37.0,Все работают,Оптимальное
13.43,9.24,48.24,172.82,21.07,5550.12,69.0,Все работают,Оптимальное
51.1,77.45,96.61,45.8,84.72,8155.26,58.0,Все работают,Критическое
14.55,29.51,70.9,57.72,67.95,6814.48,42.0,Все работают,Хорошее
27.41,11.9,64.98,74.69,59.91,1877.93,126.0,Все работают,Хорошее
27.48,14.63,48.33,565.25,61.53,6121.76,42.0,Все работают,Оптимальное
4.05,10.21,30.18,55.63,81.53,8625.45,172.0,Все работают,Хорошее
24.84,24.52,40.42,182.66,9.36,5261.28,69.0,Все работают,Оптимальное
33.56,36.43,34.87,51.5,78.53,6121.89,183.0,Все работают,Хорошее
93.56,42.7,110.13,1.07,99.71,7033.82,77.0,Некоторые остановлены,Критическое с риском отказа
43.13,26.61,52.43,75.31,85.32,1724.85,741.0,Критический сервис остановлен,Критическое с риском отказа
25.73,29.8,35.09,872.11,12.18,1536.0,47.0,Все работают,Оптимальное
22.32,93.88,76.32,56.97,2.59,8556.99,50.0,Все работают,Критическое
14.83,17.3,31.12,434.09,69.93,6664.08,86.0,Все работают,Оптимальное
35.02,42.22,64.7,79.85,81.34,8692.08,133.0,Все работают,Хорошее
8.15,58.52,67.37,862.44,71.04,8122.86,130.0,Все работают,Хорошее
8.4,10.2,20.69,853.37,49.26,4249.79,97.0,Все работают,Оптимальное
37.83,79.33,105.2,46.88,14.91,9797.26,706.0,Некоторые остановлены,Критическое с риском отказа
84.2,99.54,115.26,72.78,98.67,7707.32,255.0,Все работают,Критическое с риском отказа
44.47,81.6,80.41,886.85,94.47,9868.46,297.0,Все работают,Критическое
31.67,1.66,84.41,139.89,74.1,1261.72,236.0,Некоторые остановлены,Критическое
11.63,28.37,22.13,151.4,52.53,4952.87,82.0,Все работают,Оптимальное
44.27,32.08,30.35,364.77,3.02,8470.65,89.0,Все работают,Хорошее
18.89,29.75,31.34,564.52,56.75,3997.02,30.0,Все работают,Оптимальное
16.79,34.96,22.87,928.89,51.38,5810.25,78.0,Все работают,Оптимальное
25.16,24.56,43.74,75.08,25.4,8773.01,115.0,Все работают,Хорошее
0.59,64.38,69.67,59.81,64.65,6755.91,63.0,Все работают,Хорошее
60.06,5.67,60.47,245.08,44.05,9503.19,187.0,Все работают,Критическое
2.7,0.57,33.49,362.64,35.72,3991.98,35.0,Все работают,Оптимальное
26.01,22.71,48.42,856.8,17.99,7871.88,71.0,Все работают,Оптимальное
40.33,47.35,58.61,63.97,79.53,6158.02,89.0,Все работают,Хорошее
74.99,94.52,106.86,17.56,10.87,1869.45,887.0,Некоторые остановлены,Критическое с риском отказа
34.09,96.53,80.46,5.15,81.61,9815.97,655.0,Все работают,Критическое с риском отказа
6.06,98.19,47.01,9.71,61.37,2849.08,49.0,Все работают,Критическое с риском отказа
3.39,50.14,26.06,50.68,82.3,6974.03,104.0,Все работают,Хорошее
0.45,19.52,40.32,600.59,31.25,4428.87,55.0,Все работают,Оптимальное
80.85,12.38,33.76,993.1,73.99,5769.65,268.0,Некоторые остановлены,Критическое
26.66,20.25,32.39,715.28,61.05,5253.12,61.0,Все работают,Оптимальное
96.52,99.08,103.74,23.79,94.47,8122.12,68.0,Критический сервис остановлен,Критическое с риском отказа
24.01,22.63,33.21,938.83,59.47,4532.15,34.0,Все работают,Оптимальное
25.82,16.01,45.28,53.17,74.67,9806.7,42.0,Некоторые остановлены,Критическое
7.13,22.29,46.75,389.95,40.54,1762.23,38.0,Все работают,Оптимальное
27.39,21.54,33.0,275.89,13.94,3443.69,48.0,Все работают,Оптимальное
39.92,51.91,69.75,872.42,82.4,8684.07,80.0,Все работают,Хорошее
6.16,12.79,48.93,768.64,36.25,5726.13,61.0,Все работают,Оптимальное
86.01,84.87,44.57,55.98,51.43,628.27,461.0,Все работают,Критическое
30.12,90.37,114.76,1.21,95.68,9867.82,151.0,Все работают,Критическое с риском отказа
21.17,13.3,86.58,26.15,69.97,9827.29,158.0,Некоторые остановлены,Критическое
47.27,55.47,60.66,551.86,75.19,3083.93,134.0,Все работают,Хорошее
5.86,20.59,37.49,86.55,38.65,7213.4,79.0,Все работают,Оптимальное
46.99,38.14,71.88,460.25,59.34,5896.17,195.0,Все работают,Хорошее
52.48,5.25,23.86,549.54,75.05,7584.97,109.0,Все работают,Хорошее
33.47,61.4,91.91,73.5,79.25,8659.24,96.0,Некоторые остановлены,Критическое
11.5,6.78,27.55,238.38,20.11,187.94,66.0,Все работают,Оптимальное
85.37,78.14,60.7,71.27,86.49,8614.79,254.0,Все работают,Критическое
92.79,2.32,21.99,24.94,98.65,8689.73,134.0,Некоторые остановлены,Критическое с риском отказа
93.08,62.33,71.6,470.02,99.22,9421.58,715.0,Все работают,Критическое с риском отказа
98.67,69.37,109.08,11.34,92.61,4158.18,57.0,Критический сервис остановлен,Критическое с риском отказа
14.32,7.92,26.33,482.17,63.08,6740.37,95.0,Все работают,Оптимальное
48.58,61.02,52.47,923.99,76.25,4711.25,75.0,Все работают,Хорошее
20.12,55.61,53.65,56.87,70.91,7025.85,42.0,Все работают,Хорошее
89.93,69.95,30.12,34.01,70.8,9862.88,99.0,Все работают,Критическое
23.18,21.71,53.59,26.45,71.7,9335.27,406.0,Некоторые остановлены,Критическое
40.33,60.52,81.13,880.53,36.39,8311.81,2.0,Некоторые остановлены,Критическое с риском отказа
12.13,92.11,104.35,2.99,70.94,9123.92,583.0,Все работают,Критическое с риском отказа
81.83,72.46,24.07,52.43,83.54,8732.04,130.0,Некоторые остановлены,Критическое
17.6,27.96,38.31,522.91,24.56,2531.31,50.0,Все работают,Оптимальное
50.28,45.34,34.78,69.98,70.02,4619.37,194.0,Все работают,Хорошее
28.47,8.78,35.02,988.6,62.87,5902.3,99.0,Все работают,Оптимальное
60.23,74.17,87.53,35.93,25.69,9531.3,161.0,Некоторые остановлены,Критическое
7.82,96.44,26.67,60.38,98.04,1309.02,885.0,Все работают,Критическое с риском отказа
85.15,69.03,80.81,69.78,72.66,9491.31,125.0,Некоторые остановлены,Критическое
88.85,5.78,56.82,36.21,42.88,9658.04,303.0,Все работают,Критическое
46.55,50.36,26.31,48.67,24.4,9249.47,60.0,Некоторые остановлены,Критическое
3.99,37.68,50.76,934.83,4.03,8153.97,85.0,Все работают,Хорошее
42.12,64.2,66.77,149.22,25.12,8907.38,34.0,Все работают,Хорошее
4.73,51.64,27.25,64.94,89.55,9779.93,80.0,Все работают,Критическое
7.15,7.3,45.45,784.24,46.24,89.96,59.0,Все работают,Оптимальное
23.52,27.6,46.14,542.96,24.13,2185.74,71.0,Все работают,Оптимальное
14.62,81.41,24.24,76.11,81.34,8236.94,205.0,Все работают,Критическое
25.68,32.2,40.81,905.35,25.08,936.13,49.0,Все работают,Оптимальное
30.76,14.64,71.67,877.3,75.34,8182.74,42.0,Все работают,Хорошее
19.68,16.08,48.13,371.48,33.71,4781.9,85.0,Все работают,Оптимальное
15.57,95.21,33.6,70.61,71.04,8545.23,569.0,Все работают,Критическое с риском отказа
61.69,20.1,83.01,764.52,86.95,8262.67,470.0,Некоторые остановлены,Критическое
28.84,21.74,49.7,652.43,44.9,2027.9,97.0,Все работают,Оптимальное
0.82,15.7,28.17,411.85,58.8,421.08,77.0,Все работают,Оптимальное
18.53,86.1,85.7,74.78,78.75,9487.51,49.0,Некоторые остановлены,Критическое
20.82,90.2,20.81,77.2,71.07,9187.29,286.0,Все работают,Критическое
13.11,9.38,49.76,952.51,42.85,7973.61,61.0,Все работают,Оптимальное
22.13,10.57,32.51,460.82,64.41,396.97,74.0,Все работают,Оптимальное
25.6,27.38,36.21,497.77,55.94,2780.42,64.0,Все работают,Оптимальное
13.62,34.71,32.45,439.62,59.97,5336.38,58.0,Все работают,Оптимальное
35.06,11.26,46.82,246.52,84.59,8613.9,42.0,Все работают,Хорошее
36.54,86.48,52.17,35.2,99.36,3447.79,30.0,Все работают,Критическое с риском отказа
9.2,6.83,43.09,782.56,39.03,4177.93,184.0,Все работают,Хорошее
0.45,17.88,25.86,608.73,52.21,3258.61,37.0,Все работают,Оптимальное
34.48,20.24,58.34,67.55,7.31,1895.15,108.0,Все работают,Хорошее
67.56,12.24,34.77,50.6,79.2,8940.78,68.0,Все работают,Критическое
42.76,95.04,28.01,0.16,7.79,8642.35,252.0,Некоторые остановлены,Критическое с риском отказа
16.28,21.96,37.84,857.31,16.89,3060.95,89.0,Все работают,Оптимальное
73.67,28.94,56.27,100.15,47.01,8713.21,95.0,Все работают,Критическое
5.32,28.58,25.5,284.22,4.15,7334.4,72.0,Все работают,Оптимальное
25.3,30.3,64.74,872.32,81.53,8096.55,137.0,Все работают,Хорошее
18.3,18.68,22.69,923.51,6.38,5609.63,76.0,Все работают,Оптимальное
87.73,1.63,78.18,16.69,87.65,8537.77,493.0,Все работают,Критическое
39.78,99.34,89.91,3.55,98.63,7961.92,154.0,Критический сервис остановлен,Критическое с риском отказа
2.41,6.71,26.73,73.58,71.11,8824.53,186.0,Все работают,Хорошее
48.55,84.05,24.52,51.08,48.25,8964.47,162.0,Некоторые остановлены,Критическое
58.37,38.11,99.3,53.06,91.19,8891.46,39.0,Все работают,Критическое
21.47,38.45,79.47,54.09,63.79,7809.44,59.0,Некоторые остановлены,Критическое
7.92,4.26,56.67,529.42,78.26,5431.95,126.0,Все работают,Хорошее
21.19,50.13,60.36,256.87,71.3,8082.86,122.0,Все работают,Хорошее
43.62,59.17,20.2,383.35,84.81,8014.54,176.0,Все работают,Хорошее
47.09,39.94,36.86,61.66,67.43,288.94,111.0,Все работают,Хорошее
26.96,13.33,46.39,544.32,67.4,6474.3,57.0,Все работают,Оптимальное
10.64,49.14,55.17,70.53,71.17,8438.95,56.0,Все работают,Хорошее
16.44,69.66,56.4,171.84,72.51,2764.93,105.0,Все работают,Хорошее
76.55,71.19,82.92,58.75,78.38,5632.28,445.0,Некоторые остановлены,Критическое
7.64,32.15,53.39,37.57,88.71,104.89,264.0,Все работают,Критическое
51.24,44.15,35.84,63.57,70.29,1323.7,149.0,Все работают,Хорошее
0.05,23.48,40.22,43.24,85.97,8235.73,2.0,Критический сервис остановлен,Критическое с риском отказа
90.02,95.26,69.08,17.2,91.07,8035.48,59.0,Все работают,Критическое с риском отказа
28.53,17.8,25.73,144.35,6.4,4881.51,48.0,Все работают,Оптимальное
0.53,25.68,27.4,669.35,30.25,1657.24,55.0,Все работают,Оптимальное
35.51,75.31,70.77,39.01,94.91,9712.03,381.0,Все работают,Критическое
5.29,39.17,20.2,345.35,65.07,2247.12,63.0,Все работают,Оптимальное
3.21,19.9,39.52,174.03,8.78,6569.07,51.0,Все работают,Оптимальное
27.34,98.42,84.69,6.11,99.32,8629.58,6.0,Критический сервис остановлен,Критическое с риском отказа
6.62,24.6,44.9,669.7,8.44,2372.88,99.0,Все работают,Оптимальное
28.53,31.85,49.24,106.91,58.85,5685.55,40.0,Все работают,Оптимальное
50.17,58.62,41.95,77.33,76.35,438.77,136.0,Все работают,Хорошее
14.06,36.16,41.07,625.14,32.53,365.68,77.0,Все работают,Оптимальное
20.96,30.52,36.23,483.88,68.62,1966.91,53.0,Все работают,Оптимальное
39.14,89.91,61.49,906.52,26.75,5407.5,489.0,Некоторые остановлены,Критическое
22.59,41.58,55.98,169.07,9.95,8762.19,41.0,Все работают,Хорошее
24.93,68.33,53.32,530.81,80.68,8037.66,152.0,Все работают,Хорошее
51.56,37.24,22.51,59.44,28.8,8714.56,161.0,Все работают,Хорошее
23.28,37.6,45.17,922.44,19.97,1530.56,73.0,Все работают,Оптимальное
53.54,33.96,32.86,535.56,70.74,8397.04,97.0,Все работают,Хорошее
25.61,12.29,58.7,676.53,73.49,1478.06,57.0,Все работают,Хорошее
69.33,29.52,42.81,67.01,86.91,8221.06,210.0,Все работают,Критическое
10.79,4.16,66.67,68.89,31.03,8070.54,43.0,Все работают,Хорошее
53.89,37.25,63.27,571.79,79.07,2035.29,141.0,Все работают,Хорошее
5.13,34.14,20.77,87.0,40.89,3816.54,38.0,Все работают,Оптимальное
37.28,43.0,71.06,74.2,70.59,8088.35,153.0,Все работают,Хорошее
80.42,79.74,106.7,9.71,2.73,8104.57,97.0,Все работают,Критическое с риском отказа
5.47,50.36,58.74,399.44,82.61,8503.98,62.0,Все работают,Хорошее
16.21,33.05,40.73,735.01,0.67,58.86,83.0,Все работают,Оптимальное
86.75,17.31,78.7,66.45,42.75,9143.02,134.0,Все работают,Критическое
23.05,66.43,23.99,62.39,66.75,8455.42,123.0,Все работают,Хорошее
48.68,87.68,113.43,37.61,95.82,8035.45,73.0,Критический сервис остановлен,Критическое с риском отказа
8.86,17.68,23.04,563.51,64.47,7005.36,42.0,Все работают,Оптимальное
16.37,0.67,57.8,37.49,95.34,8215.66,446.0,Все работают,Критическое
9.17,15.87,48.93,978.41,20.71,813.79,37.0,Все работают,Оптимальное
43.38,53.96,52.32,737.57,80.94,3859.5,108.0,Все работают,Хорошее
13.61,0.93,28.93,472.32,2.89,7167.83,85.0,Все работают,Оптимальное
16.22,32.9,29.61,188.13,49.62,1477.89,65.0,Все работают,Оптимальное
12.61,37.42,26.14,187.42,10.93,3530.46,85.0,Все работают,Оптимальное
54.65,63.27,24.13,435.05,6.38,8183.59,141.0,Все работают,Хорошее
7.22,11.39,33.24,795.35,66.78,538.51,93.0,Все работают,Оптимальное
20.02,98.34,98.79,6.86,32.95,8175.44,56.0,Некоторые остановлены,Критическое с риском отказа
10.38,2.55,41.37,653.64,22.04,3493.6,36.0,Все работают,Оптимальное
13.89,14.78,31.63,321.93,23.44,5746.1,70.0,Все работают,Оптимальное
4.77,42.48,62.51,155.68,70.48,8973.76,146.0,Все работают,Хорошее
6.87,5.1,32.48,653.79,41.13,3120.34,47.0,Все работают,Оптимальное
44.23,2.13,47.44,60.43,26.57,8573.67,106.0,Все работают,Хорошее
81.61,74.44,93.98,9.08,72.13,9796.69,88.0,Некоторые остановлены,Критическое с риском отказа
80.56,1.52,39.67,152.0,70.48,8715.08,284.0,Все работают,Критическое
11.15,8.23,20.8,779.32,16.79,7641.06,64.0,Все работают,Оптимальное
4.21,32.44,41.46,130.72,37.66,7083.59,83.0,Все работают,Оптимальное
4.48,37.68,40.68,579.98,8.93,165.9,37.0,Все работают,Оптимальное
56.93,62.08,83.15,12.78,26.17,9800.41,114.0,Некоторые остановлены,Критическое
9.52,22.88,48.99,552.47,56.02,6855.13,47.0,Все работают,Оптимальное
55.15,58.18,54.61,16.92,95.58,9488.61,194.0,Некоторые остановлены,Критическое
19.46,61.84,39.89,72.35,28.98,6305.66,39.0,Все работают,Хорошее
96.86,21.5,53.2,296.93,98.09,9575.86,225.0,Все работают,Критическое с риском отказа
55.07,65.93,71.58,824.14,81.53,8567.73,141.0,Все работают,Хорошее
53.37,37.93,32.74,128.95,70.23,8126.64,188.0,Все работают,Хорошее
18.25,52.94,63.42,61.9,90.35,1326.59,204.0,Все работают,Критическое
6.35,95.96,93.29,301.03,84.38,6776.65,161.0,Критический сервис остановлен,Критическое с риском отказа
86.13,10.74,77.89,64.12,76.93,8078.51,218.0,Все работают,Критическое
49.32,54.99,38.76,547.55,3.93,8963.79,70.0,Все работают,Хорошее
75.1,63.17,52.46,14.39,65.64,8665.3,340.0,Все работают,Критическое
20.03,20.26,63.73,68.48,51.79,8453.57,87.0,Все работают,Хорошее
62.0,45.78,28.84,13.32,71.19,7027.26,89.0,Некоторые остановлены,Критическое
50.86,55.16,65.27,62.09,57.39,6908.34,70.0,Все работают,Хорошее
9.65,7.93,35.05,989.41,8.41,5174.3,62.0,Все работают,Оптимальное
35.18,50.15,51.36,571.93,89.79,9253.96,249.0,Некоторые остановлены,Критическое
29.43,35.75,41.74,858.01,74.33,8582.95,94.0,Все работают,Хорошее
13.56,0.27,54.36,63.1,74.79,8473.73,97.0,Все работают,Хорошее
22.55,9.55,28.29,922.45,50.86,871.54,89.0,Все работают,Оптимальное
28.52,3.02,36.83,423.44,63.85,2476.55,67.0,Все работают,Оптимальное
36.68,13.9,36.04,54.07,80.25,5837.25,87.0,Все работают,Хорошее
57.61,51.13,86.06,64.71,80.38,9039.24,362.0,Все работают,Критическое
7.05,11.16,73.16,63.02,76.73,8644.78,151.0,Все работают,Хорошее
2.0,25.53,43.97,984.53,23.36,4947.98,95.0,Все работают,Оптимальное
47.95,16.7,30.37,73.19,78.44,8892.91,181.0,Все работают,Хорошее
38.79,64.86,56.4,74.91,7.31,7711.6,31.0,Все работают,Хорошее
26.71,33.89,60.6,702.76,8.31,2142.11,191.0,Все работают,Хорошее
5.17,43.14,57.83,434.01,16.65,7193.02,135.0,Все работают,Хорошее
28.75,14.57,43.81,60.47,72.9,8381.85,69.0,Все работают,Хорошее
6.26,33.89,49.48,416.62,32.27,4906.64,94.0,Все работают,Оптимальное
39.27,48.22,56.87,37.4,75.19,5349.22,39.0,Некоторые остановлены,Критическое
18.03,14.56,47.53,111.78,30.05,7727.78,90.0,Все работают,Оптимальное
1.46,34.35,64.16,832.78,74.77,6969.49,162.0,Все работают,Хорошее
59.36,20.43,72.1,8.71,63.8,9268.25,93.0,Критический сервис остановлен,Критическое с риском отказа
0.24,18.89,26.85,57.47,14.44,8352.22,191.0,Все работают,Хорошее
83.14,84.36,43.8,13.6,77.98,9077.52,348.0,Все работают,Критическое
41.26,40.12,66.1,54.25,63.43,1269.74,157.0,Все работают,Хорошее
7.54,50.27,48.24,60.42,18.07,8442.78,134.0,Все работают,Хорошее
11.6,30.23,37.37,354.99,19.44,4614.06,30.0,Все работают,Оптимальное
51.51,26.75,32.71,53.11,84.08,2406.04,115.0,Все работают,Хорошее
15.54,4.69,20.17,71.84,1.49,8593.97,34.0,Все работают,Хорошее
23.02,59.06,64.12,751.38,78.81,2521.18,51.0,Все работают,Хорошее
47.17,31.55,73.21,806.68,58.85,8550.95,182.0,Все работают,Хорошее
23.61,35.85,28.81,836.09,37.89,674.11,95.0,Все работают,Оптимальное
99.67,92.96,23.3,453.3,98.94,9613.67,48.0,Некоторые остановлены,Критическое с риском отказа
50.96,58.86,29.37,74.28,82.05,3514.54,105.0,Все работают,Хорошее
11.0,52.05,38.72,245.18,84.36,2564.27,131.0,Все работают,Хорошее
3.3,44.37,45.32,34.47,93.11,9325.24,260.0,Некоторые остановлены,Критическое
9.16,8.92,47.04,723.95,57.8,1984.13,53.0,Все работают,Оптимальное
28.96,26.64,35.02,139.85,24.24,4632.88,57.0,Все работают,Оптимальное
29.24,41.48,21.0,619.63,79.2,1505.65,80.0,Все работают,Хорошее
52.87,17.88,36.92,335.84,26.29,4601.79,179.0,Все работают,Хорошее
16.21,28.97,30.62,626.43,60.74,3081.73,61.0,Все работают,Оптимальное
97.69,95.04,103.52,116.63,77.36,9464.24,3.0,Все работают,Критическое с риском отказа
4.96,18.53,45.54,997.69,8.88,3477.89,62.0,Все работают,Оптимальное
32.77,48.95,69.94,52.63,73.81,7890.88,103.0,Все работают,Хорошее
5.1,33.13,27.38,810.62,32.02,5944.28,49.0,Все работают,Оптимальное
14.42,16.18,23.07,335.26,30.64,1789.91,95.0,Все работают,Оптимальное
52.92,45.14,58.95,52.55,82.89,8504.93,85.0,Все работают,Хорошее
27.61,26.86,26.07,127.41,60.36,2203.29,69.0,Все работают,Оптимальное
3.4,16.14,45.5,392.33,38.0,1902.02,44.0,Все работают,Оптимальное
58.54,51.35,41.56,228.1,77.0,6954.74,371.0,Все работают,Критическое
3.01,21.79,28.71,609.04,18.63,7062.22,78.0,Все работают,Оптимальное
14.57,9.13,40.76,393.52,14.57,7479.86,52.0,Все работают,Оптимальное
29.74,39.52,47.48,924.41,22.17,6015.67,37.0,Все работают,Оптимальное
63.77,88.19,47.61,13.01,42.88,7646.01,400.0,Все работают,Критическое
69.34,66.95,92.75,264.22,87.74,9135.46,493.0,Все работают,Критическое
8.04,30.92,30.71,810.8,14.93,4433.03,84.0,Все работают,Оптимальное
7.78,37.97,41.81,580.6,39.06,1707.86,67.0,Все работают,Оптимальное
75.76,89.46,82.53,70.99,86.53,8140.44,331.0,Все работают,Критическое
6.09,76.75,86.02,53.46,51.34,8263.93,371.0,Некоторые остановлены,Критическое
24.72,59.16,76.51,32.47,17.87,9160.9,375.0,Некоторые остановлены,Критическое
15.51,55.3,20.39,569.64,70.16,4075.47,187.0,Все работают,Хорошее
53.09,42.14,66.87,291.64,18.84,8868.5,190.0,Все работают,Хорошее
49.51,10.38,36.32,58.52,8.76,587.16,126.0,Все работают,Хорошее
26.28,22.15,49.92,219.41,50.22,6475.3,86.0,Все работают,Оптимальное
41.34,97.24,39.99,2.21,87.41,9591.22,41.0,Все работают,Критическое с риском отказа
4.85,27.38,41.87,475.17,4.31,7325.71,32.0,Все работают,Оптимальное
2.22,38.1,25.42,374.65,7.06,2537.69,66.0,Все работают,Оптимальное
43.88,31.27,43.8,76.29,2.18,8530.24,193.0,Все работают,Хорошее
28.46,33.16,20.54,536.87,62.73,423.55,86.0,Все работают,Оптимальное
15.23,68.15,45.93,591.64,79.49,8767.71,133.0,Все работают,Хорошее
20.94,44.01,33.68,446.13,74.62,8846.78,31.0,Все работают,Хорошее
57.11,89.18,78.46,74.64,71.54,8778.61,194.0,Все работают,Критическое
3.04,51.91,48.72,79.72,4.96,8430.28,138.0,Все работают,Хорошее
5.2,4.9,24.97,718.14,18.89,717.96,40.0,Все работают,Оптимальное
47.06,69.82,54.72,759.81,22.55,6846.73,165.0,Все работают,Хорошее
13.46,27.76,29.9,704.63,27.03,6591.15,81.0,Все работают,Оптимальное
97.75,44.47,68.0,5.09,98.42,8350.41,947.0,Все работают,Критическое с риском отказа
58.63,61.01,36.71,78.0,36.23,8659.02,113.0,Все работают,Хорошее
39.79,66.87,46.82,99.38,73.74,7664.03,52.0,Все работают,Хорошее
12.66,40.14,25.43,197.56,43.64,6556.76,49.0,Все работают,Хорошее
7.77,35.94,45.49,313.95,69.36,5486.11,52.0,Все работают,Оптимальное
2.43,89.15,53.67,671.72,80.74,9080.69,376.0,Некоторые остановлены,Критическое
34.63,34.93,95.05,77.26,92.97,8031.84,165.0,Все работают,Критическое
34.35,16.01,20.06,57.29,77.24,8581.56,111.0,Все работают,Хорошее
9.97,19.95,27.4,73.44,30.58,8379.82,89.0,Все работают,Хорошее
78.17,48.4,24.75,72.63,71.74,8897.96,106.0,Все работают,Критическое
63.37,49.99,61.49,57.43,62.29,8866.5,200.0,Некоторые остановлены,Критическое
96.28,0.73,74.6,70.24,39.2,965.27,912.0,Все работают,Критическое с риском отказа
78.51,31.09,25.71,56.17,51.5,7453.57,214.0,Все работают,Критическое
76.95,75.71,91.05,563.17,96.79,1685.32,219.0,Некоторые остановлены,Критическое
16.85,30.74,37.36,521.3,45.43,2180.53,45.0,Все работают,Оптимальное
13.21,13.37,20.44,563.39,35.22,6834.21,50.0,Все работают,Оптимальное
20.62,31.14,22.07,283.88,26.86,8542.14,156.0,Все работают,Хорошее
19.6,1.06,48.58,343.52,55.47,5525.34,42.0,Все работают,Оптимальное
16.95,62.56,58.14,46.56,86.11,255.67,476.0,Все работают,Критическое
36.1,84.67,104.16,59.53,99.25,1287.17,389.0,Некоторые остановлены,Критическое с риском отказа
58.42,61.27,28.48,77.67,90.92,7403.26,430.0,Некоторые остановлены,Критическое
3.62,24.37,33.58,371.78,38.12,4800.87,52.0,Все работают,Оптимальное
70.96,95.37,54.28,34.31,76.29,9290.61,8.0,Все работают,Критическое с риском отказа
26.57,2.33,25.59,540.31,20.41,3448.36,33.0,Все работают,Оптимальное
26.27,42.41,72.16,59.09,80.69,8563.36,71.0,Все работают,Хорошее
7.49,36.26,31.2,773.49,44.37,436.06,89.0,Все работают,Оптимальное
25.91,63.56,53.22,647.64,62.03,1349.94,186.0,Все работают,Хорошее
20.43,97.73,94.54,1.49,99.33,9563.54,663.0,Все работают,Критическое с риском отказа
12.79,24.86,38.27,271.93,43.21,3121.36,81.0,Все работают,Оптимальное
30.76,36.51,58.32,66.81,39.94,8537.74,104.0,Все работают,Хорошее
32.46,66.34,79.73,47.02,89.55,8963.59,184.0,Все работают,Критическое
18.19,17.5,46.4,380.47,52.89,5457.37,52.0,Все работают,Оптимальное
15.17,35.51,32.78,653.98,7.34,5151.43,53.0,Все работают,Оптимальное
39.54,67.71,59.92,66.56,37.82,8283.58,89.0,Все работают,Хорошее
10.92,18.16,44.5,438.56,57.56,7896.72,35.0,Все работают,Оптимальное
57.97,41.17,64.1,299.65,80.42,5805.49,41.0,Все работают,Хорошее
57.93,82.54,93.63,63.04,35.0,9916.12,32.0,Все работают,Критическое
0.59,88.69,71.23,65.24,95.35,8391.48,92.0,Все работают,Критическое
1.87,5.32,48.7,499.98,68.33,6914.44,78.0,Все работают,Оптимальное
3.28,35.31,33.16,363.83,20.72,4596.09,31.0,Все работают,Оптимальное
3.46,10.91,31.32,343.78,31.68,851.57,79.0,Все работают,Оптимальное
13.36,44.78,55.39,77.64,9.88,7395.27,141.0,Все работают,Хорошее
88.31,14.59,101.16,24.43,21.91,1094.6,100.0,Критический сервис остановлен,Критическое с риском отказа
28.27,38.25,21.02,640.05,5.66,4409.85,68.0,Все работают,Оптимальное
88.23,90.32,38.52,42.27,76.9,9347.19,127.0,Некоторые остановлены,Критическое
29.68,60.39,67.87,78.41,76.93,8054.38,161.0,Все работают,Хорошее
11.72,35.11,26.4,503.24,39.1,6100.77,73.0,Все работают,Оптимальное
73.66,99.48,51.78,4.24,88.24,5917.15,51.0,Все работают,Критическое с риском отказа
20.76,48.29,55.45,67.52,57.4,5575.01,81.0,Все работают,Хорошее
10.55,51.7,58.39,59.35,78.72,8341.28,48.0,Все работают,Хорошее
34.13,3.61,65.33,55.73,42.64,8689.05,58.0,Некоторые остановлены,Критическое
33.61,48.7,41.34,214.83,64.39,8204.08,180.0,Все работают,Хорошее
90.62,99.88,86.35,9.91,96.13,9345.3,10.0,Все работают,Критическое с риском отказа
87.59,85.94,32.25,53.43,21.93,9395.83,75.0,Все работают,Критическое
23.86,3.46,34.64,625.27,57.66,4056.1,81.0,Все работают,Оптимальное
19.17,16.15,38.3,307.03,61.34,4837.09,87.0,Все работают,Оптимальное
21.19,31.27,48.5,34.94,65.68,6455.29,95.0,Некоторые остановлены,Критическое
13.29,25.84,26.29,563.02,53.33,5215.59,74.0,Все работают,Оптимальное
3.28,38.9,28.77,962.24,13.52,2863.02,65.0,Все работают,Оптимальное
63.29,98.15,85.23,1.89,96.76,4422.47,47.0,Все работают,Критическое с риском отказа
79.99,78.23,54.42,742.19,93.92,4432.06,85.0,Все работают,Критическое
7.63,35.55,32.17,669.42,59.55,3327.07,55.0,Все работают,Оптимальное
13.33,7.41,49.5,713.27,8.79,4161.61,50.0,Все работают,Оптимальное
28.02,25.59,25.77,884.39,62.08,7038.25,47.0,Все работают,Оптимальное
61.01,59.02,91.54,78.97,15.83,9640.59,390.0,Все работают,Критическое
62.91,76.0,31.33,35.6,61.0,9730.74,177.0,Некоторые остановлены,Критическое
21.29,64.04,67.41,64.92,78.72,8541.62,43.0,Все работают,Хорошее
53.79,3.9,59.48,58.86,70.09,8666.87,63.0,Все работают,Хорошее
40.6,19.3,61.45,173.25,73.91,8164.27,68.0,Все работают,Хорошее
34.65,91.15,87.17,602.17,84.71,8083.76,129.0,Все работают,Критическое
17.44,14.87,44.22,959.24,42.92,6084.35,80.0,Все работают,Оптимальное
55.01,43.93,63.3,647.77,95.88,9393.89,242.0,Некоторые остановлены,Критическое
51.6,76.7,42.55,616.33,94.33,9656.64,91.0,Все работают,Критическое
26.82,48.9,45.04,69.49,78.39,2765.3,111.0,Все работают,Хорошее
1.1,21.68,27.79,448.32,45.66,63.04,86.0,Все работают,Оптимальное
54.76,99.86,91.77,1.5,82.78,9808.35,985.0,Критический сервис остановлен,Критическое с риском отказа
32.28,5.94,50.87,118.96,76.96,1113.9,191.0,Все работают,Хорошее
21.22,35.81,45.12,537.7,35.26,4549.74,45.0,Все работают,Оптимальное
12.15,17.39,63.85,79.39,77.9,8733.31,198.0,Все работают,Хорошее
49.24,5.04,43.54,68.97,84.76,4280.47,186.0,Все работают,Хорошее
16.14,18.24,40.71,849.8,22.86,3118.66,80.0,Все работают,Оптимальное
6.32,38.72,22.91,626.91,21.16,3987.1,52.0,Все работают,Оптимальное
18.89,3.23,38.57,295.62,52.09,7058.7,36.0,Все работают,Оптимальное
18.12,74.91,68.72,31.84,39.27,4390.53,311.0,Все работают,Критическое
82.42,2.81,82.1,13.06,83.33,8906.21,474.0,Все работают,Критическое
80.98,86.54,24.92,763.08,80.71,9644.25,38.0,Все работают,Критическое
34.44,49.0,116.02,6.25,86.61,9307.04,277.0,Некоторые остановлены,Критическое с риском отказа
32.76,56.47,68.72,277.93,5.71,3513.38,31.0,Все работают,Хорошее
87.86,36.01,49.49,60.45,73.05,6100.65,136.0,Некоторые остановлены,Критическое
98.34,98.45,114.04,1.25,11.91,9366.96,41.0,Некоторые остановлены,Критическое с риском отказа
10.32,1.89,23.47,857.37,22.4,7881.93,33.0,Все работают,Оптимальное
55.29,59.75,42.44,195.7,33.56,4471.24,116.0,Все работают,Хорошее
6.99,22.08,40.5,278.54,1.06,6602.97,55.0,Все работают,Оптимальное
52.25,66.92,35.23,57.92,74.67,8219.84,191.0,Все работают,Хорошее
73.58,58.79,79.9,330.45,63.03,9666.37,480.0,Все работают,Критическое
0.1,58.07,68.34,78.95,76.65,8238.21,56.0,Все работают,Хорошее
26.74,14.97,48.61,626.53,60.09,3169.63,77.0,Все работают,Оптимальное
21.91,23.58,56.86,835.93,44.19,4492.88,86.0,Все работают,Хорошее
2.86,59.52,45.91,53.05,82.26,9100.05,281.0,Все работают,Критическое
4.04,65.17,88.33,35.56,78.41,9012.78,690.0,Критический сервис остановлен,Критическое с риском отказа
78.85,98.54,57.77,618.58,90.04,7002.62,832.0,Все работают,Критическое с риском отказа
78.53,13.84,42.22,73.71,81.05,2315.6,339.0,Некоторые остановлены,Критическое
38.78,26.92,52.78,54.28,68.62,6327.66,41.0,Все работают,Хорошее
70.33,83.44,51.8,57.57,73.51,1706.2,143.0,Все работают,Критическое
15.85,93.11,80.82,67.44,77.36,976.32,144.0,Все работают,Критическое
6.44,2.1,35.76,522.94,42.67,3815.32,50.0,Все работают,Оптимальное
11.0,9.43,20.87,675.89,52.24,8253.16,58.0,Все работают,Хорошее
96.57,97.67,44.8,72.79,99.77,9969.59,57.0,Некоторые остановлены,Критическое с риском отказа
35.06,50.41,57.27,77.04,32.43,8994.55,62.0,Все работают,Хорошее
72.42,28.11,77.66,30.5,19.47,9275.15,174.0,Некоторые остановлены,Критическое
94.29,54.25,57.21,72.67,71.68,3153.11,37.0,Все работают,Критическое с риском отказа
35.15,44.48,25.31,78.28,77.16,8395.81,141.0,Все работают,Хорошее
35.01,63.42,28.0,58.39,15.33,8163.83,67.0,Все работают,Хорошее
28.64,29.38,26.26,459.39,13.05,5615.41,87.0,Все работают,Оптимальное
44.37,30.72,72.3,67.66,92.78,9137.64,134.0,Все работают,Критическое
66.62,23.58,41.26,28.96,79.96,8221.0,43.0,Некоторые остановлены,Критическое
41.49,53.13,73.22,56.37,77.85,4961.74,158.0,Все работают,Хорошее
71.64,67.23,88.62,32.78,88.02,8452.93,318.0,Некоторые остановлены,Критическое
7.16,31.62,59.19,69.53,80.64,8780.83,38.0,Все работают,Хорошее
54.32,99.93,102.47,62.43,29.85,4418.15,33.0,Критический сервис остановлен,Критическое с риском отказа
25.23,38.9,29.77,596.6,69.5,7788.12,57.0,Все работают,Оптимальное
0.76,74.68,97.25,452.8,76.72,8444.24,107.0,Некоторые остановлены,Критическое
4.63,10.72,44.19,739.49,7.75,5613.27,92.0,Все работают,Оптимальное
87.74,54.1,51.31,102.9,21.56,4093.01,73.0,Все работают,Критическое
29.77,7.44,42.22,412.16,40.39,7072.21,63.0,Все работают,Оптимальное
23.29,28.66,29.1,842.25,10.33,2965.91,37.0,Все работают,Оптимальное
3.03,20.41,33.58,461.38,15.61,478.99,93.0,Все работают,Оптимальное
16.21,28.41,36.17,630.89,55.72,2690.76,72.0,Все работают,Оптимальное
19.24,22.73,26.09,312.56,17.93,5223.58,68.0,Все работают,Оптимальное
27.95,14.57,79.35,47.55,77.86,9298.37,38.0,Все работают,Критическое
55.74,45.07,67.71,60.0,76.85,1420.21,276.0,Все работают,Критическое
54.31,53.87,55.71,115.96,77.81,8855.84,56.0,Все работают,Хорошее
33.51,7.76,44.12,77.33,42.93,4723.71,58.0,Все работают,Хорошее
96.68,25.93,109.92,11.4,72.82,8123.49,426.0,Все работают,Критическое с риском отказа
3.58,18.91,49.09,829.97,68.37,4239.19,82.0,Все работают,Оптимальное
1.07,75.3,96.42,74.28,79.2,2145.41,48.0,Некоторые остановлены,Критическое
18.8,24.8,40.67,967.79,22.62,3095.9,60.0,Все работают,Оптимальное
41.87,23.19,37.88,705.2,71.58,7318.11,163.0,Все работают,Хорошее
30.6,46.2,61.22,66.93,16.38,8705.28,43.0,Все работают,Хорошее
15.6,49.11,25.18,55.32,47.02,5955.31,183.0,Все работают,Хорошее
20.32,40.55,84.72,45.2,73.7,9484.6,318.0,Все работают,Критическое
60.31,45.16,81.08,50.27,86.33,4446.06,992.0,Все работают,Критическое с риском отказа
10.94,3.39,27.16,573.25,32.01,2347.68,60.0,Все работают,Оптимальное
15.22,3.42,48.39,775.68,7.91,6272.18,59.0,Все работают,Оптимальное
62.67,77.0,62.7,19.51,79.36,9851.6,429.0,Некоторые остановлены,Критическое
4.71,25.97,26.92,932.43,47.96,160.74,87.0,Все работают,Оптимальное
19.99,3.34,25.99,223.65,12.98,1353.81,90.0,Все работают,Оптимальное
4.41,5.86,31.26,881.19,17.95,213.11,50.0,Все работают,Оптимальное
23.26,65.21,109.24,3.76,77.09,8305.13,121.0,Критический сервис остановлен,Критическое с риском отказа
19.21,73.34,85.67,337.22,90.83,9658.72,498.0,Все работают,Критическое
10.41,61.7,63.98,54.3,77.81,6806.38,109.0,Все работают,Хорошее
56.78,1.02,83.87,71.88,99.76,8766.26,83.0,Критический сервис остановлен,Критическое с риском отказа
35.79,69.77,115.37,827.42,93.96,2356.99,5.0,Все работают,Критическое с риском отказа
40.78,61.24,53.45,861.76,57.94,5861.4,101.0,Все работают,Хорошее
47.38,39.78,54.08,51.68,28.82,8970.89,98.0,Все работают,Хорошее
25.81,22.08,40.27,818.91,16.89,7588.28,69.0,Все работают,Оптимальное
6.98,37.7,44.37,753.3,7.63,3191.59,30.0,Все работают,Оптимальное
55.48,62.87,86.78,37.04,96.09,9749.0,102.0,Все работают,Критическое
13.69,99.72,100.25,3.95,86.37,8652.4,784.0,Некоторые остановлены,Критическое с риском отказа
84.8,26.71,77.66,63.99,97.98,9197.01,375.0,Некоторые остановлены,Критическое
75.88,42.52,78.13,44.27,73.23,5689.73,455.0,Некоторые остановлены,Критическое
95.23,97.92,119.7,5.33,24.95,311.69,10.0,Критический сервис остановлен,Критическое с риском отказа
24.1,68.52,51.46,188.47,96.52,9433.3,161.0,Все работают,Критическое
24.29,36.9,51.63,41.87,13.54,9754.37,85.0,Все работают,Критическое
28.95,28.97,22.19,710.89,61.49,3092.98,74.0,Все работают,Оптимальное
16.46,1.26,34.08,649.07,60.36,6154.1,91.0,Все работают,Оптимальное
49.16,8.44,50.03,75.44,85.88,8280.58,413.0,Некоторые остановлены,Критическое
83.98,73.54,34.5,117.46,77.61,8603.87,249.0,Все работают,Критическое
23.96,45.01,36.3,208.22,49.64,8873.51,177.0,Все работают,Хорошее
11.9,27.85,74.77,77.76,74.67,6581.59,149.0,Все работают,Хорошее
17.51,0.4,22.46,203.85,23.78,1200.31,72.0,Все работают,Оптимальное
8.12,26.62,65.02,68.02,18.97,7670.64,198.0,Все работают,Хорошее
26.32,66.07,54.64,549.78,80.49,8054.61,120.0,Все работают,Хорошее
30.82,67.79,37.21,203.53,82.4,8065.87,74.0,Все работают,Хорошее
21.25,14.0,43.4,131.02,7.97,4210.24,73.0,Все работают,Оптимальное
4.65,18.57,30.91,67.41,70.39,6736.56,63.0,Все работают,Хорошее
4.3,19.2,68.1,0.92,99.63,1159.6,219.0,Критический сервис остановлен,Критическое с риском отказа
0.4,65.03,29.12,850.25,59.03,8989.28,59.0,Все работают,Хорошее
4.28,90.41,98.24,921.33,88.93,5364.64,500.0,Все работают,Критическое
78.5,61.54,65.16,54.48,13.18,9851.57,45.0,Некоторые остановлены,Критическое
54.26,10.11,26.16,55.26,81.89,4204.12,86.0,Все работают,Хорошее
95.35,50.19,113.48,5.59,99.65,8499.42,998.0,Критический сервис остановлен,Критическое с риском отказа
16.11,7.6,35.72,859.37,10.58,6247.4,55.0,Все работают,Оптимальное
41.65,61.4,21.41,60.24,82.48,5997.18,108.0,Все работают,Хорошее
59.11,34.33,64.99,737.61,82.38,8687.54,75.0,Все работают,Хорошее
28.91,67.47,25.72,77.1,83.61,1957.59,172.0,Все работают,Хорошее
49.71,54.46,29.24,65.06,76.98,5794.85,140.0,Все работают,Хорошее
45.63,37.77,108.65,7.41,85.01,8149.49,165.0,Все работают,Критическое с риском отказа
32.2,43.4,41.87,719.18,79.41,8886.18,98.0,Все работают,Хорошее
46.35,57.45,40.32,625.22,52.16,371.32,130.0,Все работают,Хорошее
24.94,15.51,49.49,453.89,29.57,1784.54,93.0,Все работают,Оптимальное
0.82,0.81,22.58,908.35,32.18,5665.32,61.0,Все работают,Оптимальное
58.48,45.92,58.12,318.0,14.54,334.68,88.0,Все работают,Хорошее
8.53,9.9,47.26,90.99,6.28,8051.56,168.0,Все работают,Хорошее
24.79,1.78,43.02,259.52,5.68,7684.38,74.0,Все работают,Оптимальное
13.75,41.07,82.67,33.02,26.64,9373.52,42.0,Все работают,Критическое
31.73,53.04,64.08,67.93,81.16,8957.55,154.0,Все работают,Хорошее
29.51,7.15,20.76,103.58,41.55,185.96,88.0,Все работают,Оптимальное
5.22,11.88,33.9,345.71,67.21,315.81,70.0,Все работают,Оптимальное
13.99,46.27,58.02,74.26,71.8,8969.43,153.0,Все работают,Хорошее
7.06,29.22,39.51,759.07,39.74,1985.79,92.0,Все работают,Оптимальное
26.04,20.82,30.42,971.47,16.73,6770.59,82.0,Все работают,Оптимальное
31.63,11.06,33.73,2.62,98.25,8885.35,323.0,Все работают,Критическое с риском отказа
1.07,1.15,68.81,437.84,72.81,8020.6,152.0,Все работают,Хорошее
25.98,29.7,48.9,410.09,29.14,1543.55,49.0,Все работают,Оптимальное
16.28,45.73,48.41,75.77,83.76,8941.45,125.0,Все работают,Хорошее
19.91,31.54,45.34,130.11,69.7,3012.82,61.0,Все работают,Оптимальное
59.39,32.77,66.65,65.64,82.98,1459.93,50.0,Все работают,Хорошее
49.69,99.23,110.15,24.54,98.69,9825.45,979.0,Все работают,Критическое с риском отказа
9.17,19.1,38.88,94.6,44.22,7148.29,55.0,Все работают,Оптимальное
4.19,13.55,33.29,413.72,12.24,3280.69,56.0,Все работают,Оптимальное
78.53,98.8,25.05,77.41,31.45,8389.12,5.0,Некоторые остановлены,Критическое с риском отказа
32.91,45.24,74.9,73.08,71.17,8659.37,171.0,Все работают,Хорошее
48.92,62.78,31.52,495.31,74.6,8590.53,55.0,Все работают,Хорошее
27.31,19.85,38.45,361.61,61.53,2087.11,73.0,Все работают,Оптимальное
28.47,33.5,30.53,230.83,26.89,1185.15,39.0,Все работают,Оптимальное
47.26,53.49,77.0,51.68,58.15,8053.85,107.0,Некоторые остановлены,Критическое
13.17,28.34,45.9,778.91,53.04,537.47,94.0,Все работают,Оптимальное
42.62,50.07,24.35,54.63,3.71,6946.03,120.0,Все работают,Хорошее
58.39,42.44,71.97,799.29,82.84,5810.73,50.0,Все работают,Хорошее
80.88,91.51,89.78,23.17,87.94,176.3,465.0,Некоторые остановлены,Критическое
25.43,35.25,21.47,532.88,8.28,184.96,96.0,Все работают,Оптимальное
56.1,68.01,48.21,52.68,26.64,8199.71,44.0,Все работают,Хорошее
79.77,96.45,52.35,7.61,93.92,9613.03,736.0,Все работают,Критическое с риском отказа
31.36,50.43,79.21,55.22,95.51,9044.24,351.0,Некоторые остановлены,Критическое
30.08,62.12,72.61,401.58,76.63,6858.36,123.0,Все работают,Хорошее
11.91,66.42,59.1,78.9,22.66,6202.26,164.0,Все работают,Хорошее
75.49,48.35,87.2,15.43,96.83,7261.53,96.0,Все работают,Критическое
5.0,23.13,43.01,115.9,46.73,7876.42,41.0,Все работают,Оптимальное
32.84,99.98,116.34,999.07,86.91,862.89,60.0,Некоторые остановлены,Критическое с риском отказа
24.69,37.3,20.75,665.99,69.95,2241.14,86.0,Все работают,Оптимальное
5.13,44.95,50.21,78.79,20.49,8814.95,152.0,Все работают,Хорошее
62.5,99.05,116.01,43.36,48.35,3177.8,81.0,Все работают,Критическое с риском отказа
44.07,73.91,51.74,74.16,88.66,4680.91,202.0,Некоторые остановлены,Критическое
58.48,61.24,69.17,74.11,85.89,9037.08,358.0,Все работают,Критическое
27.93,2.93,40.39,339.05,17.8,2227.46,59.0,Все работают,Оптимальное
74.84,33.95,79.32,749.03,34.26,8665.48,265.0,Все работают,Критическое
31.49,77.0,95.56,57.98,95.23,9428.92,127.0,Некоторые остановлены,Критическое
4.18,8.29,30.7,629.81,32.24,3029.49,78.0,Все работают,Оптимальное
21.08,79.83,97.74,357.62,7.74,9742.91,66.0,Некоторые остановлены,Критическое
11.97,11.36,82.88,43.47,81.47,9422.47,81.0,Некоторые остановлены,Критическое
12.38,24.78,29.62,163.94,25.05,5263.0,64.0,Все работают,Оптимальное
3.77,38.75,39.96,82.37,10.14,2695.21,77.0,Все работают,Оптимальное
11.74,15.16,36.38,785.77,38.36,5550.95,80.0,Все работают,Оптимальное
17.39,13.52,116.69,171.54,92.19,924.04,7.0,Все работают,Критическое с риском отказа
1.25,13.03,26.71,691.05,14.2,2482.47,78.0,Все работают,Оптимальное
29.19,78.37,98.86,72.89,58.77,8727.84,204.0,Все работают,Критическое
41.17,36.3,28.89,862.29,75.54,7617.36,156.0,Все работают,Хорошее
49.9,56.06,56.52,593.89,72.11,8609.78,161.0,Все работают,Хорошее
85.97,93.89,84.66,471.99,71.47,5988.93,326.0,Все работают,Критическое
20.06,11.49,46.87,228.29,35.82,6147.63,78.0,Все работают,Оптимальное
9.15,15.38,26.17,560.72,18.77,1854.31,81.0,Все работают,Оптимальное
79.99,70.66,96.8,31.71,43.41,9585.27,135.0,Все работают,Критическое
85.8,86.23,87.61,67.47,83.89,4848.92,350.0,Все работают,Критическое
33.75,68.55,65.59,74.86,20.82,8160.79,99.0,Все работают,Хорошее
23.38,22.26,40.52,514.04,35.84,5500.81,45.0,Все работают,Оптимальное
3.48,59.08,68.79,77.89,75.87,6268.46,138.0,Все работают,Хорошее
49.68,0.9,77.77,10.3,36.01,7892.06,242.0,Некоторые остановлены,Критическое
37.94,55.19,55.82,73.7,81.63,8849.04,91.0,Все работают,Хорошее
57.4,44.73,28.83,75.2,72.79,8238.32,158.0,Все работают,Хорошее
0.11,3.42,99.16,73.85,41.68,8392.98,109.0,Все работают,Критическое
36.15,41.53,32.41,694.4,27.02,8680.83,102.0,Все работают,Хорошее
16.39,7.46,42.01,505.17,0.73,0.43,97.0,Все работают,Оптимальное
2.59,86.79,81.45,635.52,18.71,9050.36,236.0,Некоторые остановлены,Критическое
33.19,58.78,38.88,47.9,85.7,8114.52,74.0,Все работают,Критическое
10.57,35.4,29.82,106.82,63.29,6862.86,79.0,Все работают,Оптимальное
82.88,67.89,92.79,60.64,12.46,9022.0,350.0,Некоторые остановлены,Критическое
6.06,9.0,42.16,180.4,10.86,1985.25,67.0,Все работают,Оптимальное
46.19,37.85,61.79,804.83,70.4,8325.04,156.0,Все работают,Хорошее
77.03,97.83,64.86,42.75,99.23,5217.4,432.0,Некоторые остановлены,Критическое с риском отказа
54.27,19.21,71.96,74.73,38.93,7988.29,82.0,Все работают,Хорошее
15.84,43.32,50.08,70.94,74.74,2792.91,111.0,Все работают,Хорошее
10.87,16.08,32.2,356.04,47.63,55.04,68.0,Все работают,Оптимальное
5.36,37.68,22.35,406.61,50.48,1144.99,35.0,Все работают,Оптимальное
32.65,32.72,69.56,56.25,80.42,8625.77,185.0,Все работают,Хорошее
36.82,43.12,42.7,427.56,46.63,8535.4,198.0,Все работают,Хорошее
12.19,28.61,46.64,431.53,12.32,7622.91,56.0,Все работают,Оптимальное
25.57,58.09,63.06,290.54,45.76,8397.02,137.0,Все работают,Хорошее
59.52,26.85,42.01,53.79,84.93,8416.3,195.0,Все работают,Хорошее
25.69,39.88,32.14,470.81,59.03,425.13,86.0,Все работают,Оптимальное
63.5,32.14,107.5,6.94,92.72,5795.34,36.0,Все работают,Критическое с риском отказа
14.32,38.46,96.78,428.89,95.07,8225.7,467.0,Некоторые остановлены,Критическое
97.15,31.55,89.38,24.01,99.58,9959.13,108.0,Некоторые остановлены,Критическое с риском отказа
14.11,65.74,72.05,314.85,76.94,1072.6,189.0,Все работают,Хорошее
25.29,27.21,46.36,601.74,66.69,2748.79,78.0,Все работают,Оптимальное
0.83,17.39,42.3,164.24,40.17,1543.82,79.0,Все работают,Оптимальное
16.77,68.82,68.81,674.46,4.59,7000.07,69.0,Все работают,Хорошее
2.42,89.76,88.66,121.51,81.95,9816.76,383.0,Все работают,Критическое
58.5,40.65,53.45,79.05,81.16,3082.09,124.0,Все работают,Хорошее
70.83,49.71,79.23,20.37,99.5,9147.9,255.0,Все работают,Критическое с риском отказа
12.83,72.7,34.78,37.86,80.75,9511.63,308.0,Некоторые остановлены,Критическое
62.29,4.15,98.61,36.51,40.93,1652.88,296.0,Некоторые остановлены,Критическое
0.54,26.29,27.98,929.02,84.76,4043.91,146.0,Все работают,Хорошее
73.72,84.22,28.51,54.76,65.45,9271.79,214.0,Некоторые остановлены,Критическое
17.3,47.67,47.8,32.18,86.18,8540.88,405.0,Некоторые остановлены,Критическое
40.71,80.41,81.83,575.67,84.45,8421.38,288.0,Все работают,Критическое
15.2,36.86,32.24,361.43,26.12,7474.77,90.0,Все работают,Оптимальное
7.71,6.67,46.83,61.31,82.81,7106.14,102.0,Все работают,Хорошее
16.02,28.8,34.87,768.13,36.63,5211.06,34.0,Все работают,Оптимальное
72.72,81.63,60.94,55.86,3.76,8789.44,56.0,Все работают,Критическое
21.75,98.5,101.93,39.8,27.39,978.79,395.0,Все работают,Критическое с риском отказа
21.08,18.79,24.23,851.92,52.48,4147.8,90.0,Все работают,Оптимальное
23.41,22.61,23.24,506.12,66.81,6000.58,98.0,Все работают,Оптимальное
53.86,46.99,63.3,69.1,69.36,8837.81,158.0,Все работают,Хорошее
7.92,84.89,46.28,27.69,13.31,8683.7,369.0,Некоторые остановлены,Критическое
7.36,26.56,28.13,845.53,5.87,1557.26,34.0,Все работают,Оптимальное
22.73,1.5,24.5,623.39,28.52,5431.14,79.0,Все работают,Оптимальное
41.66,23.26,67.86,74.39,84.2,7037.9,81.0,Все работают,Хорошее
23.71,10.43,28.58,932.09,50.92,7485.25,76.0,Все работают,Оптимальное
17.34,48.61,23.83,359.48,79.93,6916.13,186.0,Все работают,Хорошее
18.23,31.3,29.5,295.0,58.91,7482.69,47.0,Все работают,Оптимальное
69.9,36.58,34.88,235.26,88.08,9463.96,79.0,Некоторые остановлены,Критическое
17.17,13.06,38.82,797.57,48.22,6410.05,64.0,Все работают,Оптимальное
15.35,2.19,32.23,332.21,58.8,1453.29,44.0,Все работают,Оптимальное
0.77,7.79,93.03,603.56,97.04,9926.46,344.0,Все работают,Критическое
4.13,15.7,40.71,285.77,0.0,7999.8,67.0,Все работают,Оптимальное
78.75,93.6,87.14,691.4,86.4,8731.62,106.0,Все работают,Критическое
20.23,16.26,48.57,646.86,49.39,6133.54,88.0,Все работают,Оптимальное
52.3,78.77,117.61,9.46,32.47,9803.9,1.0,Все работают,Критическое с риском отказа
23.93,12.38,61.45,444.36,84.46,8574.36,48.0,Все работают,Хорошее
12.1,34.56,40.58,812.94,11.62,4983.28,31.0,Все работают,Оптимальное
76.48,69.28,91.59,68.38,82.65,1362.03,360.0,Все работают,Критическое
16.33,24.46,38.04,188.45,35.24,346.3,63.0,Все работают,Оптимальное
70.22,78.91,101.58,6.99,88.26,8866.85,175.0,Некоторые остановлены,Критическое с риском отказа
22.63,33.39,47.87,916.53,58.78,4992.32,67.0,Все работают,Оптимальное
90.04,90.59,89.19,31.26,99.42,1577.89,101.0,Некоторые остановлены,Критическое с риском отказа
26.13,44.78,74.04,61.08,73.34,8000.46,125.0,Все работают,Хорошее
13.75,28.73,27.94,997.74,48.31,6495.86,90.0,Все работают,Оптимальное
27.61,60.62,60.05,275.62,75.1,8447.62,228.0,Все работают,Критическое
8.42,46.8,60.58,156.82,80.7,4787.93,156.0,Все работают,Хорошее
12.44,2.13,34.34,418.28,2.56,3425.63,99.0,Все работают,Оптимальное
16.63,0.25,47.05,815.21,14.26,5289.83,98.0,Все работают,Оптимальное
2.62,15.49,32.56,427.63,63.22,6062.11,77.0,Все работают,Оптимальное
42.34,52.5,24.73,832.27,82.92,8727.0,63.0,Все работают,Хорошее
39.04,23.13,72.96,78.91,36.36,7959.17,44.0,Все работают,Хорошее
5.8,21.31,64.98,132.91,93.97,8416.69,232.0,Некоторые остановлены,Критическое
86.24,75.32,98.33,788.21,5.21,8201.21,55.0,Все работают,Критическое
48.88,31.4,29.43,76.84,77.95,8169.26,38.0,Все работают,Хорошее
52.69,50.1,45.79,77.2,67.31,8395.81,186.0,Все работают,Хорошее
72.74,41.41,35.51,259.77,73.43,9973.43,55.0,Некоторые остановлены,Критическое
43.42,13.17,28.11,79.85,79.14,3240.94,63.0,Все работают,Хорошее
0.5,49.3,26.58,61.4,53.66,8142.02,151.0,Все работают,Хорошее
20.27,15.93,86.94,117.43,91.04,9227.82,135.0,Все работают,Критическое
26.36,96.23,40.37,0.17,47.96,1438.55,81.0,Критический сервис остановлен,Критическое с риском отказа
59.95,16.44,30.28,972.03,76.01,8274.55,112.0,Все работают,Хорошее
24.4,58.99,63.2,55.82,75.68,8932.16,178.0,Все работают,Хорошее
94.72,63.85,96.22,30.3,91.82,5379.02,4.0,Некоторые остановлены,Критическое с риском отказа
11.02,85.72,21.41,75.72,89.53,8841.95,461.0,Некоторые остановлены,Критическое
27.31,30.86,43.72,686.85,31.6,7654.95,91.0,Все работают,Оптимальное
52.1,60.46,47.45,77.89,73.78,3963.26,132.0,Все работают,Хорошее
53.62,20.59,57.18,318.18,71.45,6197.99,96.0,Все работают,Хорошее
84.09,33.82,68.33,175.42,81.44,9029.91,410.0,Все работают,Критическое
36.54,37.56,72.69,60.11,33.64,8391.09,33.0,Все работают,Хорошее
92.77,96.79,90.28,37.57,4.64,9512.7,194.0,Критический сервис остановлен,Критическое с риском отказа
87.48,40.83,75.28,287.8,88.59,9152.34,116.0,Все работают,Критическое
33.08,22.93,98.53,12.82,76.62,1620.48,301.0,Некоторые остановлены,Критическое
15.34,42.8,36.76,51.1,44.88,2663.04,136.0,Все работают,Хорошее
83.25,73.98,38.33,77.71,27.2,8433.48,196.0,Некоторые остановлены,Критическое
59.98,62.65,44.49,529.35,67.46,8520.45,136.0,Все работают,Хорошее
7.01,3.72,44.51,734.6,39.45,6445.31,48.0,Все работают,Оптимальное
4.73,39.91,47.13,881.81,10.75,3688.88,34.0,Все работают,Оптимальное
86.44,95.27,108.81,123.24,68.02,8776.9,459.0,Все работают,Критическое с риском отказа
80.63,69.26,71.07,44.15,93.03,9717.84,164.0,Некоторые остановлены,Критическое
45.85,73.48,86.66,65.1,78.63,8344.69,197.0,Все работают,Критическое
27.11,1.78,87.9,258.19,99.78,8926.25,305.0,Критический сервис остановлен,Критическое с риском отказа
6.52,39.42,47.04,513.97,27.56,7065.46,81.0,Все работают,Оптимальное
31.57,11.56,41.46,63.11,49.34,8994.62,100.0,Все работают,Хорошее
10.94,29.6,27.49,562.97,23.19,4270.25,57.0,Все работают,Оптимальное
18.56,12.25,46.45,422.66,56.41,5513.52,75.0,Все работают,Оптимальное
29.6,32.5,41.74,335.23,48.3,6546.61,93.0,Все работают,Оптимальное
68.28,50.26,78.49,63.98,72.49,8201.12,69.0,Все работают,Критическое
11.33,93.39,60.41,135.32,69.39,9235.73,117.0,Некоторые остановлены,Критическое
75.23,99.69,76.92,5.54,99.67,9428.46,148.0,Все работают,Критическое с риском отказа
51.6,21.83,40.02,79.6,81.96,8333.44,152.0,Все работают,Хорошее
59.33,95.09,76.45,4.85,17.12,3689.81,485.0,Некоторые остановлены,Критическое с риском отказа
23.51,29.5,73.61,355.05,36.37,8385.74,105.0,Все работают,Хорошее
83.08,88.26,64.69,42.92,85.68,8693.64,442.0,Некоторые остановлены,Критическое
55.79,72.51,21.11,47.27,28.55,8021.52,449.0,Все работают,Критическое
51.71,45.45,26.04,480.74,16.16,8628.24,85.0,Все работают,Хорошее
47.45,78.62,85.61,53.82,48.34,1107.13,38.0,Некоторые остановлены,Критическое
27.52,46.37,38.89,205.31,24.51,481.45,64.0,Все работают,Хорошее
97.04,2.67,106.43,657.55,58.6,8664.14,284.0,Все работают,Критическое с риском отказа
27.16,31.09,49.66,510.12,39.63,4461.73,66.0,Все работают,Оптимальное
90.32,77.57,92.61,372.62,98.08,8793.77,373.0,Все работают,Критическое с риском отказа
39.04,50.62,48.24,64.29,62.56,5849.51,64.0,Все работают,Хорошее
16.36,54.25,61.06,64.17,84.8,8071.32,104.0,Все работают,Хорошее
60.63,9.36,71.48,652.79,70.14,8889.96,107.0,Некоторые остановлены,Критическое
1.82,38.59,28.97,781.7,28.75,3190.85,74.0,Все работают,Оптимальное
5.66,68.48,72.54,504.26,72.85,8917.33,107.0,Все работают,Хорошее
2.02,26.64,21.75,928.84,9.85,389.15,83.0,Все работают,Оптимальное
20.0,35.35,35.51,829.32,51.39,3680.53,86.0,Все работают,Оптимальное
29.99,38.72,33.43,78.36,99.52,2629.16,197.0,Все работают,Критическое с риском отказа
55.44,77.06,81.46,51.37,17.39,8709.41,144.0,Все работают,Критическое
28.99,19.37,33.09,155.33,50.22,6456.89,36.0,Все работают,Оптимальное
77.18,77.83,68.25,45.4,75.51,6795.98,325.0,Все работают,Критическое
95.89,43.58,77.75,551.56,99.99,8070.93,82.0,Критический сервис остановлен,Критическое с риском отказа
45.77,33.36,22.03,53.97,80.33,8540.84,178.0,Все работают,Хорошее
99.5,96.35,80.18,895.53,92.72,4089.77,7.0,Некоторые остановлены,Критическое с риском отказа
47.45,21.56,21.83,78.85,23.03,8444.92,46.0,Все работают,Хорошее
7.87,42.7,44.48,69.31,71.45,5709.11,133.0,Все работают,Хорошее
3.19,30.88,25.41,716.49,28.64,6871.29,34.0,Все работают,Оптимальное
24.77,57.49,60.61,64.87,57.64,4865.36,181.0,Все работают,Хорошее
20.35,9.9,44.08,804.5,30.31,6194.35,39.0,Все работают,Оптимальное
91.89,99.1,87.36,64.27,91.37,2654.0,76.0,Некоторые остановлены,Критическое с риском отказа
20.61,2.76,34.34,162.94,74.65,1705.5,93.0,Все работают,Хорошее
59.06,93.75,100.99,9.79,38.89,9380.64,118.0,Все работают,Критическое с риском отказа
35.94,22.04,59.06,67.51,74.13,8066.74,129.0,Все работают,Хорошее
33.21,56.2,55.96,779.73,77.47,1344.51,171.0,Все работают,Хорошее
1.38,48.57,68.88,79.23,80.48,3634.35,103.0,Все работают,Хорошее
4.54,37.68,45.18,258.08,46.33,4753.63,94.0,Все работают,Оптимальное
31.66,46.7,24.94,18.48,26.91,9319.46,175.0,Некоторые остановлены,Критическое
5.17,36.11,47.97,670.34,52.26,351.98,47.0,Все работают,Оптимальное
15.83,27.27,26.57,740.86,51.21,875.49,58.0,Все работают,Оптимальное
0.93,30.73,70.44,454.91,82.46,8343.63,134.0,Все работают,Хорошее
4.4,74.09,49.25,56.08,89.83,9637.91,99.0,Некоторые остановлены,Критическое
25.95,8.62,27.57,719.12,63.73,2834.71,41.0,Все работают,Оптимальное
6.97,63.17,83.42,18.23,86.47,5829.63,59.0,Все работают,Критическое
3.97,9.14,96.25,40.99,37.73,9421.2,32.0,Некоторые остановлены,Критическое
9.38,57.29,89.35,972.55,40.73,2558.65,274.0,Все работают,Критическое
5.73,27.87,41.77,849.94,12.02,6604.56,78.0,Все работают,Оптимальное
8.8,89.92,103.84,9.27,98.87,4216.36,88.0,Все работают,Критическое с риском отказа
24.81,36.51,40.83,305.56,14.89,6100.36,69.0,Все работают,Оптимальное
3.74,0.83,53.71,143.09,6.82,8005.69,195.0,Все работают,Хорошее
58.15,23.26,71.1,53.08,42.24,8201.14,117.0,Все работают,Хорошее
2.38,25.75,34.46,826.3,57.36,316.24,63.0,Все работают,Оптимальное
0.27,3.27,55.59,264.09,72.28,8372.18,151.0,Все работают,Хорошее
54.67,5.74,63.88,990.12,47.43,8136.28,184.0,Все работают,Хорошее
9.06,10.34,98.83,902.54,82.34,8451.99,43.0,Некоторые остановлены,Критическое
37.14,43.74,74.87,309.02,42.33,8431.94,80.0,Все работают,Хорошее
13.36,43.44,73.92,46.84,95.21,9378.05,172.0,Все работают,Критическое
46.5,33.67,60.26,59.96,77.02,2359.3,105.0,Все работают,Хорошее
27.78,9.38,25.19,465.97,66.84,532.01,37.0,Все работают,Оптимальное
26.62,28.86,21.16,124.86,39.52,5093.93,76.0,Все работают,Оптимальное
11.11,33.35,36.71,263.88,19.94,3111.94,85.0,Все работают,Оптимальное
41.97,39.83,72.85,114.24,55.02,1155.59,424.0,Некоторые остановлены,Критическое
77.02,67.37,39.11,655.46,80.02,9186.19,182.0,Все работают,Критическое
6.2,43.88,20.96,298.33,82.41,724.56,155.0,Все работают,Хорошее
86.9,70.55,64.79,617.21,84.69,8653.0,146.0,Некоторые остановлены,Критическое
19.68,13.45,46.65,741.55,30.37,3324.68,41.0,Все работают,Оптимальное
95.66,37.16,59.44,41.75,74.03,1423.28,642.0,Некоторые остановлены,Критическое с риском отказа
47.55,80.4,46.27,32.06,75.42,8651.56,62.0,Некоторые остановлены,Критическое
30.49,13.76,20.92,324.3,74.68,3905.57,104.0,Все работают,Хорошее
27.55,12.14,39.54,155.5,4.85,3293.82,74.0,Все работают,Оптимальное
45.06,74.38,25.37,539.2,77.82,3377.93,340.0,Некоторые остановлены,Критическое
66.96,64.56,98.31,68.31,86.32,1071.54,74.0,Некоторые остановлены,Критическое
11.25,30.96,32.72,551.16,66.09,7659.92,50.0,Все работают,Оптимальное
9.33,99.24,30.87,42.71,98.52,9078.16,148.0,Все работают,Критическое с риском отказа
52.72,13.87,98.23,31.43,87.62,9438.21,334.0,Некоторые остановлены,Критическое
6.51,2.09,21.82,54.43,82.21,920.65,41.0,Все работают,Хорошее
57.47,35.32,34.72,5.04,29.34,8663.91,952.0,Некоторые остановлены,Критическое с риском отказа
23.94,3.3,24.04,372.11,61.43,751.89,96.0,Все работают,Оптимальное
75.21,84.16,76.29,701.95,72.35,9412.7,405.0,Некоторые остановлены,Критическое
16.06,62.38,45.4,936.05,76.65,8321.61,114.0,Все работают,Хорошее
37.96,32.48,31.54,69.46,11.92,7539.1,115.0,Все работают,Хорошее
60.91,74.37,99.59,52.82,86.26,7266.19,89.0,Некоторые остановлены,Критическое
28.12,28.72,38.23,559.97,17.49,4374.71,79.0,Все работают,Оптимальное
5.71,96.95,109.57,384.72,34.65,9214.22,769.0,Все работают,Критическое с риском отказа
27.05,17.93,21.85,992.13,66.84,6786.14,70.0,Все работают,Оптимальное
10.49,27.17,43.45,333.55,4.6,6551.54,51.0,Все работают,Оптимальное
25.19,1.17,20.97,229.13,79.23,8970.43,113.0,Все работают,Хорошее
63.48,86.82,76.54,11.62,82.39,8567.3,271.0,Все работают,Критическое
26.6,70.77,38.69,611.53,95.33,9643.59,153.0,Все работают,Критическое
27.42,4.72,22.2,635.41,28.31,2324.7,61.0,Все работают,Оптимальное
15.39,74.82,46.12,71.85,39.32,8319.72,359.0,Все работают,Критическое
2.33,20.0,49.34,731.8,59.84,5462.93,34.0,Все работают,Оптимальное
15.41,31.25,36.22,373.19,31.62,2871.57,71.0,Все работают,Оптимальное
55.54,1.42,45.24,75.19,12.03,4503.97,40.0,Все работают,Хорошее
53.94,66.93,69.67,61.42,77.35,8433.56,152.0,Все работают,Хорошее
29.69,18.08,44.35,898.44,52.82,874.04,56.0,Все работают,Оптимальное
34.34,98.67,100.19,47.0,98.26,8126.65,948.0,Все работают,Критическое с риском отказа
14.52,30.37,49.18,628.24,15.04,7099.58,94.0,Все работают,Оптимальное
27.29,2.66,41.72,528.19,13.38,7812.33,59.0,Все работают,Оптимальное
19.81,46.35,47.73,685.9,93.78,9239.35,39.0,Некоторые остановлены,Критическое
7.78,1.13,27.53,153.25,28.13,4903.37,68.0,Все работают,Оптимальное
18.03,26.29,36.64,656.51,67.28,6702.44,51.0,Все работают,Оптимальное
4.62,0.4,36.8,340.58,63.07,7611.82,75.0,Все работают,Оптимальное
19.15,29.99,51.04,26.5,75.59,8610.44,346.0,Некоторые остановлены,Критическое
39.48,53.61,56.47,75.97,21.29,2484.63,136.0,Все работают,Хорошее
47.72,2.01,24.55,64.79,76.3,1834.84,159.0,Все работают,Хорошее
40.82,48.96,40.76,575.24,74.13,7255.08,162.0,Все работают,Хорошее
16.94,35.81,21.1,209.3,50.96,807.97,34.0,Все работают,Оптимальное
27.89,13.42,98.74,71.59,98.24,8403.15,154.0,Некоторые остановлены,Критическое с риском отказа
51.24,42.06,39.09,410.06,61.43,8872.57,159.0,Все работают,Хорошее
27.52,91.83,85.16,30.28,95.48,9707.84,119.0,Все работают,Критическое
22.01,11.06,34.59,197.41,21.21,3322.59,70.0,Все работают,Оптимальное
98.22,50.4,100.76,457.67,96.21,4973.78,41.0,Критический сервис остановлен,Критическое с риском отказа
16.96,42.74,58.11,910.48,34.7,9124.08,204.0,Некоторые остановлены,Критическое
90.49,99.22,98.14,41.45,98.77,9575.22,413.0,Некоторые остановлены,Критическое с риском отказа
85.04,82.76,64.49,619.52,89.66,6571.39,197.0,Все работают,Критическое
62.91,20.37,26.81,457.46,79.97,9553.69,202.0,Все работают,Критическое
0.23,19.82,43.1,186.22,65.71,7906.03,39.0,Все работают,Оптимальное
10.04,38.56,27.33,531.43,14.57,1668.97,56.0,Все работают,Оптимальное
4.11,10.76,30.61,953.41,49.42,2359.65,77.0,Все работают,Оптимальное
4.24,67.5,21.87,336.21,33.19,2815.7,154.0,Все работают,Хорошее
23.57,5.29,42.37,86.58,32.9,801.3,60.0,Все работают,Оптимальное
17.85,9.01,96.7,59.05,66.39,8607.45,279.0,Все работают,Критическое
0.86,6.17,27.94,366.72,73.67,8714.54,62.0,Все работают,Хорошее
26.15,36.03,34.11,697.14,11.45,4065.98,94.0,Все работают,Оптимальное
27.18,17.36,40.89,755.96,4.64,7607.0,89.0,Все работают,Оптимальное
69.53,86.06,78.18,21.97,10.89,5074.37,217.0,Все работают,Критическое
5.5,33.94,34.26,225.05,4.42,1930.44,45.0,Все работают,Оптимальное
93.9,75.72,83.75,39.37,65.17,8684.05,640.0,Некоторые остановлены,Критическое с риском отказа
6.69,32.2,42.1,176.32,62.49,1115.14,56.0,Все работают,Оптимальное
4.3,26.12,49.78,340.76,62.98,4183.07,61.0,Все работают,Оптимальное
39.92,33.93,24.67,940.61,19.32,8267.51,155.0,Все работают,Хорошее
14.03,14.73,25.54,907.64,29.07,1491.28,81.0,Все работают,Оптимальное
44.61,30.91,71.33,64.27,10.2,4100.81,93.0,Все работают,Хорошее
1.59,56.2,60.98,884.99,39.6,8822.31,82.0,Все работают,Хорошее
82.24,7.45,88.16,69.2,97.16,9306.08,577.0,Критический сервис остановлен,Критическое с риском отказа
39.27,63.84,58.47,53.64,36.08,4689.05,32.0,Все работают,Хорошее
28.53,38.43,38.02,782.96,9.7,7208.5,99.0,Все работают,Оптимальное
96.62,95.28,53.33,8.38,93.18,1576.82,167.0,Критический сервис остановлен,Критическое с риском отказа
92.92,96.21,73.31,0.06,50.0,8534.39,74.0,Все работают,Критическое с риском отказа
16.95,39.9,27.59,575.5,27.22,7186.87,51.0,Все работают,Оптимальное
74.14,68.64,80.51,26.37,91.27,8284.7,467.0,Все работают,Критическое
15.96,72.75,64.52,19.39,44.92,952.82,244.0,Все работают,Критическое
58.14,7.92,48.69,75.61,57.84,8415.59,36.0,Все работают,Хорошее
34.43,63.38,53.66,68.3,13.22,7834.19,99.0,Все работают,Хорошее
27.15,61.81,74.83,130.88,71.08,8168.72,46.0,Все работают,Хорошее
52.74,62.43,110.34,7.99,91.18,8338.6,84.0,Все работают,Критическое с риском отказа
55.95,86.96,25.62,679.01,61.29,7666.43,164.0,Все работают,Критическое
23.6,4.98,44.43,800.3,43.72,4864.39,58.0,Все работают,Оптимальное
47.93,75.09,58.85,135.21,35.04,966.03,117.0,Некоторые остановлены,Критическое
3.7,16.17,43.1,53.11,46.24,8049.92,45.0,Все работают,Хорошее
58.21,80.97,28.53,480.9,48.68,8366.44,359.0,Некоторые остановлены,Критическое
32.5,49.59,63.04,57.07,54.55,8106.83,98.0,Все работают,Хорошее
6.07,23.96,20.58,551.41,7.8,562.27,36.0,Все работают,Оптимальное
23.67,26.4,43.02,645.41,52.86,6711.22,98.0,Все работают,Оптимальное
17.15,61.01,65.47,60.19,70.91,8923.88,35.0,Все работают,Хорошее
21.61,31.12,63.85,56.62,2.23,8413.08,64.0,Все работают,Хорошее
59.01,28.1,116.1,62.0,45.19,1000.03,206.0,Критический сервис остановлен,Критическое с риском отказа
1.94,23.63,33.05,385.92,65.27,887.09,75.0,Все работают,Оптимальное
22.49,54.47,79.98,31.23,60.06,9653.45,129.0,Все работают,Критическое
16.62,27.53,42.32,113.75,36.76,4364.03,73.0,Все работают,Оптимальное
4.01,32.36,46.06,311.53,56.78,1753.33,71.0,Все работают,Оптимальное
25.24,1.03,48.31,969.55,47.57,5348.47,71.0,Все работают,Оптимальное
77.05,77.08,83.09,12.68,77.32,8133.35,55.0,Все работают,Критическое
31.14,48.81,49.06,650.89,76.33,3908.8,165.0,Все работают,Хорошее
67.31,39.61,72.91,33.45,41.64,8785.91,127.0,Все работают,Критическое
59.34,64.61,72.66,65.61,17.44,593.02,38.0,Все работают,Хорошее
2.39,73.99,98.1,7.42,94.07,4532.44,74.0,Все работают,Критическое с риском отказа
25.25,1.66,34.13,328.66,5.01,6703.44,88.0,Все работают,Оптимальное
63.95,81.02,91.33,29.23,83.08,8481.75,271.0,Все работают,Критическое
99.35,96.9,42.7,65.77,99.01,1227.03,296.0,Некоторые остановлены,Критическое с риском отказа
39.32,37.4,61.84,3.1,98.59,3661.84,612.0,Все работают,Критическое с риском отказа
0.39,17.39,32.18,245.14,29.65,5213.06,36.0,Все работают,Оптимальное
4.79,36.03,24.7,124.69,28.24,2689.65,36.0,Все работают,Оптимальное
91.45,51.5,91.53,13.96,81.08,4512.64,834.0,Некоторые остановлены,Критическое с риском отказа
26.69,40.39,37.36,57.52,39.92,2121.24,115.0,Все работают,Хорошее
40.44,65.39,39.34,60.73,29.99,4480.71,33.0,Все работают,Хорошее
50.13,52.18,71.85,66.76,72.96,8067.49,69.0,Все работают,Хорошее
0.51,44.7,71.31,54.16,75.49,8789.22,177.0,Все работают,Хорошее
63.85,13.72,86.83,806.23,97.45,8312.93,385.0,Все работают,Критическое
65.67,25.6,81.21,6.9,62.57,987.52,3.0,Критический сервис остановлен,Критическое с риском отказа
75.76,89.89,99.89,11.21,86.81,8030.5,255.0,Все работают,Критическое
40.12,21.97,34.12,54.36,80.69,9160.45,64.0,Некоторые остановлены,Критическое
58.65,62.14,38.08,560.7,20.96,8713.87,163.0,Все работают,Хорошее
22.05,33.85,28.59,440.74,33.0,7568.06,58.0,Все работают,Оптимальное
43.51,44.43,38.02,51.17,67.2,8374.87,136.0,Все работают,Хорошее
2.93,77.27,38.37,65.78,98.47,8396.59,188.0,Некоторые остановлены,Критическое с риском отказа
35.0,43.67,54.33,210.66,64.97,7532.89,123.0,Все работают,Хорошее
23.96,30.2,26.65,355.55,0.45,6775.65,97.0,Все работают,Оптимальное
23.54,39.54,32.12,806.37,23.69,186.5,95.0,Все работают,Оптимальное
12.82,95.67,105.23,7.9,0.89,8358.32,990.0,Критический сервис остановлен,Критическое с риском отказа
6.84,60.79,70.87,56.96,80.1,8119.69,75.0,Все работают,Хорошее
61.71,92.88,43.65,23.96,6.08,9428.82,88.0,Некоторые остановлены,Критическое
20.44,17.34,72.53,804.63,43.77,8960.96,186.0,Все работают,Хорошее
36.86,74.82,88.1,58.99,1.11,6125.76,93.0,Все работают,Критическое
80.3,99.64,102.44,31.26,99.17,9768.23,201.0,Все работают,Критическое с риском отказа
5.04,16.92,63.07,34.56,74.34,9243.47,59.0,Все работают,Критическое
12.0,1.6,25.72,296.96,5.54,1317.87,98.0,Все работают,Оптимальное
9.93,6.18,49.61,367.23,60.91,2289.6,35.0,Все работают,Оптимальное
60.98,67.83,25.88,51.06,3.76,8343.13,429.0,Некоторые остановлены,Критическое
15.26,31.45,38.03,879.44,56.7,2102.83,33.0,Все работают,Оптимальное
23.12,19.23,63.22,55.69,80.49,661.82,112.0,Все работают,Хорошее
51.68,61.06,59.58,759.81,75.23,8937.28,97.0,Все работают,Хорошее
61.54,20.23,47.69,224.41,37.41,8635.89,472.0,Все работают,Критическое
28.6,15.86,33.09,446.11,65.1,5837.76,42.0,Все работают,Оптимальное
53.61,9.8,34.71,720.34,71.23,8214.03,51.0,Все работают,Хорошее
41.83,97.44,49.94,57.28,92.88,8244.41,499.0,Все работают,Критическое с риском отказа
37.73,94.44,64.77,53.95,73.06,9174.4,204.0,Все работают,Критическое
60.64,71.78,40.08,25.58,41.21,4383.88,180.0,Все работают,Критическое
37.24,56.83,58.7,71.34,9.31,6540.04,60.0,Все работают,Хорошее
27.43,13.16,37.34,852.19,56.92,313.1,45.0,Все работают,Оптимальное
40.01,34.95,31.62,69.58,28.58,5023.21,74.0,Все работают,Хорошее
4.16,7.19,49.45,217.2,38.36,5660.1,68.0,Все работают,Оптимальное
3.26,28.83,49.07,705.48,28.75,1793.65,80.0,Все работают,Оптимальное
41.23,15.89,116.27,47.57,7.63,7190.78,223.0,Критический сервис остановлен,Критическое с риском отказа
3.05,64.01,37.21,52.35,73.52,8185.06,136.0,Все работают,Хорошее
52.62,69.75,32.7,56.34,2.07,5143.6,171.0,Все работают,Хорошее
22.95,73.34,96.91,37.16,96.19,1540.66,277.0,Некоторые остановлены,Критическое
23.26,6.47,36.27,297.57,45.98,5202.08,79.0,Все работают,Оптимальное
27.77,25.82,32.67,327.06,61.57,2436.23,38.0,Все работают,Оптимальное
57.69,60.41,43.39,69.31,75.45,8386.15,72.0,Все работают,Хорошее
25.14,32.11,44.77,921.42,0.78,1023.3,78.0,Все работают,Оптимальное
8.64,22.05,58.68,993.47,79.33,881.17,197.0,Все работают,Хорошее
9.47,12.0,42.6,921.87,40.67,2045.14,100.0,Все работают,Оптимальное
22.98,30.02,39.4,557.62,9.53,2851.62,41.0,Все работают,Оптимальное
58.66,27.43,24.43,78.05,81.82,2836.47,149.0,Все работают,Хорошее
21.53,24.68,49.48,533.22,66.73,5266.5,64.0,Все работают,Оптимальное
92.63,99.09,23.09,57.56,98.65,1081.75,117.0,Критический сервис остановлен,Критическое с риском отказа
9.77,43.58,58.43,684.81,43.26,8572.72,74.0,Все работают,Хорошее
9.42,34.33,41.23,965.2,56.75,199.18,61.0,Все работают,Оптимальное
72.24,81.08,93.66,47.02,71.84,9753.7,147.0,Все работают,Критическое
25.92,11.16,24.05,56.54,81.34,8677.79,161.0,Все работают,Хорошее
8.18,33.31,44.84,178.89,3.32,2707.03,91.0,Все работают,Оптимальное
24.73,5.54,22.61,211.58,39.58,1623.15,75.0,Все работают,Оптимальное
40.24,19.52,35.1,72.52,42.85,8671.51,185.0,Все работают,Хорошее
27.16,17.86,62.48,51.0,78.69,8450.47,104.0,Все работают,Хорошее
26.09,51.62,42.31,828.63,71.96,8733.86,87.0,Все работают,Хорошее
85.08,90.36,47.63,37.17,91.91,9840.5,57.0,Все работают,Критическое
17.08,44.68,51.54,763.83,81.76,3278.68,161.0,Все работают,Хорошее
12.55,33.36,42.14,80.7,35.46,2086.62,50.0,Все работают,Оптимальное
63.9,9.07,93.68,53.21,76.25,9189.62,131.0,Все работают,Критическое
48.92,25.39,69.98,67.58,75.17,8443.75,118.0,Все работают,Хорошее
40.76,30.67,54.35,53.75,72.81,5054.1,43.0,Все работают,Хорошее
71.4,88.61,29.46,60.08,56.92,9506.43,163.0,Все работают,Критическое
60.34,79.97,87.56,76.1,83.91,8547.12,321.0,Все работают,Критическое
94.57,97.75,40.22,25.2,72.37,8783.22,235.0,Критический сервис остановлен,Критическое с риском отказа
26.43,55.57,51.3,619.14,62.67,4149.57,95.0,Все работают,Хорошее
14.57,93.47,72.71,25.49,79.36,8443.61,103.0,Все работают,Критическое
58.18,58.51,70.47,50.42,57.82,2344.09,144.0,Все работают,Хорошее
31.57,48.9,31.3,27.97,98.74,9436.3,102.0,Все работают,Критическое с риском отказа
13.22,58.11,40.11,967.27,73.82,8355.01,178.0,Все работают,Хорошее
9.58,1.23,32.49,510.33,27.68,1304.55,84.0,Все работают,Оптимальное
8.92,11.13,42.79,687.98,19.76,1590.98,76.0,Все работают,Оптимальное
12.52,16.08,110.52,0.95,88.09,8552.5,83.0,Критический сервис остановлен,Критическое с риском отказа
49.19,0.71,63.5,978.03,37.07,4680.44,93.0,Все работают,Хорошее
5.94,27.52,29.91,108.71,7.12,3774.06,56.0,Все работают,Оптимальное
0.3,93.53,91.32,7.5,99.82,7443.27,315.0,Все работают,Критическое с риском отказа
7.73,6.97,40.31,209.77,73.69,3199.17,47.0,Все работают,Хорошее
24.67,96.49,65.13,851.59,99.61,9419.21,746.0,Некоторые остановлены,Критическое с риском отказа
21.87,20.49,21.18,704.55,13.85,1636.86,71.0,Все работают,Оптимальное
7.3,35.93,27.09,982.03,43.76,6498.88,60.0,Все работают,Оптимальное
5.06,36.99,46.67,204.16,9.1,130.04,40.0,Все работают,Оптимальное
89.51,78.8,65.79,45.9,81.38,8210.89,50.0,Некоторые остановлены,Критическое
51.6,21.79,80.44,888.07,94.95,2314.56,78.0,Все работают,Критическое
17.44,1.06,43.09,126.2,25.0,4091.54,85.0,Все работают,Оптимальное
45.8,77.54,50.17,646.59,28.96,5885.74,197.0,Все работают,Критическое
27.12,21.97,48.46,214.57,68.04,4927.66,69.0,Все работают,Оптимальное
7.04,6.47,41.31,175.04,62.14,95.15,58.0,Все работают,Оптимальное
4.56,32.98,85.1,38.36,78.51,9261.68,124.0,Все работают,Критическое
48.41,6.59,38.53,755.03,40.27,4414.37,79.0,Все работают,Хорошее
72.98,99.78,85.29,36.27,75.07,8975.92,135.0,Некоторые остановлены,Критическое с риском отказа
31.29,93.11,77.47,56.8,49.45,8498.45,6.0,Критический сервис остановлен,Критическое с риском отказа
0.9,36.67,41.77,179.01,35.61,1159.49,95.0,Все работают,Оптимальное
46.23,79.68,51.84,335.12,97.53,9991.27,40.0,Все работают,Критическое
52.26,90.58,88.96,65.51,55.89,9483.0,152.0,Некоторые остановлены,Критическое
16.71,57.69,72.31,719.68,77.95,8927.96,127.0,Все работают,Хорошее
23.03,6.56,27.03,959.41,21.6,1067.14,33.0,Все работают,Оптимальное
22.23,25.63,30.31,300.93,46.23,2156.6,96.0,Все работают,Оптимальное
37.53,56.26,21.83,47.88,97.71,8059.95,146.0,Некоторые остановлены,Критическое
68.48,55.51,95.79,135.85,33.77,9275.04,137.0,Все работают,Критическое
37.04,49.37,28.48,67.62,67.09,475.02,136.0,Все работают,Хорошее
4.78,19.26,47.21,793.16,69.46,937.07,90.0,Все работают,Оптимальное
12.23,48.18,66.18,61.27,81.49,8517.82,149.0,Все работают,Хорошее
54.31,64.46,27.0,79.15,66.47,5494.36,155.0,Все работают,Хорошее
25.46,0.72,26.77,620.85,4.97,1286.62,86.0,Все работают,Оптимальное
22.79,17.6,48.87,440.45,19.89,2781.19,34.0,Все работают,Оптимальное
58.84,12.64,43.27,54.34,76.9,7922.92,163.0,Все работают,Хорошее
0.31,0.11,33.85,194.47,36.03,6893.37,91.0,Все работают,Оптимальное
1.6,43.5,40.59,67.22,79.33,7335.65,177.0,Все работают,Хорошее
31.07,36.79,36.58,300.52,22.18,8465.08,46.0,Все работают,Хорошее
12.28,65.96,60.15,31.87,86.6,6537.58,454.0,Некоторые остановлены,Критическое
21.1,24.69,30.61,448.65,52.45,65.77,68.0,Все работают,Оптимальное
10.61,14.13,42.56,696.68,45.69,2643.36,65.0,Все работают,Оптимальное
41.7,7.48,109.56,628.68,72.24,9760.47,106.0,Некоторые остановлены,Критическое с риском отказа
22.23,24.58,41.8,296.98,57.09,3970.47,69.0,Все работают,Оптимальное
16.71,44.27,23.09,221.85,72.03,5627.6,34.0,Все работают,Хорошее
19.39,31.93,35.29,775.11,61.64,4034.51,86.0,Все работают,Оптимальное
0.22,41.33,69.02,57.98,82.64,8789.59,152.0,Все работают,Хорошее
90.62,98.09,54.84,52.89,83.76,2263.49,98.0,Некоторые остановлены,Критическое с риском отказа
34.5,11.58,45.5,820.36,74.86,8976.23,52.0,Все работают,Хорошее
39.04,75.02,95.06,4.18,99.33,9934.79,163.0,Все работают,Критическое с риском отказа
3.92,16.03,64.1,969.34,55.33,8934.18,51.0,Все работают,Хорошее
18.06,22.56,33.98,872.16,9.83,7497.55,39.0,Все работают,Оптимальное
65.98,80.22,39.24,63.92,90.45,3944.24,116.0,Все работают,Критическое
4.79,44.18,43.72,62.96,47.91,8070.52,127.0,Все работают,Хорошее
18.17,4.87,49.24,302.69,59.99,2819.16,99.0,Все работают,Оптимальное
18.4,17.97,45.23,665.48,10.39,6163.37,31.0,Все работают,Оптимальное
46.67,22.92,95.58,75.97,86.88,8976.42,44.0,Все работают,Критическое
11.16,9.69,38.27,347.49,1.16,1749.98,52.0,Все работают,Оптимальное
34.6,22.79,64.6,60.66,79.94,2582.01,71.0,Все работают,Хорошее
1.68,52.1,71.66,75.34,79.19,3324.37,34.0,Все работают,Хорошее
55.81,43.46,59.19,755.48,83.55,3475.71,139.0,Все работают,Хорошее
78.68,82.28,71.56,933.52,91.46,9145.04,30.0,Все работают,Критическое
3.18,67.96,23.93,40.34,18.49,4706.39,312.0,Некоторые остановлены,Критическое
12.31,9.75,39.47,280.94,17.3,5915.0,48.0,Все работают,Оптимальное
10.84,82.24,73.33,24.36,16.4,5661.22,54.0,Все работают,Критическое
6.34,61.96,58.94,851.65,79.33,1499.16,50.0,Все работают,Хорошее
50.93,84.38,95.93,63.7,77.45,8816.72,119.0,Все работают,Критическое
33.25,53.49,46.77,58.79,73.23,6268.15,75.0,Все работают,Хорошее
11.72,4.32,25.93,323.52,34.88,2846.61,65.0,Все работают,Оптимальное
45.84,12.76,33.53,789.15,2.28,969.9,53.0,Все работают,Хорошее
16.59,27.92,40.79,299.48,84.66,4984.85,162.0,Все работают,Хорошее
25.63,33.07,26.87,667.4,36.44,1516.35,47.0,Все работают,Оптимальное
3.73,2.63,44.97,725.69,11.25,1795.97,45.0,Все работают,Оптимальное
14.7,40.61,55.75,61.21,50.97,3996.63,37.0,Все работают,Хорошее
47.37,92.97,52.8,63.03,85.86,8991.09,64.0,Некоторые остановлены,Критическое
67.97,50.24,82.29,30.08,86.38,8884.48,956.0,Критический сервис остановлен,Критическое с риском отказа
40.29,65.14,44.89,9.1,10.59,9552.8,400.0,Все работают,Критическое с риском отказа
27.56,11.56,33.03,242.45,14.42,4244.09,32.0,Все работают,Оптимальное
44.28,21.37,62.67,51.95,80.64,8258.69,144.0,Все работают,Хорошее
28.17,18.19,27.23,102.57,60.57,4429.62,90.0,Все работают,Оптимальное
4.8,27.26,44.05,972.75,4.36,3144.79,71.0,Все работают,Оптимальное
14.17,34.17,25.54,964.29,26.2,1953.95,91.0,Все работают,Оптимальное
75.23,70.55,86.62,68.44,98.31,3980.13,4.0,Все работают,Критическое с риском отказа
87.69,24.06,27.08,494.02,88.52,8911.75,649.0,Все работают,Критическое с риском отказа
15.76,76.3,78.34,36.02,40.36,8246.08,90.0,Некоторые остановлены,Критическое
14.01,24.87,48.12,136.54,26.54,7354.18,57.0,Все работают,Оптимальное
9.36,42.24,31.87,967.08,74.43,8810.37,194.0,Все работают,Хорошее
0.46,28.21,43.67,777.67,18.08,6355.0,62.0,Все работают,Оптимальное
3.76,16.88,26.04,712.87,9.32,1021.34,68.0,Все работают,Оптимальное
49.1,47.23,59.81,65.38,73.42,5142.73,63.0,Все работают,Хорошее
28.05,38.37,43.61,790.84,8.22,2439.3,56.0,Все работают,Оптимальное
25.67,21.06,25.16,641.61,3.72,4613.41,30.0,Все работают,Оптимальное
56.89,53.68,27.19,3.39,99.41,9011.99,117.0,Все работают,Критическое с риском отказа
16.78,30.32,48.17,663.51,0.66,51.49,87.0,Все работают,Оптимальное
95.84,97.1,40.94,51.2,2.55,8186.14,295.0,Критический сервис остановлен,Критическое с риском отказа
12.27,39.49,66.48,59.23,20.63,1756.64,70.0,Все работают,Хорошее
9.2,38.82,48.59,405.99,32.7,5683.77,99.0,Все работают,Оптимальное
15.36,58.52,33.06,759.17,82.15,1049.57,50.0,Все работают,Хорошее
27.96,9.7,22.2,710.6,15.06,5954.49,44.0,Все работают,Оптимальное
25.13,10.0,32.35,103.38,9.06,3493.9,65.0,Все работают,Оптимальное
5.09,32.5,47.96,770.66,54.6,2719.54,93.0,Все работают,Оптимальное
7.58,50.15,45.3,68.14,14.55,8277.33,198.0,Все работают,Хорошее
17.15,66.76,40.22,50.16,80.13,3168.01,206.0,Некоторые остановлены,Критическое
60.28,92.55,91.73,60.97,10.22,9915.06,120.0,Некоторые остановлены,Критическое
97.36,96.46,37.6,146.57,87.84,9253.98,36.0,Все работают,Критическое с риском отказа
36.04,79.24,100.47,472.28,99.1,9773.32,400.0,Критический сервис остановлен,Критическое с риском отказа
13.89,27.78,49.55,611.87,56.42,2623.62,69.0,Все работают,Оптимальное
97.12,70.75,21.94,31.22,99.19,6648.08,654.0,Все работают,Критическое с риском отказа
54.91,87.38,64.59,75.23,93.06,3789.6,40.0,Все работают,Критическое
20.65,56.41,57.97,112.79,88.99,8063.49,390.0,Все работают,Критическое
4.4,6.72,61.05,64.36,81.96,5323.13,76.0,Все работают,Хорошее
21.08,3.6,28.58,233.72,19.08,4418.69,40.0,Все работают,Оптимальное
15.33,40.69,36.73,52.39,73.51,976.9,114.0,Все работают,Хорошее
57.29,17.48,69.96,159.03,97.47,8651.67,242.0,Некоторые остановлены,Критическое
28.37,98.04,64.38,157.69,99.02,4389.27,314.0,Все работают,Критическое с риском отказа
9.68,23.9,43.08,94.57,59.49,4850.1,92.0,Все работают,Оптимальное
54.1,15.57,42.3,660.62,9.5,1998.07,125.0,Все работают,Хорошее
1.13,19.02,45.62,282.85,22.0,1341.49,92.0,Все работают,Оптимальное
21.7,84.93,92.45,67.42,85.05,5039.94,235.0,Некоторые остановлены,Критическое
22.72,87.28,93.27,671.9,99.25,5716.93,183.0,Некоторые остановлены,Критическое с риском отказа
21.13,28.66,41.82,849.65,8.55,5264.22,64.0,Все работают,Оптимальное
66.03,82.72,79.62,67.1,95.81,2490.48,121.0,Некоторые остановлены,Критическое
25.21,6.18,70.55,73.73,77.27,1257.77,114.0,Все работают,Хорошее
42.84,23.45,32.31,734.96,74.44,2496.8,83.0,Все работают,Хорошее
25.28,11.91,44.64,119.85,50.47,1508.53,31.0,Все работают,Оптимальное
33.54,10.06,78.04,69.39,94.78,9905.28,47.0,Некоторые остановлены,Критическое
55.87,87.66,97.24,5.74,83.32,8880.26,182.0,Критический сервис остановлен,Критическое с риском отказа
34.21,8.43,32.69,619.38,81.94,6398.84,63.0,Все работают,Хорошее
12.11,91.37,83.07,644.76,81.78,8200.12,163.0,Все работают,Критическое
98.88,53.78,58.78,32.8,97.97,5159.73,192.0,Некоторые остановлены,Критическое с риском отказа
36.54,12.96,68.7,977.04,82.41,8251.12,182.0,Все работают,Хорошее
71.95,87.88,34.41,174.9,90.47,8799.2,206.0,Некоторые остановлены,Критическое
3.12,33.48,40.95,974.81,42.55,1798.05,75.0,Все работают,Оптимальное
89.24,84.43,66.6,39.33,90.46,8648.8,217.0,Некоторые остановлены,Критическое
47.37,7.62,83.93,75.18,34.59,9690.28,145.0,Некоторые остановлены,Критическое
1.3,0.87,35.55,501.63,51.88,1061.12,61.0,Все работают,Оптимальное
51.71,34.06,71.99,231.12,75.03,8982.49,51.0,Все работают,Хорошее
48.19,25.39,74.12,52.33,72.14,579.19,90.0,Все работают,Хорошее
17.56,24.61,23.1,355.79,45.28,3002.17,49.0,Все работают,Оптимальное
69.23,87.7,57.89,80.06,94.7,8508.34,2.0,Критический сервис остановлен,Критическое с риском отказа
40.85,53.02,65.59,72.72,19.87,5515.66,154.0,Все работают,Хорошее
20.69,26.29,20.52,341.44,25.46,5761.31,36.0,Все работают,Оптимальное
7.39,8.88,39.1,410.87,52.98,7911.36,55.0,Все работают,Оптимальное
3.59,34.97,61.35,76.38,80.88,7427.79,134.0,Все работают,Хорошее
11.49,20.08,42.51,977.63,24.34,1240.31,98.0,Все работают,Оптимальное
10.32,33.13,38.07,500.58,53.27,850.31,86.0,Все работают,Оптимальное
7.81,11.62,31.03,573.84,53.95,1425.57,66.0,Все работают,Оптимальное
3.26,31.8,26.01,742.79,11.18,2899.53,100.0,Все работают,Оптимальное
0.3,6.83,46.08,693.9,31.37,4487.71,30.0,Все работают,Оптимальное
49.69,7.04,54.74,70.28,12.0,8670.21,178.0,Все работают,Хорошее
17.81,12.37,28.23,934.07,11.8,5748.4,57.0,Все работают,Оптимальное
10.31,23.89,32.32,828.56,41.05,2858.79,98.0,Все работают,Оптимальное
8.97,15.68,22.96,177.9,32.04,7917.81,63.0,Все работают,Оптимальное
34.37,61.72,42.88,53.3,71.22,2459.81,124.0,Все работают,Хорошее
53.63,28.75,33.38,68.29,80.18,942.15,175.0,Все работают,Хорошее
44.73,95.75,94.65,3.32,37.26,103.23,206.0,Критический сервис остановлен,Критическое с риском отказа
20.56,18.08,48.78,111.38,69.21,5378.51,49.0,Все работают,Оптимальное
13.06,37.7,37.11,441.38,4.29,2892.16,43.0,Все работают,Оптимальное
8.56,33.89,26.04,784.43,32.56,7390.27,41.0,Все работают,Оптимальное
12.02,9.17,36.78,302.99,44.75,885.25,46.0,Все работают,Оптимальное
22.07,63.29,31.61,57.42,84.76,7108.83,133.0,Все работают,Хорошее
63.12,27.22,83.19,41.96,71.4,9972.86,98.0,Некоторые остановлены,Критическое
56.41,59.35,72.83,165.91,78.84,8192.29,190.0,Все работают,Хорошее
9.91,29.24,32.16,304.54,40.94,5902.5,57.0,Все работают,Оптимальное
10.84,2.86,46.69,465.39,25.71,6351.25,96.0,Все работают,Оптимальное
0.16,77.42,94.99,888.49,89.9,6111.22,169.0,Все работают,Критическое
58.27,18.69,61.32,503.95,72.96,6682.54,113.0,Все работают,Хорошее
23.63,32.27,23.19,207.93,52.72,828.1,36.0,Все работают,Оптимальное
54.98,91.68,29.04,15.16,85.15,9807.2,133.0,Все работают,Критическое
64.17,79.98,111.38,0.47,98.16,8679.11,1.0,Некоторые остановлены,Критическое с риском отказа
7.34,72.75,108.87,11.05,90.04,8554.87,2.0,Некоторые остановлены,Критическое с риском отказа
2.69,36.11,118.12,211.2,96.87,3420.92,5.0,Все работают,Критическое с риском отказа
23.03,99.89,59.3,791.49,98.18,9978.84,905.0,Все работают,Критическое с риском отказа
19.41,61.47,48.55,386.19,51.56,4882.49,171.0,Все работают,Хорошее
15.37,43.78,61.35,51.45,83.41,8089.83,187.0,Все работают,Хорошее
11.18,57.69,63.9,39.85,11.54,690.13,424.0,Все работают,Критическое
70.17,63.04,86.77,42.78,82.27,9501.36,133.0,Все работают,Критическое
56.64,4.87,57.22,514.89,72.55,8838.33,92.0,Все работают,Хорошее
12.93,2.61,37.84,225.63,61.05,7988.99,71.0,Все работают,Оптимальное
12.76,19.71,48.35,654.08,26.46,6662.9,46.0,Все работают,Оптимальное
58.71,10.94,66.64,79.64,82.95,8632.27,34.0,Все работают,Хорошее
82.68,55.79,41.61,34.09,82.32,9554.06,109.0,Критический сервис остановлен,Критическое с риском отказа
15.65,34.58,69.14,2.8,63.76,9431.43,97.0,Все работают,Критическое с риском отказа
55.02,40.61,69.94,396.6,61.73,4226.84,30.0,Все работают,Хорошее
23.74,35.32,43.91,217.7,15.64,3207.31,63.0,Все работают,Оптимальное
25.42,0.61,38.75,50.78,83.52,4542.8,83.0,Все работают,Хорошее
23.52,49.18,47.45,53.51,94.45,9679.24,445.0,Некоторые остановлены,Критическое
44.81,56.6,36.05,76.36,84.12,8918.18,158.0,Все работают,Хорошее
14.55,18.31,39.1,290.35,23.05,3359.68,41.0,Все работают,Оптимальное
52.56,81.24,103.11,6.24,97.47,5848.52,465.0,Все работают,Критическое с риском отказа
65.67,24.34,99.96,184.39,87.51,9243.86,217.0,Все работают,Критическое
11.04,0.49,28.71,223.34,39.57,6198.19,92.0,Все работают,Оптимальное
95.29,97.2,110.49,609.12,58.62,871.76,9.0,Все работают,Критическое с риском отказа
92.65,96.12,53.75,45.76,98.21,9843.28,770.0,Критический сервис остановлен,Критическое с риском отказа
1.45,96.57,25.34,8.16,99.62,193.4,106.0,Все работают,Критическое с риском отказа
43.91,8.87,69.95,45.12,90.51,7169.49,388.0,Некоторые остановлены,Критическое
68.87,53.97,95.99,52.5,87.73,9780.31,92.0,Некоторые остановлены,Критическое
43.01,65.46,94.52,33.43,86.13,7433.32,82.0,Все работают,Критическое
29.33,96.08,89.27,72.3,99.91,1094.81,32.0,Все работают,Критическое с риском отказа
1.23,13.92,44.32,639.45,24.01,543.39,76.0,Все работают,Оптимальное
0.96,34.52,68.76,634.52,10.85,6648.19,142.0,Все работают,Хорошее
24.39,0.3,28.72,919.98,34.24,5398.05,60.0,Все работают,Оптимальное
15.24,13.89,49.9,426.95,54.46,7729.32,81.0,Все работают,Оптимальное
40.88,57.06,23.84,69.01,51.94,8079.34,157.0,Все работают,Хорошее
37.68,12.01,42.8,36.17,90.48,5178.09,487.0,Все работают,Критическое
57.85,41.08,71.61,709.59,84.59,6586.72,154.0,Все работают,Хорошее
48.57,59.73,27.97,69.08,71.81,8029.16,81.0,Все работают,Хорошее
16.29,6.9,45.45,92.96,6.24,1883.63,33.0,Все работают,Оптимальное
26.42,43.12,60.15,58.29,71.31,8027.25,121.0,Все работают,Хорошее
5.63,7.6,50.18,52.18,50.02,1805.53,115.0,Все работают,Хорошее
59.32,66.78,49.16,55.88,74.04,8534.1,93.0,Все работают,Хорошее
21.64,26.8,29.18,920.4,1.93,6989.34,145.0,Все работают,Хорошее
29.32,7.58,29.32,361.41,8.33,6541.17,67.0,Все работают,Оптимальное
13.43,35.99,28.5,404.43,49.74,2104.18,50.0,Все работают,Оптимальное
23.56,11.99,48.31,101.56,35.53,4873.71,64.0,Все работают,Оптимальное
11.63,95.07,119.74,50.93,84.16,247.39,127.0,Все работают,Критическое с риском отказа
0.74,27.11,22.01,530.32,31.67,7628.5,81.0,Все работают,Оптимальное
11.78,58.41,54.0,458.79,30.89,8010.26,103.0,Все работают,Хорошее
16.45,33.83,29.52,997.05,46.97,7252.01,92.0,Все работают,Оптимальное
97.02,28.11,64.74,9.77,41.54,6960.78,42.0,Все работают,Критическое с риском отказа
23.59,14.9,34.17,226.76,59.66,5365.9,97.0,Все работают,Оптимальное
13.04,23.09,48.12,581.52,45.97,3884.41,98.0,Все работают,Оптимальное
14.82,3.81,37.27,337.28,6.93,2820.35,33.0,Все работают,Оптимальное
68.12,61.99,86.69,554.72,79.22,9360.76,66.0,Некоторые остановлены,Критическое
16.09,9.78,38.8,787.36,25.05,6989.02,80.0,Все работают,Оптимальное
7.88,96.21,104.18,6.26,93.08,9632.63,311.0,Все работают,Критическое с риском отказа
9.62,31.81,21.13,306.69,61.37,4866.38,83.0,Все работают,Оптимальное
78.24,87.3,80.89,76.08,85.9,1763.23,45.0,Некоторые остановлены,Критическое
93.96,99.68,44.08,4.11,98.53,2638.51,449.0,Все работают,Критическое с риском отказа
1.04,7.13,42.86,484.01,56.81,5970.2,58.0,Все работают,Оптимальное
29.46,35.31,21.79,419.18,60.59,1337.58,60.0,Все работают,Оптимальное
5.24,8.95,32.34,925.56,0.12,7450.85,49.0,Все работают,Оптимальное
64.59,21.71,53.0,51.22,18.94,8742.38,102.0,Все работают,Критическое
50.72,85.9,89.8,28.54,95.76,8046.86,208.0,Некоторые остановлены,Критическое
73.72,6.45,80.35,37.93,74.74,8052.35,396.0,Некоторые остановлены,Критическое
72.49,25.93,73.91,214.04,81.41,9971.47,399.0,Некоторые остановлены,Критическое
73.54,76.81,55.83,4.17,87.9,9597.31,10.0,Критический сервис остановлен,Критическое с риском отказа
69.99,14.23,53.64,233.05,99.04,9644.99,870.0,Все работают,Критическое с риском отказа
19.8,28.7,44.5,887.51,39.13,820.6,70.0,Все работают,Оптимальное
18.99,39.34,21.63,620.59,4.27,4538.83,44.0,Все работают,Оптимальное
70.03,53.96,85.64,73.96,81.04,7379.3,128.0,Некоторые остановлены,Критическое
19.89,36.81,36.47,731.99,4.38,2634.92,57.0,Все работают,Оптимальное
12.15,7.25,35.32,904.83,7.46,6256.77,38.0,Все работают,Оптимальное
43.77,28.76,28.19,108.8,18.67,1764.65,136.0,Все работают,Хорошее
28.61,14.49,42.02,379.75,50.28,1196.01,100.0,Все работают,Оптимальное
51.72,51.64,24.28,690.42,69.97,4519.17,69.0,Все работают,Хорошее
7.09,22.15,20.3,474.93,58.74,2377.08,34.0,Все работают,Оптимальное
14.95,46.95,58.01,604.88,75.34,8881.64,131.0,Все работают,Хорошее
29.36,8.48,29.08,978.86,18.72,4851.59,46.0,Все работают,Оптимальное
10.9,26.01,58.09,39.49,39.9,9971.08,261.0,Все работают,Критическое
38.94,50.64,66.12,77.81,71.67,6900.52,81.0,Все работают,Хорошее
13.89,38.51,38.8,772.79,44.75,357.21,79.0,Все работают,Оптимальное
52.83,52.86,59.86,69.49,12.43,8474.06,177.0,Все работают,Хорошее
56.73,47.69,31.44,986.87,2.07,8866.92,55.0,Все работают,Хорошее
90.67,74.95,108.16,20.97,98.22,9482.98,48.0,Все работают,Критическое с риском отказа
22.01,0.58,24.78,364.72,79.13,6200.67,48.0,Все работают,Хорошее
5.6,35.8,20.22,461.96,48.82,827.38,36.0,Все работают,Оптимальное
8.39,57.19,55.37,61.16,93.93,5819.89,326.0,Некоторые остановлены,Критическое
11.53,10.64,25.79,296.52,33.23,1376.64,74.0,Все работают,Оптимальное
38.72,39.86,24.49,59.56,84.45,8825.96,81.0,Все работают,Хорошее
34.28,50.66,71.73,69.8,1.05,8409.85,107.0,Все работают,Хорошее
48.17,97.51,62.82,670.59,98.81,9088.35,51.0,Некоторые остановлены,Критическое с риском отказа
24.59,29.43,43.74,741.07,35.42,593.17,69.0,Все работают,Оптимальное
5.29,18.15,28.83,616.95,10.94,7480.4,49.0,Все работают,Оптимальное
70.55,10.72,66.07,8.45,99.88,9620.92,30.0,Критический сервис остановлен,Критическое с риском отказа
26.39,8.7,43.39,691.41,77.81,4603.49,179.0,Все работают,Хорошее
20.33,23.3,27.03,557.55,74.08,5533.9,167.0,Все работают,Хорошее
39.38,63.22,39.12,65.1,74.42,8933.75,41.0,Все работают,Хорошее
7.5,4.7,68.54,61.29,84.61,8579.03,165.0,Все работают,Хорошее
20.01,57.69,65.78,766.5,73.48,8882.33,110.0,Все работают,Хорошее
11.93,44.18,35.18,251.66,71.84,5365.75,160.0,Все работают,Хорошее
19.94,16.32,47.4,785.6,80.66,9938.04,111.0,Все работают,Критическое
7.75,21.7,43.94,705.02,60.11,5706.2,84.0,Все работают,Оптимальное
31.69,79.19,75.78,616.01,85.32,8346.64,308.0,Все работают,Критическое
47.97,54.27,41.8,252.17,80.48,3935.96,113.0,Все работают,Хорошее
9.08,58.37,36.61,359.36,97.47,7164.14,456.0,Все работают,Критическое
10.41,6.84,42.46,422.28,39.95,33.97,96.0,Все работают,Оптимальное
15.89,60.55,54.93,66.76,62.48,3463.31,42.0,Все работают,Хорошее
25.04,2.68,43.54,138.14,12.49,324.3,63.0,Все работают,Оптимальное
12.28,28.63,28.99,324.87,7.51,6525.8,55.0,Все работают,Оптимальное
26.39,49.85,38.61,491.05,40.95,8059.51,163.0,Все работают,Хорошее
20.34,54.1,65.45,61.88,80.63,2455.25,171.0,Все работают,Хорошее
28.7,15.74,44.8,135.56,54.44,52.28,54.0,Все работают,Оптимальное
20.87,28.49,45.06,689.5,7.63,1788.82,55.0,Все работают,Оптимальное
0.61,62.95,69.9,63.01,81.69,8700.34,144.0,Все работают,Хорошее
15.74,17.92,31.55,457.12,54.73,1142.21,52.0,Все работают,Оптимальное
11.76,34.14,69.91,811.0,73.59,4920.82,40.0,Все работают,Хорошее
18.62,95.3,101.49,111.42,82.93,9168.85,75.0,Некоторые остановлены,Критическое с риском отказа
84.36,82.66,94.05,32.82,94.14,7830.47,311.0,Все работают,Критическое
20.9,90.18,43.63,50.68,86.72,6050.58,143.0,Некоторые остановлены,Критическое
24.9,62.32,67.57,55.99,4.36,7454.48,77.0,Все работают,Хорошее
9.48,73.14,50.08,58.41,36.37,9324.39,52.0,Некоторые остановлены,Критическое
4.79,14.12,33.63,356.68,46.24,1997.09,89.0,Все работают,Оптимальное
71.36,92.0,90.6,62.57,69.74,921.09,32.0,Все работают,Критическое
4.16,9.88,37.76,568.14,67.65,6954.12,53.0,Все работают,Оптимальное
0.97,57.13,60.33,57.72,81.29,8137.66,31.0,Все работают,Хорошее
6.26,6.84,22.82,110.38,19.39,6079.62,98.0,Все работают,Оптимальное
58.5,57.14,73.9,545.95,71.64,4090.63,75.0,Все работают,Хорошее
5.69,38.16,67.68,73.02,42.98,5412.13,60.0,Все работают,Хорошее
20.71,42.69,28.5,52.1,17.83,6879.54,45.0,Все работают,Хорошее
29.9,19.97,71.79,79.42,49.5,9847.39,160.0,Все работают,Критическое
97.13,97.67,43.58,51.88,98.15,9371.51,434.0,Критический сервис остановлен,Критическое с риском отказа
57.01,67.31,64.9,918.43,1.46,8767.38,82.0,Все работают,Хорошее
29.59,16.01,23.43,623.01,80.06,8042.64,139.0,Все работают,Хорошее
10.69,2.17,47.93,643.44,52.52,109.44,49.0,Все работают,Оптимальное
97.89,57.1,56.78,63.53,81.47,8486.24,2.0,Все работают,Критическое с риском отказа
66.97,78.05,76.2,0.62,98.53,2179.49,874.0,Критический сервис остановлен,Критическое с риском отказа
10.23,23.84,29.41,468.49,28.36,7647.16,39.0,Все работают,Оптимальное
78.45,82.49,25.39,74.72,22.28,6761.46,79.0,Все работают,Критическое
27.98,6.59,31.37,831.29,23.2,4374.65,48.0,Все работают,Оптимальное
84.06,72.28,89.42,846.79,77.93,5079.14,454.0,Все работают,Критическое
21.11,4.21,20.82,460.29,12.93,3369.39,80.0,Все работают,Оптимальное
17.79,56.31,41.56,271.41,82.27,8036.94,150.0,Все работают,Хорошее
39.78,9.53,39.41,5.42,87.88,1365.37,87.0,Некоторые остановлены,Критическое с риском отказа
43.97,22.58,49.35,28.93,91.15,3616.95,450.0,Некоторые остановлены,Критическое
76.15,90.32,21.66,78.95,95.02,2846.5,30.0,Некоторые остановлены,Критическое
90.99,99.75,22.62,66.53,90.89,9546.05,190.0,Критический сервис остановлен,Критическое с риском отказа
9.07,27.1,20.63,661.74,63.14,394.63,31.0,Все работают,Оптимальное
30.09,67.16,54.26,382.37,77.64,8093.39,64.0,Все работают,Хорошее
75.71,94.46,56.69,60.11,99.27,9186.73,131.0,Все работают,Критическое с риском отказа
19.92,18.31,42.98,639.47,69.59,7021.0,76.0,Все работают,Оптимальное
2.19,31.66,41.85,965.45,10.62,2943.78,74.0,Все работают,Оптимальное
69.93,82.78,84.91,23.17,53.91,9279.67,389.0,Некоторые остановлены,Критическое
47.03,39.68,42.73,489.77,65.05,5381.12,46.0,Все работают,Хорошее
0.36,12.0,44.4,539.99,35.02,3873.04,55.0,Все работают,Оптимальное
55.9,47.19,72.74,389.56,81.97,8747.12,173.0,Все работают,Хорошее
58.63,0.12,51.33,388.92,39.46,5371.74,197.0,Все работают,Хорошее
50.15,60.94,39.93,69.41,71.19,9730.26,257.0,Все работают,Критическое
84.74,94.76,69.21,54.98,93.79,9222.89,90.0,Все работают,Критическое
39.21,50.23,24.22,72.21,84.07,3040.21,100.0,Все работают,Хорошее
54.33,56.63,29.07,65.75,26.38,8160.89,69.0,Все работают,Хорошее
59.34,49.63,31.12,453.63,92.98,1117.42,269.0,Некоторые остановлены,Критическое
12.15,33.3,31.11,976.58,43.95,3659.5,32.0,Все работают,Оптимальное
52.07,21.31,21.22,62.41,78.71,2886.85,99.0,Все работают,Хорошее
27.12,15.94,28.27,524.94,43.01,2096.93,69.0,Все работают,Оптимальное
4.17,46.83,56.91,539.86,57.71,8032.28,30.0,Все работают,Хорошее
28.66,96.46,100.0,51.33,71.86,9336.03,7.0,Все работают,Критическое с риском отказа
33.88,23.22,73.23,55.47,54.51,397.17,118.0,Все работают,Хорошее
10.93,11.09,31.53,487.2,27.05,3242.04,63.0,Все работают,Оптимальное
12.91,23.86,59.55,58.78,71.29,8936.37,143.0,Все работают,Хорошее
8.99,31.42,43.18,243.55,32.72,6926.07,36.0,Все работают,Оптимальное
14.54,36.23,26.71,566.34,50.32,5163.21,85.0,Все работают,Оптимальное
39.2,66.56,65.22,56.23,1.8,5938.57,147.0,Все работают,Хорошее
14.29,0.45,45.96,636.23,26.44,3995.31,40.0,Все работают,Оптимальное
75.4,0.04,33.77,702.4,56.63,9583.8,30.0,Некоторые остановлены,Критическое
11.22,39.31,40.53,211.39,69.65,6376.92,85.0,Все работают,Оптимальное
10.89,58.81,68.36,66.5,77.41,991.03,147.0,Все работают,Хорошее
20.94,97.87,114.4,48.71,93.74,9020.61,161.0,Все работают,Критическое с риском отказа
14.28,19.74,22.95,748.11,53.7,72.8,51.0,Все работают,Оптимальное
42.64,85.44,111.0,73.36,98.39,2732.86,279.0,Все работают,Критическое с риском отказа
10.71,1.68,119.26,1.64,51.31,9558.0,8.0,Некоторые остановлены,Критическое с риском отказа
15.82,29.77,46.79,100.15,13.38,4506.84,51.0,Все работают,Оптимальное
48.11,63.77,65.18,223.84,30.99,2144.54,100.0,Все работают,Хорошее
39.91,45.31,118.98,865.12,98.66,2378.41,201.0,Все работают,Критическое с риском отказа
90.28,73.43,34.22,55.93,94.68,8669.43,678.0,Некоторые остановлены,Критическое с риском отказа
23.79,49.16,56.72,53.43,74.84,8732.43,31.0,Все работают,Хорошее
8.94,36.53,21.98,493.27,67.17,7157.58,65.0,Все работают,Оптимальное
28.38,95.28,93.42,305.38,53.64,9452.41,65.0,Некоторые остановлены,Критическое с риском отказа
7.6,24.21,22.45,801.8,33.17,3287.32,45.0,Все работают,Оптимальное
18.96,66.82,50.34,53.03,32.7,3237.85,135.0,Все работают,Хорошее
46.43,18.9,74.44,64.17,81.77,8532.37,40.0,Все работают,Хорошее
35.71,38.92,74.44,28.34,55.48,5888.23,49.0,Все работают,Критическое
56.04,31.92,74.33,63.84,81.06,2643.63,113.0,Все работают,Хорошее
46.78,46.93,21.79,79.79,47.17,5808.78,58.0,Все работают,Хорошее
91.64,98.05,62.36,6.2,73.9,6155.91,31.0,Некоторые остановлены,Критическое с риском отказа
14.68,32.73,21.62,196.15,46.95,4444.75,86.0,Все работают,Оптимальное
95.02,76.26,95.3,876.82,78.07,8717.46,416.0,Некоторые остановлены,Критическое с риском отказа
22.05,11.25,51.48,54.0,82.47,3881.22,72.0,Все работают,Хорошее
18.59,29.54,32.97,353.04,49.32,6293.76,63.0,Все работают,Оптимальное
27.06,9.28,45.18,373.88,33.27,3245.45,94.0,Все работают,Оптимальное
98.67,99.66,108.12,77.76,99.47,2432.04,41.0,Все работают,Критическое с риском отказа
6.54,59.59,58.14,415.9,74.13,8704.25,44.0,Все работают,Хорошее
17.13,35.63,22.91,624.57,29.79,5196.09,30.0,Все работают,Оптимальное
23.25,33.07,62.39,600.13,77.43,7587.42,132.0,Все работают,Хорошее
37.17,1.81,63.29,413.51,72.78,393.3,46.0,Все работают,Хорошее
93.11,1.35,91.14,725.66,33.55,8587.19,194.0,Все работают,Критическое с риском отказа
20.1,23.9,30.12,737.4,14.8,3332.65,68.0,Все работают,Оптимальное
27.9,57.22,51.97,78.25,78.15,3457.18,186.0,Все работают,Хорошее
34.17,46.42,30.18,43.27,87.49,9246.89,410.0,Все работают,Критическое
39.29,63.81,55.62,628.53,77.07,5968.17,95.0,Все работают,Хорошее
28.75,7.67,47.1,153.83,38.78,620.45,86.0,Все работают,Оптимальное
26.66,40.64,38.24,65.66,79.31,1627.61,103.0,Все работают,Хорошее
91.13,95.3,59.7,42.24,79.37,9704.83,8.0,Все работают,Критическое с риском отказа
5.8,68.8,62.78,899.02,79.81,1324.46,94.0,Все работают,Хорошее
57.3,13.21,54.44,60.96,83.27,3276.2,135.0,Все работают,Хорошее
39.41,21.41,48.98,69.71,69.77,427.8,163.0,Все работают,Хорошее
5.41,25.41,23.53,77.89,48.01,8457.73,46.0,Все работают,Хорошее
48.0,41.28,64.85,56.76,27.66,8830.48,126.0,Все работают,Хорошее
49.93,43.56,67.57,38.5,13.04,9585.13,473.0,Все работают,Критическое
13.13,26.33,35.98,555.98,2.48,2105.71,65.0,Все работают,Оптимальное
52.15,95.29,113.7,1.48,70.36,2486.59,477.0,Все работают,Критическое с риском отказа
92.89,98.12,50.21,1.71,99.19,9348.26,319.0,Критический сервис остановлен,Критическое с риском отказа
57.07,73.49,85.11,34.11,98.69,3499.3,7.0,Все работают,Критическое с риском отказа
79.6,84.95,55.07,56.22,87.2,8869.4,37.0,Некоторые остановлены,Критическое
35.13,4.17,24.84,425.79,28.87,8691.62,128.0,Все работают,Хорошее
47.28,64.24,61.96,64.02,31.44,8172.01,46.0,Все работают,Хорошее
2.38,56.89,32.53,77.78,78.3,3769.2,127.0,Все работают,Хорошее
62.12,46.49,78.64,13.7,81.73,3000.3,68.0,Все работают,Критическое
5.35,27.3,39.31,68.56,73.84,1574.77,157.0,Все работают,Хорошее
63.38,31.15,33.94,73.83,21.31,5894.01,162.0,Некоторые остановлены,Критическое
48.47,66.3,58.87,79.88,80.26,8390.86,124.0,Все работают,Хорошее
21.11,21.7,41.54,917.59,16.71,7159.52,93.0,Все работают,Оптимальное
4.74,45.46,50.37,55.82,6.58,8832.38,99.0,Все работают,Хорошее
38.39,50.64,66.8,58.04,83.62,5010.71,105.0,Все работают,Хорошее
2.17,32.96,39.27,900.1,60.12,5569.74,87.0,Все работают,Оптимальное
6.66,25.26,41.03,672.16,46.41,6872.59,34.0,Все работают,Оптимальное
2.67,22.96,36.93,114.1,9.68,3442.32,52.0,Все работают,Оптимальное
11.0,3.81,46.62,829.83,2.24,5409.46,59.0,Все работают,Оптимальное
25.67,31.59,27.53,944.0,13.53,6900.28,55.0,Все работают,Оптимальное
9.41,33.35,43.44,352.51,10.08,5483.37,33.0,Все работают,Оптимальное
16.61,50.49,54.51,63.22,78.3,577.97,126.0,Все работают,Хорошее
56.97,81.29,76.52,74.11,82.34,9327.93,156.0,Все работают,Критическое
3.41,19.38,26.59,54.56,13.76,9256.95,86.0,Все работают,Критическое
34.71,86.73,49.25,58.54,96.48,8909.63,3.0,Критический сервис остановлен,Критическое с риском отказа
10.13,14.3,42.97,68.48,55.68,7120.09,185.0,Все работают,Хорошее
4.56,20.21,74.59,61.87,84.91,3661.9,183.0,Все работают,Хорошее
9.21,19.52,40.52,552.3,55.6,1811.36,74.0,Все работают,Оптимальное
46.68,53.25,69.23,828.71,13.57,3506.32,58.0,Все работают,Хорошее
60.49,5.41,49.8,953.51,71.98,6345.93,359.0,Некоторые остановлены,Критическое
2.54,23.99,72.34,55.43,55.77,5306.35,95.0,Все работают,Хорошее
32.23,38.05,48.39,79.81,73.19,8429.87,40.0,Все работают,Хорошее
95.44,58.61,27.06,4.68,93.24,1837.72,804.0,Критический сервис остановлен,Критическое с риском отказа
9.73,20.51,41.01,518.02,15.57,5580.17,62.0,Все работают,Оптимальное
17.17,7.46,45.84,530.13,35.04,269.63,51.0,Все работают,Оптимальное
28.74,26.91,22.23,914.99,12.56,5057.18,56.0,Все работают,Оптимальное
17.59,29.96,26.82,294.48,28.72,7827.5,71.0,Все работают,Оптимальное
24.52,24.33,42.03,254.3,14.33,1357.9,100.0,Все работают,Оптимальное
0.45,16.38,30.82,909.91,19.58,996.4,69.0,Все работают,Оптимальное
38.83,18.99,44.41,58.33,4.22,8794.54,88.0,Все работают,Хорошее
22.88,8.01,27.51,677.67,41.17,3874.34,44.0,Все работают,Оптимальное
29.77,26.84,35.28,416.45,30.29,613.29,63.0,Все работают,Оптимальное
56.49,59.92,51.07,44.28,89.56,8059.65,85.0,Некоторые остановлены,Критическое
28.31,6.51,23.02,371.58,60.38,6141.83,95.0,Все работают,Оптимальное
17.77,12.26,49.13,277.43,22.5,1762.35,65.0,Все работают,Оптимальное
22.3,20.54,32.87,763.23,52.16,4453.4,57.0,Все работают,Оптимальное
64.24,89.62,70.35,32.98,55.98,8104.11,107.0,Некоторые остановлены,Критическое
4.83,38.05,20.94,339.72,0.01,1823.87,68.0,Все работают,Оптимальное
10.56,12.75,44.3,446.59,47.72,1604.27,73.0,Все работают,Оптимальное
58.3,93.31,95.21,38.11,66.5,6711.77,176.0,Некоторые остановлены,Критическое
32.61,55.51,35.2,786.15,66.64,6453.62,65.0,Все работают,Хорошее
10.5,66.12,36.14,424.81,79.39,8411.15,182.0,Все работают,Хорошее
16.57,21.89,34.93,532.01,63.2,5862.28,34.0,Все работают,Оптимальное
51.45,89.9,78.1,661.78,95.53,9652.4,83.0,Некоторые остановлены,Критическое
15.49,16.95,22.17,55.3,79.24,8769.07,196.0,Все работают,Хорошее
16.11,40.0,28.5,736.1,38.58,3779.41,41.0,Все работают,Оптимальное
56.1,65.83,64.68,56.65,20.48,8278.72,99.0,Все работают,Хорошее
29.29,9.33,32.23,91.79,36.19,7274.57,97.0,Все работают,Оптимальное
87.94,12.05,65.9,286.19,21.93,9644.82,65.0,Некоторые остановлены,Критическое
22.79,18.96,67.44,956.44,70.53,6035.83,166.0,Все работают,Хорошее
68.42,86.3,89.55,10.38,94.68,9957.38,288.0,Все работают,Критическое
49.69,27.76,46.03,63.22,89.73,9272.17,42.0,Все работают,Критическое
78.83,40.16,86.97,274.52,76.68,8885.17,140.0,Все работают,Критическое
21.65,75.06,48.76,4.58,29.82,74.1,5.0,Критический сервис остановлен,Критическое с риском отказа
34.76,2.28,69.85,632.09,83.44,7911.41,145.0,Все работают,Хорошее
2.55,49.29,51.05,425.52,70.39,732.21,63.0,Все работают,Хорошее
75.19,97.41,119.13,11.72,76.5,8584.63,567.0,Все работают,Критическое с риском отказа
14.51,75.77,49.9,891.02,92.73,9138.39,445.0,Некоторые остановлены,Критическое
16.17,30.79,49.61,206.6,44.1,1580.37,68.0,Все работают,Оптимальное
78.87,62.25,72.06,69.77,86.18,8649.17,286.0,Все работают,Критическое
4.37,9.06,22.97,671.28,63.34,612.7,54.0,Все работают,Оптимальное
6.26,0.46,111.66,6.04,53.45,2528.72,6.0,Все работают,Критическое с риском отказа
2.46,9.94,47.34,505.41,53.01,6635.25,37.0,Все работают,Оптимальное
2.31,34.96,23.24,301.44,39.38,5394.28,40.0,Все работают,Оптимальное
12.54,12.91,22.39,828.97,5.46,1636.07,34.0,Все работают,Оптимальное
46.84,23.06,80.57,948.61,92.56,9930.69,6.0,Все работают,Критическое с риском отказа
61.89,29.74,40.56,831.72,23.68,8402.81,198.0,Все работают,Критическое
13.49,36.0,32.65,493.93,54.18,7114.95,81.0,Все работают,Оптимальное
41.43,50.4,55.51,50.35,77.78,2155.09,38.0,Все работают,Хорошее
20.78,8.43,28.26,861.3,18.69,441.84,36.0,Все работают,Оптимальное
78.81,96.51,108.87,6.05,75.35,8797.83,594.0,Критический сервис остановлен,Критическое с риском отказа
98.1,84.07,33.04,15.88,85.42,8551.13,918.0,Критический сервис остановлен,Критическое с риском отказа
1.56,15.01,25.98,460.19,5.02,2173.47,77.0,Все работают,Оптимальное
51.55,49.49,63.29,78.17,76.17,1393.82,144.0,Все работают,Хорошее
29.05,44.62,41.44,22.94,53.54,5662.27,401.0,Все работают,Критическое
50.15,92.26,97.23,60.25,77.02,8845.83,32.0,Все работают,Критическое
4.14,30.15,49.07,511.7,64.04,7616.82,40.0,Все работают,Оптимальное
43.74,65.28,70.34,69.99,2.7,3860.34,52.0,Все работают,Хорошее
62.49,15.78,86.2,197.45,62.64,9712.52,289.0,Некоторые остановлены,Критическое
79.14,12.43,37.59,77.65,94.6,8388.33,446.0,Все работают,Критическое
21.17,65.4,71.08,71.3,51.22,2962.43,69.0,Все работают,Хорошее
29.91,57.78,36.45,53.77,76.75,2447.9,188.0,Все работают,Хорошее
25.73,46.18,102.19,5.43,88.51,4508.22,165.0,Некоторые остановлены,Критическое с риском отказа
38.1,98.15,76.66,0.85,98.43,8795.96,30.0,Некоторые остановлены,Критическое с риском отказа
17.81,27.8,112.08,13.43,80.45,9193.7,8.0,Все работают,Критическое с риском отказа
18.22,44.3,57.23,512.66,75.93,8126.18,93.0,Все работают,Хорошее
5.89,49.29,42.26,56.08,73.63,8015.86,125.0,Все работают,Хорошее
15.97,77.29,45.28,51.34,90.85,4110.08,55.0,Все работают,Критическое
95.13,95.59,78.05,70.43,93.23,6998.04,199.0,Критический сервис остановлен,Критическое с риском отказа
89.97,99.19,48.84,56.62,41.25,8645.73,288.0,Критический сервис остановлен,Критическое с риском отказа
49.65,55.25,33.07,550.37,86.15,3368.74,272.0,Некоторые остановлены,Критическое
86.32,22.48,93.56,69.86,90.77,9258.49,412.0,Все работают,Критическое
15.45,20.2,29.34,620.39,7.54,3008.95,48.0,Все работают,Оптимальное
86.77,41.78,56.25,33.86,98.17,5306.42,10.0,Некоторые остановлены,Критическое с риском отказа
67.21,52.47,59.32,45.69,66.61,9166.01,308.0,Некоторые остановлены,Критическое
29.83,4.83,28.45,594.3,5.68,4666.85,40.0,Все работают,Оптимальное
48.22,13.39,25.54,53.12,78.4,8745.1,94.0,Все работают,Хорошее
15.57,12.75,36.85,647.49,11.16,4617.82,37.0,Все работают,Оптимальное
29.09,25.77,32.57,761.3,3.24,3351.6,47.0,Все работают,Оптимальное
4.01,26.23,81.9,15.8,93.32,9993.65,117.0,Все работают,Критическое
2.54,33.04,24.97,398.59,28.32,6976.39,77.0,Все работают,Оптимальное
22.89,31.62,48.33,30.11,48.22,9155.22,372.0,Некоторые остановлены,Критическое
19.67,11.2,41.39,842.98,5.67,5951.73,76.0,Все работают,Оптимальное
8.49,6.86,51.87,50.99,60.84,1781.5,43.0,Все работают,Хорошее
26.89,52.79,54.28,480.79,84.93,6036.49,81.0,Все работают,Хорошее
28.67,82.83,28.92,53.75,73.72,8505.82,97.0,Некоторые остановлены,Критическое
14.87,17.28,26.31,586.53,57.77,7433.74,100.0,Все работают,Оптимальное
47.84,66.56,31.12,66.06,13.66,8769.88,184.0,Все работают,Хорошее
18.17,60.0,29.48,705.24,23.75,8371.79,66.0,Все работают,Хорошее
19.8,18.2,49.34,953.47,43.4,7968.76,63.0,Все работают,Оптимальное
72.78,76.8,63.26,41.25,92.34,7036.63,95.0,Все работают,Критическое
30.95,72.62,89.47,57.6,76.12,2482.56,272.0,Все работают,Критическое
13.39,28.66,42.37,73.66,72.43,8473.74,184.0,Все работают,Хорошее
97.75,96.54,108.16,23.54,81.39,9355.57,648.0,Некоторые остановлены,Критическое с риском отказа
10.83,37.26,26.42,604.56,7.25,2058.36,39.0,Все работают,Оптимальное
44.99,33.64,64.31,70.45,72.58,1140.21,179.0,Все работают,Хорошее
36.48,71.67,47.27,79.63,71.39,9472.35,47.0,Некоторые остановлены,Критическое
40.01,97.77,116.42,71.18,74.1,9640.35,301.0,Критический сервис остановлен,Критическое с риском отказа
70.49,91.93,62.27,35.1,78.15,4405.55,140.0,Некоторые остановлены,Критическое
14.8,36.35,25.15,280.47,20.37,5016.46,51.0,Все работают,Оптимальное
7.7,94.99,32.0,66.6,96.43,8780.83,383.0,Некоторые остановлены,Критическое
4.2,55.62,68.6,146.53,32.69,7693.66,63.0,Все работают,Хорошее
59.83,64.79,27.57,154.57,73.07,8340.77,155.0,Все работают,Хорошее
13.64,99.59,112.46,0.3,83.05,1232.54,161.0,Некоторые остановлены,Критическое с риском отказа
29.51,29.65,25.7,809.29,40.88,981.2,70.0,Все работают,Оптимальное
93.32,85.14,105.59,514.72,83.27,8320.95,51.0,Некоторые остановлены,Критическое с риском отказа
35.01,87.19,99.04,61.41,48.15,9557.27,35.0,Некоторые остановлены,Критическое
47.17,80.45,62.84,35.62,92.28,9546.72,396.0,Все работают,Критическое
98.11,16.94,88.69,666.06,14.42,9641.6,109.0,Критический сервис остановлен,Критическое с риском отказа
2.79,28.86,21.37,436.79,45.59,2717.01,55.0,Все работают,Оптимальное
42.13,69.02,31.01,84.37,14.5,8582.04,107.0,Все работают,Хорошее
81.16,58.9,118.39,15.66,97.94,3757.53,318.0,Критический сервис остановлен,Критическое с риском отказа
88.7,31.71,41.37,12.49,30.57,9539.55,195.0,Некоторые остановлены,Критическое
86.5,99.9,105.66,2.42,98.67,9120.5,156.0,Все работают,Критическое с риском отказа
18.93,7.42,35.84,817.25,22.75,1562.72,30.0,Все работают,Оптимальное
57.79,71.01,96.88,17.14,84.81,9057.65,183.0,Все работают,Критическое
13.35,59.81,58.4,68.3,30.17,7992.26,52.0,Все работают,Хорошее
2.41,25.83,33.02,50.58,58.86,8510.27,71.0,Все работают,Хорошее
14.99,22.12,39.35,529.04,65.04,1452.96,44.0,Все работают,Оптимальное
87.35,41.98,109.78,59.41,78.46,5753.75,550.0,Все работают,Критическое с риском отказа
15.7,10.48,27.87,445.36,65.84,4627.66,68.0,Все работают,Оптимальное
4.1,19.88,21.37,745.86,66.37,3075.88,82.0,Все работают,Оптимальное
5.82,15.94,42.71,59.55,75.03,8006.94,161.0,Все работают,Хорошее
15.91,39.42,32.85,584.18,58.99,5820.39,71.0,Все работают,Оптимальное
26.44,64.78,20.01,78.74,84.95,8592.45,140.0,Все работают,Хорошее
56.53,70.28,84.37,17.5,87.61,9823.96,382.0,Все работают,Критическое
72.09,67.22,67.64,70.72,90.88,9499.9,2.0,Все работают,Критическое с риском отказа
2.35,46.24,74.65,54.54,79.03,8378.98,38.0,Все работают,Хорошее
5.59,88.59,88.92,15.82,81.18,3197.1,87.0,Некоторые остановлены,Критическое
18.97,17.42,41.7,95.79,23.3,1213.5,90.0,Все работают,Оптимальное
12.09,1.12,48.52,586.28,11.14,2795.62,61.0,Все работают,Оптимальное
68.57,90.27,95.9,34.71,94.05,8260.02,199.0,Все работают,Критическое
86.65,64.63,80.9,12.52,41.54,5278.88,224.0,Некоторые остановлены,Критическое
12.44,74.34,28.0,72.23,83.36,9931.43,332.0,Некоторые остановлены,Критическое
66.97,95.41,99.43,63.96,98.64,8196.54,8.0,Критический сервис остановлен,Критическое с риском отказа
16.19,58.96,36.44,54.87,44.96,8155.29,164.0,Все работают,Хорошее
9.69,46.82,57.03,949.29,44.27,8538.17,161.0,Все работают,Хорошее
46.3,44.43,59.04,409.36,23.2,8262.35,107.0,Все работают,Хорошее
22.91,4.15,44.36,75.44,44.96,1549.58,184.0,Все работают,Хорошее
25.67,35.74,25.29,870.21,59.93,3480.29,38.0,Все работают,Оптимальное
3.59,0.32,37.93,564.77,10.58,4867.14,39.0,Все работают,Оптимальное
32.57,51.89,91.4,34.99,90.28,9483.0,52.0,Некоторые остановлены,Критическое
3.34,46.77,30.76,77.24,17.94,2508.49,152.0,Все работают,Хорошее
26.6,51.75,73.98,113.31,71.7,2144.95,33.0,Все работают,Хорошее
41.89,46.29,29.75,58.87,78.32,5454.96,198.0,Все работают,Хорошее
5.57,2.32,36.35,835.81,54.2,4783.05,31.0,Все работают,Оптимальное
44.15,47.98,74.61,255.94,70.14,7040.95,128.0,Все работают,Хорошее
8.95,33.36,46.34,571.11,56.63,915.25,57.0,Все работают,Оптимальное
74.34,85.01,75.15,169.66,52.29,9992.6,485.0,Все работают,Критическое
9.74,44.26,22.08,12.31,77.42,9292.14,429.0,Некоторые остановлены,Критическое
27.38,34.07,49.63,412.45,60.52,5381.23,56.0,Все работают,Оптимальное
14.68,75.68,61.52,35.22,73.11,2507.33,391.0,Все работают,Критическое
48.52,45.07,57.68,752.94,1.19,8439.28,30.0,Все работают,Хорошее
27.53,16.64,69.35,52.4,21.51,8706.27,49.0,Все работают,Хорошее
49.36,23.63,32.26,417.14,76.51,8080.73,175.0,Все работают,Хорошее
28.08,36.85,43.98,727.71,29.87,7689.47,95.0,Все работают,Оптимальное
27.84,91.32,79.54,44.76,87.54,7265.19,37.0,Некоторые остановлены,Критическое
99.48,96.33,78.97,1.28,98.1,9143.36,737.0,Все работают,Критическое с риском отказа
21.18,65.28,22.6,53.09,76.14,8187.57,150.0,Все работают,Хорошее
44.28,68.74,97.05,64.05,83.21,9650.98,98.0,Некоторые остановлены,Критическое
90.64,78.94,80.59,7.38,24.2,8316.87,4.0,Все работают,Критическое с риском отказа
27.72,38.58,27.55,650.36,3.51,9510.2,419.0,Некоторые остановлены,Критическое
22.9,27.65,42.69,354.51,17.99,5511.46,42.0,Все работают,Оптимальное
79.26,39.31,92.05,47.6,96.69,8939.92,362.0,Все работают,Критическое
0.03,30.08,40.05,494.35,65.93,1979.37,54.0,Все работают,Оптимальное
26.71,25.27,24.77,559.93,60.12,5300.58,49.0,Все работают,Оптимальное
27.52,18.66,48.58,771.5,15.95,483.06,67.0,Все работают,Оптимальное
99.2,95.18,34.46,7.56,96.77,9741.63,135.0,Критический сервис остановлен,Критическое с риском отказа
9.73,17.93,43.74,526.31,61.68,4159.62,96.0,Все работают,Оптимальное
49.4,14.04,76.59,37.64,3.51,9166.22,36.0,Некоторые остановлены,Критическое
60.61,41.35,59.58,62.21,85.06,1543.84,388.0,Некоторые остановлены,Критическое
43.34,69.31,24.33,78.6,69.55,7916.66,75.0,Все работают,Хорошее
8.03,33.04,48.34,804.91,69.09,4777.85,100.0,Все работают,Оптимальное
0.05,39.29,73.65,59.7,1.83,8193.48,98.0,Все работают,Хорошее
23.93,24.78,43.98,164.02,0.78,4006.16,30.0,Все работают,Оптимальное
7.16,73.8,52.1,38.02,86.21,9976.7,171.0,Некоторые остановлены,Критическое
18.67,43.78,36.28,971.7,50.59,8145.43,118.0,Все работают,Хорошее
14.94,24.44,44.66,269.88,14.13,4725.56,40.0,Все работают,Оптимальное
27.1,9.28,33.99,266.39,28.42,6890.68,75.0,Все работают,Оптимальное
41.74,13.74,41.79,639.0,5.23,8268.68,132.0,Все работают,Хорошее
36.92,48.08,70.51,76.82,55.56,5624.03,162.0,Все работают,Хорошее
59.78,61.3,28.0,63.59,72.5,8182.7,98.0,Все работают,Хорошее
18.69,37.22,46.36,962.13,10.92,1216.95,36.0,Все работают,Оптимальное
45.82,20.7,50.95,833.18,17.1,5220.04,160.0,Все работают,Хорошее
21.28,7.28,39.87,581.5,51.65,1804.26,69.0,Все работают,Оптимальное
56.71,41.1,62.17,51.22,72.09,5189.43,74.0,Все работают,Хорошее
19.65,21.31,58.24,470.37,72.32,8876.53,100.0,Все работают,Хорошее
7.34,53.16,50.5,459.83,71.15,1574.43,76.0,Все работают,Хорошее
64.42,85.93,74.34,3.31,84.85,3594.03,554.0,Критический сервис остановлен,Критическое с риском отказа
27.29,9.38,42.97,193.03,18.87,337.26,79.0,Все работают,Оптимальное
96.77,8.66,116.8,296.86,8.52,8518.93,187.0,Критический сервис остановлен,Критическое с риском отказа
6.53,54.53,57.05,64.37,75.17,8498.65,149.0,Все работают,Хорошее
95.63,96.0,111.48,45.13,85.81,9830.27,106.0,Критический сервис остановлен,Критическое с риском отказа
92.13,93.3,116.86,564.25,79.51,9037.68,333.0,Критический сервис остановлен,Критическое с риском отказа
9.15,34.08,46.82,699.61,42.0,6890.88,39.0,Все работают,Оптимальное
53.68,66.16,93.18,776.25,82.93,9514.33,333.0,Некоторые остановлены,Критическое
61.33,75.85,97.56,531.38,48.92,4173.75,589.0,Критический сервис остановлен,Критическое с риском отказа
28.3,32.36,22.5,173.9,5.41,945.18,96.0,Все работают,Оптимальное
26.46,12.57,48.16,413.7,48.01,6082.61,41.0,Все работают,Оптимальное
10.81,7.13,31.73,96.08,40.52,2501.52,72.0,Все работают,Оптимальное
99.02,42.01,95.06,39.4,99.32,8337.98,215.0,Критический сервис остановлен,Критическое с риском отказа
7.79,5.84,26.33,448.62,6.8,6500.2,35.0,Все работают,Оптимальное
21.47,38.82,32.17,956.73,22.86,7633.2,45.0,Все работают,Оптимальное
6.7,2.62,68.21,78.43,40.29,5322.03,190.0,Все работают,Хорошее
47.83,46.3,40.04,603.61,83.93,1500.42,153.0,Все работают,Хорошее
2.12,30.79,34.44,136.62,66.22,2290.72,95.0,Все работают,Оптимальное
16.45,27.69,39.22,486.58,30.28,6473.4,54.0,Все работают,Оптимальное
68.19,56.31,51.22,68.67,9.34,8406.95,484.0,Все работают,Критическое
0.1,65.86,66.45,965.24,77.67,8156.81,135.0,Все работают,Хорошее
19.77,95.4,108.89,50.15,81.89,9959.43,8.0,Критический сервис остановлен,Критическое с риском отказа
26.03,11.36,48.45,922.19,30.53,5570.01,88.0,Все работают,Оптимальное
49.08,67.87,42.73,730.73,27.97,6450.2,119.0,Все работают,Хорошее
85.54,59.54,71.79,849.8,83.58,3273.48,188.0,Некоторые остановлены,Критическое
71.39,74.86,34.03,720.7,74.26,9095.1,136.0,Все работают,Критическое
34.42,41.11,64.37,78.03,70.17,6324.98,159.0,Все работают,Хорошее
45.18,33.02,115.14,1.71,99.8,8050.03,201.0,Критический сервис остановлен,Критическое с риском отказа
3.5,72.41,79.39,79.58,81.99,8295.27,79.0,Некоторые остановлены,Критическое
19.72,17.76,37.1,740.94,37.15,2181.06,38.0,Все работают,Оптимальное
36.0,14.76,30.92,69.26,23.18,8535.12,193.0,Все работают,Хорошее
32.11,2.89,28.15,687.84,66.43,6839.36,143.0,Все работают,Хорошее
29.68,12.4,59.56,63.08,73.19,8932.43,174.0,Все работают,Хорошее
17.9,27.07,37.6,927.37,53.24,1346.56,52.0,Все работают,Оптимальное
99.95,97.48,45.39,1.4,99.49,8604.73,134.0,Некоторые остановлены,Критическое с риском отказа
88.91,49.9,107.57,41.1,24.61,4223.46,9.0,Все работают,Критическое с риском отказа
7.48,17.7,27.82,524.38,30.28,2529.98,75.0,Все работают,Оптимальное
26.83,6.0,42.57,116.33,67.09,819.66,61.0,Все работают,Оптимальное
69.61,89.63,88.46,44.75,42.27,8476.95,452.0,Все работают,Критическое
61.51,36.13,79.48,754.78,97.28,8951.92,96.0,Критический сервис остановлен,Критическое с риском отказа
24.59,16.06,48.24,311.27,82.11,8769.06,118.0,Все работают,Хорошее
52.46,87.24,86.69,70.04,35.43,1380.24,293.0,Все работают,Критическое
28.51,22.67,32.01,320.57,61.14,357.57,64.0,Все работают,Оптимальное
9.95,18.63,39.24,429.33,42.04,3524.9,73.0,Все работают,Оптимальное
10.59,98.48,60.12,4.8,19.06,2053.54,475.0,Все работают,Критическое с риском отказа
24.7,17.13,23.46,495.89,56.83,129.62,45.0,Все работают,Оптимальное
6.93,8.99,65.17,283.26,54.58,6789.18,79.0,Все работают,Хорошее
12.38,47.55,68.6,66.21,14.48,72.94,81.0,Все работают,Хорошее
85.27,92.01,98.93,1.97,43.12,8568.51,361.0,Некоторые остановлены,Критическое с риском отказа
94.9,83.11,26.9,1.93,92.91,9485.2,587.0,Все работают,Критическое с риском отказа
89.8,65.29,35.13,28.12,10.7,8033.64,248.0,Некоторые остановлены,Критическое
8.1,75.79,112.78,1.91,92.65,9789.66,231.0,Некоторые остановлены,Критическое с риском отказа
19.87,7.36,34.31,909.59,37.77,4548.89,37.0,Все работают,Оптимальное
18.27,84.69,98.36,76.84,1.23,9831.4,122.0,Все работают,Критическое
46.07,21.44,69.33,62.58,81.25,5548.35,199.0,Все работают,Хорошее
49.26,52.2,51.56,79.26,30.35,812.81,195.0,Все работают,Хорошее
96.24,98.46,83.75,240.44,1.9,9421.08,857.0,Некоторые остановлены,Критическое с риском отказа
29.42,8.73,45.06,917.13,40.87,7216.81,67.0,Все работают,Оптимальное
15.02,20.54,40.46,683.65,7.39,6682.39,99.0,Все работают,Оптимальное
55.43,69.01,22.86,337.34,70.85,8721.33,66.0,Все работают,Хорошее
44.01,31.01,30.98,57.98,23.08,6132.93,105.0,Все работают,Хорошее
99.41,79.61,113.26,71.8,99.87,4543.7,902.0,Все работают,Критическое с риском отказа
45.24,49.01,22.5,56.43,81.42,8765.4,174.0,Все работают,Хорошее
6.55,13.35,39.93,632.83,12.85,1282.56,96.0,Все работают,Оптимальное
28.51,44.35,71.45,65.15,96.75,9558.05,198.0,Некоторые остановлены,Критическое
16.71,3.55,20.09,571.41,25.21,2225.67,92.0,Все работают,Оптимальное
17.36,36.74,24.53,849.96,58.62,2487.02,86.0,Все работают,Оптимальное
23.54,35.82,41.4,681.28,9.87,4248.59,69.0,Все работают,Оптимальное
18.24,27.86,22.14,496.05,5.84,4819.44,33.0,Все работают,Оптимальное
9.17,26.52,26.59,749.2,68.48,854.62,35.0,Все работают,Оптимальное
29.58,35.18,49.06,380.99,20.32,931.58,87.0,Все работают,Оптимальное
48.34,46.97,72.25,106.8,74.07,2842.65,54.0,Все работают,Хорошее
5.63,17.65,35.36,181.04,54.02,200.03,32.0,Все работают,Оптимальное
29.2,6.48,38.7,507.91,62.82,677.97,96.0,Все работают,Оптимальное
13.43,38.22,40.18,493.78,16.34,578.94,31.0,Все работают,Оптимальное
16.39,32.77,43.38,138.61,7.57,2754.47,60.0,Все работают,Оптимальное
58.32,47.24,70.07,51.25,80.62,4854.37,68.0,Все работают,Хорошее
34.7,66.95,33.12,58.17,33.79,5947.09,112.0,Все работают,Хорошее
89.02,79.52,30.8,24.33,70.37,6608.68,231.0,Все работают,Критическое
10.86,37.13,36.04,482.69,35.42,4701.44,68.0,Все работают,Оптимальное
5.02,1.47,32.57,916.08,3.6,3605.41,41.0,Все работают,Оптимальное
58.14,27.8,67.61,405.8,72.28,7760.43,54.0,Все работают,Хорошее
34.25,30.28,70.52,60.87,48.37,8549.14,81.0,Все работают,Хорошее
23.84,5.47,74.12,66.84,82.43,8017.73,73.0,Все работают,Хорошее
99.95,11.24,48.68,7.97,83.08,8644.52,610.0,Все работают,Критическое с риском отказа
22.71,25.4,40.25,148.29,39.1,4549.59,81.0,Все работают,Оптимальное
8.09,24.75,42.69,458.3,27.09,7741.73,66.0,Все работают,Оптимальное
43.75,83.36,52.66,29.89,92.44,8638.21,193.0,Все работают,Критическое
49.94,64.47,39.52,959.71,77.99,8953.12,138.0,Все работают,Хорошее
29.54,1.83,31.53,624.03,41.73,5824.98,68.0,Все работают,Оптимальное
1.21,33.71,21.89,820.83,45.28,2805.0,85.0,Все работают,Оптимальное
21.94,25.79,58.64,58.44,7.63,393.39,168.0,Все работают,Хорошее
92.4,96.98,81.6,0.21,43.19,9354.18,3.0,Все работают,Критическое с риском отказа
92.5,40.68,106.06,69.92,98.65,8540.08,54.0,Все работают,Критическое с риском отказа
47.32,3.87,56.33,975.35,25.03,8419.15,91.0,Все работают,Хорошее
26.69,8.42,62.06,69.16,78.87,2763.83,37.0,Все работают,Хорошее
53.78,41.69,45.25,63.07,68.58,8407.39,53.0,Все работают,Хорошее
20.67,43.85,118.02,23.45,98.82,2533.59,140.0,Все работают,Критическое с риском отказа
32.88,42.9,70.72,68.7,65.02,8433.0,43.0,Все работают,Хорошее
13.85,8.64,41.56,266.7,8.95,980.67,88.0,Все работают,Оптимальное
59.94,45.74,32.6,75.17,70.43,2735.36,128.0,Все работают,Хорошее
31.48,24.93,56.03,737.33,70.89,6838.05,171.0,Все работают,Хорошее
49.32,20.78,72.69,34.48,92.3,8066.7,80.0,Некоторые остановлены,Критическое
53.23,55.5,74.41,60.11,83.02,8893.43,100.0,Все работают,Хорошее
9.71,19.3,20.19,560.36,46.34,4481.07,58.0,Все работают,Оптимальное
54.98,64.63,91.51,907.46,59.68,9049.36,60.0,Некоторые остановлены,Критическое
5.22,32.71,26.7,490.48,56.54,2038.79,81.0,Все работают,Оптимальное
27.57,25.18,27.66,787.55,29.11,4001.67,30.0,Все работают,Оптимальное
3.28,5.75,48.71,156.55,46.19,874.11,76.0,Все работают,Оптимальное
16.62,27.31,38.19,809.89,51.64,1045.06,42.0,Все работают,Оптимальное
71.79,58.93,79.09,65.96,97.91,8809.41,119.0,Все работают,Критическое
17.34,19.35,23.5,77.94,70.13,8748.88,180.0,Все работают,Хорошее
20.25,11.35,50.24,69.24,9.36,8304.64,77.0,Все работают,Хорошее
20.84,6.13,35.96,242.02,50.5,3837.2,65.0,Все работают,Оптимальное
91.88,96.6,100.5,642.54,99.06,8947.67,4.0,Все работают,Критическое с риском отказа
59.4,22.92,65.35,350.87,59.4,8079.36,143.0,Все работают,Хорошее
23.43,19.5,48.18,676.94,58.17,3061.34,40.0,Все работают,Оптимальное
23.16,7.53,26.38,190.39,47.2,4217.76,47.0,Все работают,Оптимальное
56.99,1.47,46.46,809.2,70.61,8619.43,121.0,Все работают,Хорошее
28.41,28.76,44.46,420.04,53.08,5882.41,31.0,Все работают,Оптимальное
3.16,8.79,39.01,874.4,67.86,4370.93,52.0,Все работают,Оптимальное
0.78,69.08,53.08,668.29,64.56,8479.57,63.0,Все работают,Хорошее
9.34,28.31,59.7,134.98,83.7,8943.11,139.0,Все работают,Хорошее
72.72,61.75,65.48,46.59,79.33,3538.01,85.0,Все работают,Критическое
14.75,53.49,71.95,68.42,77.9,8044.16,100.0,Все работают,Хорошее
5.84,12.66,42.36,649.62,49.85,2949.67,43.0,Все работают,Оптимальное
35.75,62.42,68.87,77.98,72.59,1038.28,52.0,Все работают,Хорошее
98.82,70.01,115.15,963.26,96.6,8860.37,250.0,Все работают,Критическое с риском отказа
2.11,36.67,37.38,64.29,80.78,8101.77,146.0,Все работают,Хорошее
30.22,85.1,95.75,814.44,28.48,3277.06,100.0,Все работают,Критическое
3.4,17.87,21.73,453.51,0.42,1790.64,44.0,Все работают,Оптимальное
33.49,46.67,79.05,477.97,79.03,9121.18,381.0,Все работают,Критическое
39.78,43.56,22.2,336.28,74.74,1771.39,155.0,Все работают,Хорошее
30.88,42.34,71.63,138.81,75.6,4064.04,181.0,Все работают,Хорошее
39.18,42.18,118.93,8.79,97.41,9615.9,480.0,Критический сервис остановлен,Критическое с риском отказа
8.93,47.93,55.34,521.49,29.9,8988.76,181.0,Все работают,Хорошее
78.9,63.6,74.51,214.62,7.7,9308.52,46.0,Некоторые остановлены,Критическое
81.66,7.19,84.75,16.05,86.64,3434.89,119.0,Некоторые остановлены,Критическое
10.44,30.4,43.0,76.59,64.53,3415.44,153.0,Все работают,Хорошее
51.43,57.51,67.94,816.37,43.04,1811.3,129.0,Все работают,Хорошее
12.06,9.36,46.67,680.85,5.49,1182.56,36.0,Все работают,Оптимальное
14.71,7.32,22.16,893.94,8.87,1235.32,46.0,Все работают,Оптимальное
69.62,74.93,22.7,63.79,80.86,8948.42,196.0,Все работают,Критическое
17.13,6.92,39.76,233.48,36.18,1301.53,64.0,Все работают,Оптимальное
12.97,2.09,40.68,692.21,11.96,6398.97,66.0,Все работают,Оптимальное
69.8,13.38,74.13,48.56,98.23,9165.84,373.0,Некоторые остановлены,Критическое с риском отказа
40.47,18.57,49.23,756.71,84.14,814.49,197.0,Все работают,Хорошее
56.68,71.43,99.64,11.7,69.63,8273.56,340.0,Все работают,Критическое
15.7,35.72,68.65,69.21,54.27,2783.91,83.0,Все работают,Хорошее
51.31,95.13,21.3,39.84,84.33,9761.05,182.0,Критический сервис остановлен,Критическое с риском отказа
45.47,61.44,57.3,57.52,46.55,8559.48,40.0,Все работают,Хорошее
37.68,39.96,50.48,51.19,84.72,5827.71,114.0,Все работают,Хорошее
28.44,58.33,47.23,371.49,22.75,8913.95,100.0,Все работают,Хорошее
48.7,51.78,69.25,469.61,21.96,6742.06,149.0,Все работают,Хорошее
75.3,81.45,57.94,46.09,86.07,8483.64,452.0,Все работают,Критическое
5.9,34.96,21.38,665.49,44.7,2276.3,35.0,Все работают,Оптимальное
25.49,56.46,24.78,75.6,35.87,6847.93,57.0,Все работают,Хорошее
20.42,73.2,60.41,389.29,87.38,2991.58,236.0,Некоторые остановлены,Критическое
4.47,8.1,36.05,361.74,14.72,7173.36,64.0,Все работают,Оптимальное
76.7,49.49,59.79,231.42,86.18,9875.49,85.0,Все работают,Критическое
22.67,39.83,21.52,806.14,65.7,1134.11,61.0,Все работают,Оптимальное
25.44,33.97,20.7,323.14,32.64,5759.69,81.0,Все работают,Оптимальное
40.38,45.75,32.99,57.36,42.0,2787.37,89.0,Все работают,Хорошее
9.52,25.33,30.63,276.54,3.0,2781.76,79.0,Все работают,Оптимальное
11.03,24.83,44.51,985.88,11.45,4116.81,38.0,Все работают,Оптимальное
25.4,4.81,23.97,822.18,46.4,1739.69,38.0,Все работают,Оптимальное
80.01,98.02,81.49,649.6,53.61,1487.72,83.0,Критический сервис остановлен,Критическое с риском отказа
12.93,35.44,26.61,449.96,18.34,4338.72,64.0,Все работают,Оптимальное
14.93,32.0,28.76,340.83,67.15,6146.88,55.0,Все работают,Оптимальное
29.49,34.68,30.14,160.3,20.18,2618.91,78.0,Все работают,Оптимальное
52.49,56.99,66.19,58.69,71.22,4584.9,78.0,Все работают,Хорошее
41.71,16.47,104.15,39.17,99.87,9928.77,5.0,Критический сервис остановлен,Критическое с риском отказа
30.53,38.68,24.3,968.91,1.06,5578.8,127.0,Все работают,Хорошее
35.36,7.36,29.95,63.86,70.95,8449.23,120.0,Все работают,Хорошее
85.89,81.63,24.96,60.89,92.57,8937.09,277.0,Все работают,Критическое
42.41,57.4,59.08,64.59,78.52,2440.74,80.0,Все работают,Хорошее
40.26,2.94,94.44,51.53,34.51,7196.88,344.0,Некоторые остановлены,Критическое
28.57,16.3,42.83,864.34,34.47,7182.81,75.0,Все работают,Оптимальное
0.92,11.2,20.48,611.74,36.66,7924.81,61.0,Все работают,Оптимальное
10.63,6.85,32.98,950.26,21.88,3575.57,68.0,Все работают,Оптимальное
45.26,41.16,60.39,65.12,80.62,8320.76,32.0,Все работают,Хорошее
27.66,20.87,31.59,273.42,42.89,965.74,61.0,Все работают,Оптимальное
19.0,32.69,22.03,392.48,63.05,6551.4,53.0,Все работают,Оптимальное
39.95,76.0,47.03,60.58,94.77,6302.44,55.0,Все работают,Критическое
29.25,84.83,57.14,177.86,76.85,9811.87,38.0,Все работают,Критическое
24.75,34.05,25.55,262.03,50.5,4691.94,72.0,Все работают,Оптимальное
7.76,14.6,37.08,253.75,23.49,6186.02,36.0,Все работают,Оптимальное
53.28,54.16,38.93,63.98,79.21,8080.85,80.0,Все работают,Хорошее
9.86,21.04,33.03,620.78,6.0,5275.38,30.0,Все работают,Оптимальное
18.21,12.69,59.54,58.12,41.07,8636.84,134.0,Все работают,Хорошее
26.4,16.6,35.51,285.06,18.55,6206.11,56.0,Все работают,Оптимальное
37.61,62.35,21.99,74.02,78.32,6504.35,94.0,Все работают,Хорошее
80.82,77.13,95.55,43.42,14.94,9454.9,397.0,Все работают,Критическое
45.73,46.56,25.89,955.71,30.65,6901.68,32.0,Все работают,Хорошее
1.28,19.28,28.78,408.81,70.77,8787.91,64.0,Все работают,Хорошее
16.57,11.83,40.58,165.13,1.07,2659.7,32.0,Все работают,Оптимальное
5.45,51.68,66.02,65.74,83.03,8742.87,60.0,Все работают,Хорошее
58.93,1.66,70.75,370.4,0.91,5974.77,67.0,Все работают,Хорошее
7.5,38.01,41.55,318.81,59.1,1937.9,41.0,Все работают,Оптимальное
28.61,33.0,37.45,494.83,42.08,6589.69,61.0,Все работают,Оптимальное
25.58,53.9,45.39,52.12,84.02,8079.76,36.0,Все работают,Хорошее
20.32,6.09,31.62,788.61,34.86,3788.93,87.0,Все работают,Оптимальное
16.78,87.42,23.81,8.07,5.29,7601.72,95.0,Некоторые остановлены,Критическое с риском отказа
10.93,90.16,92.53,52.33,90.05,9723.41,79.0,Все работают,Критическое
53.36,47.73,33.26,55.43,82.23,5383.63,190.0,Все работают,Хорошее
20.93,24.71,25.88,993.8,55.6,3430.45,62.0,Все работают,Оптимальное
39.94,41.92,29.39,896.91,42.25,193.98,103.0,Все работают,Хорошее
55.69,59.04,56.53,74.93,29.58,8390.34,156.0,Все работают,Хорошее
94.33,71.55,68.47,6.51,97.53,9982.77,392.0,Некоторые остановлены,Критическое с риском отказа
30.85,16.35,20.59,294.75,80.18,8728.84,81.0,Все работают,Хорошее
94.86,93.05,101.41,71.51,33.71,6517.8,9.0,Все работают,Критическое с риском отказа
23.3,83.72,61.81,72.84,35.4,9141.42,186.0,Некоторые остановлены,Критическое
22.0,39.5,48.07,408.77,51.37,3964.38,42.0,Все работают,Оптимальное
11.41,48.77,23.36,55.47,22.99,8267.79,134.0,Все работают,Хорошее
8.18,34.34,27.69,620.42,16.4,3014.84,81.0,Все работают,Оптимальное
21.58,36.31,42.95,90.77,10.53,5987.83,72.0,Все работают,Оптимальное
12.66,11.09,94.54,27.36,89.73,3858.78,45.0,Некоторые остановлены,Критическое
91.18,25.85,61.13,5.97,81.45,6647.21,2.0,Критический сервис остановлен,Критическое с риском отказа
92.25,31.49,115.39,9.68,83.12,7522.4,612.0,Все работают,Критическое с риском отказа
36.63,42.42,67.17,72.1,72.8,4134.22,36.0,Все работают,Хорошее
44.89,68.06,111.11,8.77,59.66,9008.2,1.0,Все работают,Критическое с риском отказа
85.6,4.61,75.71,40.36,79.26,8174.39,137.0,Некоторые остановлены,Критическое
63.48,97.58,114.59,6.56,99.62,9893.59,134.0,Все работают,Критическое с риском отказа
43.93,95.18,115.77,70.06,99.16,7686.2,44.0,Некоторые остановлены,Критическое с риском отказа
9.36,14.22,31.59,412.45,23.26,332.77,43.0,Все работают,Оптимальное
24.72,16.18,31.55,373.03,11.21,815.86,51.0,Все работают,Оптимальное
37.32,51.02,57.92,69.18,73.29,731.11,147.0,Все работают,Хорошее
18.12,28.76,49.16,431.02,13.34,3216.96,30.0,Все работают,Оптимальное
15.44,65.08,98.5,224.26,90.51,9997.24,230.0,Все работают,Критическое
42.84,53.85,91.82,214.5,97.01,4037.76,301.0,Все работают,Критическое
8.33,25.62,23.91,131.17,50.28,2112.5,32.0,Все работают,Оптимальное
34.93,31.57,85.37,365.65,87.53,9020.16,85.0,Некоторые остановлены,Критическое
43.83,45.75,23.51,159.99,62.59,8444.09,195.0,Все работают,Хорошее
1.61,18.17,38.86,816.09,28.09,7614.1,85.0,Все работают,Оптимальное
54.98,46.13,42.51,72.43,74.92,8678.67,86.0,Все работают,Хорошее
68.73,60.53,29.35,37.77,78.43,1215.56,339.0,Все работают,Критическое
11.2,6.88,20.29,249.9,11.84,1457.93,41.0,Все работают,Оптимальное
4.18,28.97,21.53,232.35,22.97,5360.62,68.0,Все работают,Оптимальное
15.52,61.6,39.13,17.12,89.63,8177.8,185.0,Некоторые остановлены,Критическое
40.23,25.8,96.56,20.15,75.2,9702.57,274.0,Некоторые остановлены,Критическое
9.68,21.84,35.98,546.13,24.8,4699.63,39.0,Все работают,Оптимальное
7.5,4.92,83.74,17.51,30.0,9056.63,100.0,Все работают,Критическое
56.37,55.85,71.92,76.7,4.94,8756.12,83.0,Все работают,Хорошее
15.11,8.19,38.58,424.89,4.9,3944.5,33.0,Все работают,Оптимальное
81.42,92.38,48.09,30.28,73.95,6454.84,83.0,Все работают,Критическое
41.3,24.65,56.25,31.16,85.76,8408.87,37.0,Все работают,Критическое
44.14,33.8,26.85,132.89,70.5,1599.16,128.0,Все работают,Хорошее
56.39,6.42,46.33,176.51,38.62,4088.04,161.0,Все работают,Хорошее
0.55,11.06,27.77,363.79,69.95,6873.28,99.0,Все работают,Оптимальное
49.12,46.72,64.23,61.57,82.86,8095.73,46.0,Все работают,Хорошее
59.03,44.01,69.83,450.12,36.93,4522.99,140.0,Все работают,Хорошее
7.85,66.02,67.13,62.93,76.65,8181.69,198.0,Все работают,Хорошее
96.88,77.89,115.06,299.04,98.66,8530.93,801.0,Некоторые остановлены,Критическое с риском отказа
52.37,16.96,70.49,64.02,19.62,8039.6,80.0,Все работают,Хорошее
40.8,18.24,73.73,71.74,30.34,9224.6,201.0,Некоторые остановлены,Критическое
14.3,14.74,27.02,340.97,17.03,5812.19,46.0,Все работают,Оптимальное
18.07,36.46,22.02,894.45,59.62,1533.14,90.0,Все работают,Оптимальное
56.77,25.73,57.69,75.72,84.56,5904.25,63.0,Все работают,Хорошее
9.16,21.72,43.2,967.57,44.09,3996.23,76.0,Все работают,Оптимальное
34.94,36.92,33.8,534.24,42.66,8254.73,109.0,Все работают,Хорошее
37.67,47.19,52.04,856.61,71.37,1236.55,191.0,Все работают,Хорошее
59.66,71.76,96.89,119.52,71.4,8370.94,230.0,Все работают,Критическое
42.03,88.05,90.71,700.74,88.3,9096.67,176.0,Все работают,Критическое
88.7,81.27,20.88,265.3,54.27,2860.16,107.0,Некоторые остановлены,Критическое
20.11,49.51,60.23,67.72,22.93,8913.58,173.0,Все работают,Хорошее
17.32,13.65,25.42,583.37,59.76,7131.46,46.0,Все работают,Оптимальное
4.82,31.93,23.52,695.1,33.65,3423.96,89.0,Все работают,Оптимальное
1.01,20.2,38.86,264.44,5.67,3524.17,62.0,Все работают,Оптимальное
41.97,24.51,58.7,25.22,58.96,9694.64,370.0,Все работают,Критическое
23.22,37.01,24.44,61.91,80.79,8013.72,105.0,Все работают,Хорошее
54.31,84.24,38.91,78.2,93.16,4596.6,238.0,Некоторые остановлены,Критическое
7.22,36.69,34.33,289.2,10.03,599.75,44.0,Все работают,Оптимальное
10.61,6.05,38.29,936.08,25.01,1349.57,92.0,Все работают,Оптимальное
85.73,2.6,49.43,32.52,86.48,8551.81,166.0,Все работают,Критическое
22.03,23.1,30.69,840.77,10.07,3823.38,82.0,Все работают,Оптимальное
71.67,96.33,93.87,6.1,99.48,8795.0,119.0,Критический сервис остановлен,Критическое с риском отказа
74.86,62.33,39.88,608.94,94.29,9443.68,432.0,Некоторые остановлены,Критическое
38.2,60.61,42.49,381.8,74.29,6617.31,155.0,Все работают,Хорошее
15.69,59.44,22.4,70.12,4.99,7354.29,135.0,Все работают,Хорошее
85.35,83.42,42.59,57.23,84.39,8162.92,193.0,Некоторые остановлены,Критическое
36.65,21.75,62.1,995.69,65.71,8017.9,125.0,Все работают,Хорошее
15.41,13.81,26.59,773.47,47.09,4078.95,62.0,Все работают,Оптимальное
58.0,95.33,49.19,727.31,99.51,8175.48,4.0,Некоторые остановлены,Критическое с риском отказа
56.0,47.53,26.24,106.25,78.23,8359.32,155.0,Все работают,Хорошее
7.73,9.77,33.16,89.55,13.99,4167.1,90.0,Все работают,Оптимальное
9.74,23.67,92.67,31.73,89.52,9156.57,152.0,Все работают,Критическое
0.21,9.83,68.42,670.1,79.2,8894.36,129.0,Все работают,Хорошее
38.15,74.28,77.18,45.15,75.98,8410.1,479.0,Все работают,Критическое
11.31,6.57,42.9,483.51,44.94,6134.36,40.0,Все работают,Оптимальное
13.1,27.58,51.76,54.16,29.06,12.27,142.0,Все работают,Хорошее
48.77,56.43,24.19,481.81,77.04,6617.9,81.0,Все работают,Хорошее
23.34,26.07,43.17,580.24,29.51,1087.59,65.0,Все работают,Оптимальное
48.25,7.82,65.65,67.88,70.43,8150.46,97.0,Все работают,Хорошее
59.21,20.97,31.45,75.77,29.51,8226.97,114.0,Все работают,Хорошее
28.86,39.61,22.39,167.32,50.67,770.27,70.0,Все работают,Оптимальное
42.28,95.91,105.35,44.39,80.74,9888.5,857.0,Все работают,Критическое с риском отказа
2.61,6.33,35.19,64.64,73.03,7038.46,91.0,Все работают,Хорошее
26.21,9.06,33.87,451.98,27.4,3281.25,36.0,Все работают,Оптимальное
97.7,32.05,107.56,511.53,87.55,6602.27,155.0,Все работают,Критическое с риском отказа
21.57,36.32,33.01,236.31,14.91,3490.32,40.0,Все работают,Оптимальное
19.06,7.78,25.35,60.6,83.98,5236.9,161.0,Все работают,Хорошее
16.56,4.55,36.98,583.34,58.79,7141.58,63.0,Все работают,Оптимальное
33.54,62.52,53.0,74.57,81.79,8155.63,97.0,Все работают,Хорошее
19.42,22.12,76.65,113.13,93.73,8247.57,125.0,Некоторые остановлены,Критическое
2.16,30.53,45.71,915.6,2.68,3944.37,90.0,Все работают,Оптимальное
25.13,16.29,23.13,478.31,15.92,5664.91,39.0,Все работают,Оптимальное
41.7,17.85,67.14,75.2,83.86,8883.35,99.0,Все работают,Хорошее
46.42,43.68,56.43,595.48,77.74,1736.54,70.0,Все работают,Хорошее
2.12,32.49,38.43,314.27,45.4,6552.13,38.0,Все работают,Оптимальное
18.61,53.46,26.39,77.66,42.59,453.8,137.0,Все работают,Хорошее
36.37,52.54,57.6,67.88,74.71,7143.81,125.0,Все работают,Хорошее
6.06,74.72,32.91,54.4,76.4,9214.48,100.0,Некоторые остановлены,Критическое
10.69,47.36,23.25,72.62,84.16,8322.89,198.0,Некоторые остановлены,Критическое
27.85,11.08,37.87,379.9,61.92,4179.28,88.0,Все работают,Оптимальное
18.36,17.81,30.48,72.15,74.42,2297.37,131.0,Все работают,Хорошее
14.21,36.38,47.74,753.44,3.39,361.52,90.0,Все работают,Оптимальное
41.44,86.29,79.22,72.04,88.8,6460.28,144.0,Все работают,Критическое
15.62,17.14,31.29,310.93,57.24,2607.04,39.0,Все работают,Оптимальное
19.27,44.02,31.28,660.47,28.64,1830.57,54.0,Все работают,Хорошее
88.27,19.73,99.06,48.21,96.62,9543.39,105.0,Некоторые остановлены,Критическое
26.04,63.78,56.76,60.87,26.18,8102.11,140.0,Все работают,Хорошее
53.26,31.21,47.17,719.95,54.25,8395.71,170.0,Все работают,Хорошее
68.38,52.33,59.17,897.85,83.41,9257.31,113.0,Все работают,Критическое
21.41,28.05,47.58,887.05,12.07,1227.0,37.0,Все работают,Оптимальное
18.02,13.01,43.85,929.77,19.02,3677.7,88.0,Все работают,Оптимальное
65.91,32.11,78.47,54.28,86.14,9325.47,162.0,Некоторые остановлены,Критическое
10.02,35.26,46.45,636.95,29.83,3489.69,43.0,Все работают,Оптимальное
3.32,22.45,42.68,697.22,48.68,7264.62,35.0,Все работают,Оптимальное
4.16,11.73,20.71,375.55,23.24,5229.06,67.0,Все работают,Оптимальное
29.88,78.73,97.36,259.68,88.61,8999.42,378.0,Все работают,Критическое
0.05,26.06,31.56,1.94,95.14,8537.83,149.0,Все работают,Критическое с риском отказа
45.51,27.83,26.34,45.6,6.71,9404.73,306.0,Все работают,Критическое
24.75,5.03,34.56,108.55,37.03,5038.43,42.0,Все работают,Оптимальное
41.47,12.09,52.89,763.86,84.43,8284.36,169.0,Все работают,Хорошее
75.71,68.53,80.75,22.05,63.36,9201.06,377.0,Некоторые остановлены,Критическое
2.65,23.88,26.48,229.84,66.56,5993.28,64.0,Все работают,Оптимальное
18.07,7.56,41.9,968.47,12.05,5081.36,85.0,Все работают,Оптимальное
29.38,32.23,30.29,465.79,12.71,1785.35,40.0,Все работают,Оптимальное
59.14,8.46,62.0,74.37,2.17,8648.1,40.0,Все работают,Хорошее
2.33,59.14,111.58,18.79,99.22,9776.37,8.0,Все работают,Критическое с риском отказа
21.92,57.07,24.77,66.5,16.02,8093.85,102.0,Все работают,Хорошее
38.34,12.05,44.53,56.29,95.05,9283.3,721.0,Некоторые остановлены,Критическое с риском отказа
5.23,14.46,22.84,958.53,64.24,1553.63,39.0,Все работают,Оптимальное
59.02,84.19,89.33,33.93,61.05,4469.64,60.0,Все работают,Критическое
31.52,60.75,45.48,68.67,40.4,8400.0,141.0,Все работают,Хорошее
0.08,34.09,22.36,412.32,40.14,52.4,41.0,Все работают,Оптимальное
99.64,97.13,80.17,21.65,99.29,2960.93,364.0,Некоторые остановлены,Критическое с риском отказа
2.46,30.31,36.56,86.89,38.17,5175.73,72.0,Все работают,Оптимальное
17.13,30.07,50.37,658.93,86.79,9313.12,190.0,Все работают,Критическое
21.22,16.84,35.3,215.38,48.85,7414.75,98.0,Все работают,Оптимальное
27.61,44.36,23.14,62.16,47.0,8268.36,162.0,Все работают,Хорошее
18.63,28.98,23.18,453.47,51.24,6506.36,37.0,Все работают,Оптимальное
11.69,26.91,29.77,509.62,38.73,4809.76,44.0,Все работают,Оптимальное
4.37,7.59,48.88,513.0,46.17,3233.76,41.0,Все работают,Оптимальное
29.32,23.99,26.01,154.45,68.34,4606.57,66.0,Все работают,Оптимальное
33.63,46.45,72.42,57.48,95.07,9420.95,422.0,Все работают,Критическое
28.56,3.96,34.23,697.72,56.47,5039.51,95.0,Все работают,Оптимальное
18.33,18.98,41.04,682.62,49.04,5584.62,32.0,Все работают,Оптимальное
19.16,15.53,23.45,108.9,66.25,5150.76,46.0,Все работают,Оптимальное
4.22,27.7,56.26,52.46,73.4,1319.62,125.0,Все работают,Хорошее
25.61,19.98,43.98,218.37,57.81,5553.55,50.0,Все работают,Оптимальное
52.75,93.11,20.39,125.57,98.77,8136.35,493.0,Все работают,Критическое с риском отказа
11.92,35.82,25.34,976.53,31.47,2373.84,77.0,Все работают,Оптимальное
70.52,68.33,99.15,13.48,81.2,8408.94,291.0,Некоторые остановлены,Критическое
31.75,29.61,51.92,760.81,79.99,8827.79,112.0,Все работают,Хорошее
61.06,3.4,29.52,14.01,95.71,9065.69,86.0,Все работают,Критическое
4.28,16.17,26.57,51.71,73.28,2540.48,200.0,Все работают,Хорошее
3.91,19.32,20.68,832.48,9.72,597.01,80.0,Все работают,Оптимальное
3.89,99.53,30.64,4.67,96.32,7354.19,96.0,Критический сервис остановлен,Критическое с риском отказа
9.16,54.93,45.73,75.0,83.79,8441.7,184.0,Все работают,Хорошее
18.13,45.85,34.58,731.14,1.25,4037.33,57.0,Все работают,Хорошее
3.42,54.23,74.75,73.46,84.85,4022.47,150.0,Все работают,Хорошее
13.96,46.97,55.19,54.82,74.19,6148.78,58.0,Все работают,Хорошее
60.18,74.07,99.09,73.8,87.55,9049.79,424.0,Критический сервис остановлен,Критическое с риском отказа
12.6,15.24,31.99,925.67,38.11,14.92,41.0,Все работают,Оптимальное
45.27,21.93,20.96,7.28,98.67,9117.45,296.0,Все работают,Критическое с риском отказа
19.65,93.29,78.83,386.94,79.84,8978.86,104.0,Некоторые остановлены,Критическое
60.24,77.46,105.25,4.22,86.52,8573.4,38.0,Все работают,Критическое с риском отказа
13.54,23.38,46.02,211.04,65.77,5938.42,34.0,Все работают,Оптимальное
18.58,35.57,23.17,105.77,61.27,1910.84,63.0,Все работают,Оптимальное
21.46,64.59,62.79,69.78,53.69,8455.36,100.0,Все работают,Хорошее
48.86,96.52,47.78,51.59,99.05,8695.8,829.0,Некоторые остановлены,Критическое с риском отказа
29.22,31.82,25.71,145.24,58.09,7465.37,33.0,Все работают,Оптимальное
20.76,0.35,25.1,692.66,13.29,6782.54,60.0,Все работают,Оптимальное
3.51,22.56,37.3,144.72,12.44,5174.61,55.0,Все работают,Оптимальное
31.94,37.12,68.46,67.12,73.95,8164.34,158.0,Все работают,Хорошее
21.42,20.88,21.62,507.29,13.45,2046.73,73.0,Все работают,Оптимальное
0.23,47.64,31.07,934.44,77.11,3144.15,100.0,Все работают,Хорошее
12.76,45.11,68.39,70.32,70.6,455.74,85.0,Все работают,Хорошее
45.23,56.48,65.69,76.24,44.02,8208.33,180.0,Все работают,Хорошее
7.57,38.43,24.19,843.91,67.88,1647.52,63.0,Все работают,Оптимальное
54.3,52.94,42.37,51.28,81.63,8701.05,192.0,Все работают,Хорошее
0.22,57.72,53.92,21.82,92.1,9187.87,109.0,Все работают,Критическое
2.77,12.15,30.74,505.74,11.06,4597.83,69.0,Все работают,Оптимальное
5.22,5.02,34.26,645.97,14.67,2224.38,57.0,Все работают,Оптимальное
58.62,38.84,73.45,79.34,25.07,5724.67,46.0,Все работают,Хорошее
43.38,11.41,36.09,625.02,11.81,8355.43,74.0,Все работают,Хорошее
8.03,8.29,43.63,371.5,18.54,3719.08,86.0,Все работают,Оптимальное
16.02,13.17,34.56,420.04,61.58,686.73,33.0,Все работают,Оптимальное
99.41,96.5,69.25,55.04,97.59,5554.62,37.0,Все работают,Критическое с риском отказа
6.02,18.08,69.41,74.8,63.32,449.26,118.0,Все работают,Хорошее
86.39,17.54,41.86,516.68,30.83,8121.47,73.0,Некоторые остановлены,Критическое
48.06,5.0,93.31,40.53,76.49,9541.16,91.0,Некоторые остановлены,Критическое
99.84,98.45,34.23,42.31,29.68,9474.95,83.0,Все работают,Критическое с риском отказа
19.29,27.46,35.52,958.97,58.75,7870.53,46.0,Все работают,Оптимальное
13.0,23.12,23.66,834.48,39.36,6944.17,57.0,Все работают,Оптимальное
22.5,30.97,24.3,173.98,38.6,3270.85,65.0,Все работают,Оптимальное
46.17,63.83,50.45,73.16,81.75,317.17,184.0,Все работают,Хорошее
65.8,70.18,82.49,31.81,95.72,9793.45,301.0,Все работают,Критическое
76.98,80.51,57.39,12.89,78.66,9110.16,156.0,Некоторые остановлены,Критическое
37.97,46.06,102.98,4.66,13.83,9655.33,190.0,Критический сервис остановлен,Критическое с риском отказа
58.62,55.21,54.99,650.61,74.61,8819.36,156.0,Все работают,Хорошее
39.7,75.25,22.02,733.57,41.06,8344.35,146.0,Все работают,Критическое
24.67,34.96,46.43,362.81,54.45,4861.94,67.0,Все работают,Оптимальное
29.34,44.63,20.53,60.84,83.18,8643.21,164.0,Все работают,Хорошее
35.59,34.9,65.07,548.41,76.1,7602.76,164.0,Все работают,Хорошее
9.89,4.94,27.43,812.7,64.02,5036.29,48.0,Все работают,Оптимальное
26.39,19.36,43.27,241.79,45.81,3037.0,84.0,Все работают,Оптимальное
3.78,7.35,53.3,77.13,74.78,7149.92,166.0,Все работают,Хорошее
5.39,27.83,83.39,70.21,98.56,8732.95,5.0,Критический сервис остановлен,Критическое с риском отказа
9.16,64.92,29.39,62.1,76.12,2366.01,173.0,Все работают,Хорошее
10.86,17.71,42.15,289.81,0.52,3483.91,45.0,Все работают,Оптимальное
45.02,96.92,72.15,6.57,99.29,8489.27,4.0,Все работают,Критическое с риском отказа
25.86,39.86,29.38,831.92,4.47,699.33,92.0,Все работают,Оптимальное
7.25,30.47,46.33,821.83,26.21,1100.23,44.0,Все работают,Оптимальное
57.23,60.64,45.0,51.25,48.94,5715.07,187.0,Все работают,Хорошее
92.6,99.64,76.6,71.59,66.74,4662.64,6.0,Критический сервис остановлен,Критическое с риском отказа
31.29,55.36,60.19,66.53,74.75,4980.93,167.0,Все работают,Хорошее
57.06,51.89,21.35,936.05,77.03,8860.31,178.0,Все работают,Хорошее
67.87,98.49,118.27,327.14,71.11,8347.66,808.0,Критический сервис остановлен,Критическое с риском отказа
28.15,7.39,38.78,228.53,41.64,5568.75,65.0,Все работают,Оптимальное
93.48,98.53,30.54,934.75,77.15,8990.74,394.0,Критический сервис остановлен,Критическое с риском отказа
14.5,9.51,44.4,211.78,0.97,898.47,94.0,Все работают,Оптимальное
11.04,17.14,27.88,118.06,44.24,762.22,91.0,Все работают,Оптимальное
2.46,39.66,46.56,103.49,66.9,6858.99,42.0,Все работают,Оптимальное
17.03,85.78,65.62,15.66,90.64,9005.21,7.0,Некоторые остановлены,Критическое с риском отказа
6.82,68.19,33.87,73.26,79.92,2291.07,175.0,Все работают,Хорошее
48.22,92.79,78.63,58.6,85.99,4702.84,295.0,Все работают,Критическое
26.09,3.01,40.9,106.01,11.23,3284.29,50.0,Все работают,Оптимальное
98.64,13.79,119.83,46.39,2.01,1651.67,503.0,Критический сервис остановлен,Критическое с риском отказа
29.91,35.23,36.13,149.2,57.53,596.6,82.0,Все работают,Оптимальное
20.44,33.03,57.36,59.17,82.35,4863.74,101.0,Все работают,Хорошее
9.07,20.51,33.77,72.71,21.15,7043.04,114.0,Все работают,Хорошее
49.12,41.82,97.34,77.45,87.77,8365.37,123.0,Все работают,Критическое
41.86,6.24,65.64,60.41,56.52,557.97,157.0,Все работают,Хорошее
16.56,11.34,52.95,60.94,71.12,8970.5,160.0,Все работают,Хорошее
26.38,26.7,43.65,822.42,50.8,5757.5,96.0,Все работают,Оптимальное
59.45,65.44,64.87,36.04,75.8,8062.03,134.0,Все работают,Критическое
5.61,51.4,31.56,628.24,48.0,8423.44,120.0,Все работают,Хорошее
15.1,9.17,23.42,342.34,67.88,7715.72,80.0,Все работают,Оптимальное
44.19,42.49,70.85,863.05,64.31,4830.07,82.0,Все работают,Хорошее
8.51,39.94,31.57,732.14,34.34,1486.26,32.0,Все работают,Оптимальное
76.66,80.86,46.95,30.98,87.93,9311.55,66.0,Некоторые остановлены,Критическое
32.7,40.18,67.94,77.59,75.96,7915.19,149.0,Все работают,Хорошее
21.06,15.1,29.17,643.87,57.52,5600.31,50.0,Все работают,Оптимальное
8.1,21.38,40.21,503.24,5.27,3472.5,75.0,Все работают,Оптимальное
10.56,14.03,26.69,641.84,35.73,5294.32,52.0,Все работают,Оптимальное
60.63,76.01,55.45,36.14,94.47,8140.76,67.0,Некоторые остановлены,Критическое
34.12,55.47,23.97,899.9,47.75,8388.57,70.0,Все работают,Хорошее
28.42,73.74,54.98,909.7,63.89,8910.43,335.0,Все работают,Критическое
22.63,36.98,37.96,923.31,14.73,2490.04,74.0,Все работают,Оптимальное
1.76,34.59,35.77,815.8,61.28,2250.26,40.0,Все работают,Оптимальное
11.49,28.7,30.22,986.72,37.24,794.28,74.0,Все работают,Оптимальное
83.77,4.68,50.28,834.51,89.82,9290.98,146.0,Некоторые остановлены,Критическое
47.24,65.8,37.47,70.5,70.83,8449.97,67.0,Все работают,Хорошее
78.55,75.8,51.37,56.74,69.98,9726.98,96.0,Некоторые остановлены,Критическое
4.3,1.08,43.19,822.89,20.05,4144.17,44.0,Все работают,Оптимальное
27.83,8.55,20.93,949.54,93.86,9583.09,62.0,Все работают,Критическое
9.94,8.55,38.89,841.67,34.84,5373.27,66.0,Все работают,Оптимальное
31.99,11.58,58.54,906.76,18.37,8352.59,66.0,Все работают,Хорошее
48.64,8.67,73.17,680.1,73.55,8221.03,86.0,Все работают,Хорошее
10.28,58.88,32.84,66.2,19.99,5269.34,62.0,Все работают,Хорошее
75.2,58.88,92.66,747.99,96.52,8039.16,145.0,Все работают,Критическое
55.33,64.9,64.47,148.14,75.96,8687.58,108.0,Все работают,Хорошее
15.22,37.33,36.61,248.39,20.23,2378.72,95.0,Все работают,Оптимальное
46.19,41.15,63.59,55.41,76.94,6566.63,135.0,Все работают,Хорошее
19.13,53.38,73.74,978.9,5.93,8279.15,128.0,Все работают,Хорошее
35.17,55.41,62.18,841.61,71.66,1758.79,140.0,Все работают,Хорошее
39.17,58.11,100.47,60.48,99.5,9541.48,672.0,Критический сервис остановлен,Критическое с риском отказа
53.09,51.96,74.21,631.13,57.61,9461.36,34.0,Все работают,Критическое
23.55,31.87,70.42,74.95,71.48,8167.05,45.0,Все работают,Хорошее
3.54,20.75,44.26,485.08,21.34,1394.18,87.0,Все работают,Оптимальное
45.45,68.38,78.04,41.89,26.82,5427.37,58.0,Некоторые остановлены,Критическое
67.96,27.55,57.6,27.53,85.5,1656.27,262.0,Все работают,Критическое
21.17,67.72,59.13,67.39,64.06,7086.94,72.0,Все работают,Хорошее
52.48,58.16,71.88,839.23,71.37,8263.06,198.0,Все работают,Хорошее
46.05,27.44,23.23,541.41,74.72,5159.0,83.0,Все работают,Хорошее
21.11,36.65,33.83,982.02,48.5,6663.0,80.0,Все работают,Оптимальное
8.39,36.92,58.93,70.65,84.94,1641.69,131.0,Все работают,Хорошее
11.55,36.21,45.81,687.57,68.52,3990.51,45.0,Все работают,Оптимальное
9.23,10.26,37.81,232.74,3.99,7662.92,38.0,Все работают,Оптимальное
25.14,26.82,20.11,96.38,24.9,1223.58,53.0,Все работают,Оптимальное
9.01,23.75,32.57,461.59,59.98,5414.89,99.0,Все работают,Оптимальное
27.08,89.93,46.66,1.07,99.69,9970.33,78.0,Критический сервис остановлен,Критическое с риском отказа
45.72,65.61,26.03,276.13,79.71,9474.23,379.0,Все работают,Критическое
24.34,17.87,47.36,768.74,26.06,2387.13,96.0,Все работают,Оптимальное
18.8,29.36,34.79,121.25,67.72,6278.59,99.0,Все работают,Оптимальное
4.62,84.54,98.8,838.72,94.96,9737.87,91.0,Все работают,Критическое
13.46,32.57,38.55,746.28,12.21,1809.28,34.0,Все работают,Оптимальное
24.03,44.03,51.01,646.14,38.79,8160.87,33.0,Все работают,Хорошее
1.57,14.49,45.82,935.92,14.55,4718.79,63.0,Все работают,Оптимальное
43.04,33.64,69.69,62.14,58.54,1145.23,159.0,Все работают,Хорошее
22.75,69.99,66.14,744.15,37.95,8046.73,80.0,Все работают,Хорошее
14.13,9.27,48.44,503.0,57.27,675.78,62.0,Все работают,Оптимальное
10.86,13.48,29.76,255.31,16.95,1321.19,38.0,Все работают,Оптимальное
62.32,46.79,37.66,36.65,91.33,2914.47,288.0,Некоторые остановлены,Критическое
89.43,68.36,58.0,56.29,27.78,8187.92,158.0,Все работают,Критическое
33.17,61.67,38.21,790.57,34.2,8161.64,163.0,Все работают,Хорошее
10.12,22.22,37.08,489.97,26.96,5943.09,83.0,Все работают,Оптимальное
8.69,36.88,35.96,560.34,48.22,1301.82,35.0,Все работают,Оптимальное
22.86,24.89,39.75,106.79,56.31,3487.54,52.0,Все работают,Оптимальное
27.83,66.49,31.23,71.55,75.88,3664.94,41.0,Все работают,Хорошее
22.43,36.35,46.21,118.77,51.13,6967.68,84.0,Все работают,Оптимальное
1.46,20.51,46.58,982.67,1.19,3814.69,93.0,Все работают,Оптимальное
80.23,82.98,55.8,4.04,70.29,3185.54,180.0,Все работают,Критическое с риском отказа
8.51,31.79,24.28,702.76,68.35,6811.22,81.0,Все работают,Оптимальное
46.62,50.66,64.06,449.57,79.96,5816.55,71.0,Все работают,Хорошее
43.67,77.24,64.29,79.87,93.45,9154.22,291.0,Все работают,Критическое
32.68,90.71,95.07,23.32,87.9,1330.73,306.0,Некоторые остановлены,Критическое
18.56,32.32,44.02,57.11,78.1,8240.31,74.0,Все работают,Хорошее
74.18,83.35,99.07,76.93,19.0,8002.75,58.0,Некоторые остановлены,Критическое
87.25,85.26,31.27,216.04,40.65,9773.58,357.0,Все работают,Критическое
54.98,4.09,82.57,56.73,42.99,5397.06,87.0,Некоторые остановлены,Критическое
5.07,51.52,96.76,73.08,28.54,9991.08,87.0,Все работают,Критическое
78.25,28.04,93.6,714.64,86.25,4914.86,72.0,Некоторые остановлены,Критическое
25.68,25.58,68.53,458.03,35.67,3343.36,116.0,Все работают,Хорошее
21.71,13.18,39.55,362.78,25.96,2004.0,51.0,Все работают,Оптимальное
33.52,3.94,57.49,362.13,76.39,8395.65,189.0,Все работают,Хорошее
55.1,35.43,30.02,53.25,78.46,7091.11,196.0,Все работают,Хорошее
45.58,90.82,29.92,35.61,91.31,9846.79,171.0,Все работают,Критическое
19.48,52.81,30.99,77.23,63.25,1575.55,36.0,Все работают,Хорошее
56.67,68.68,74.16,50.25,2.2,8075.78,114.0,Все работают,Хорошее
81.31,33.73,32.65,237.64,89.42,8488.66,137.0,Некоторые остановлены,Критическое
37.75,85.96,25.83,943.97,95.33,7602.22,90.0,Некоторые остановлены,Критическое
73.93,74.56,76.53,69.11,93.58,8007.01,382.0,Все работают,Критическое
1.69,39.28,25.23,697.85,16.97,2985.87,69.0,Все работают,Оптимальное
12.0,28.67,47.79,743.12,9.12,570.13,65.0,Все работают,Оптимальное
45.41,22.9,92.74,41.87,97.23,8468.38,249.0,Некоторые остановлены,Критическое
60.61,27.45,73.3,47.18,91.02,9910.35,206.0,Некоторые остановлены,Критическое
65.93,97.18,103.68,40.59,18.52,9949.31,500.0,Некоторые остановлены,Критическое с риском отказа
42.89,95.65,50.78,4.58,99.8,9313.06,268.0,Некоторые остановлены,Критическое с риском отказа
50.86,16.27,60.17,57.65,30.12,8716.81,117.0,Все работают,Хорошее
0.99,39.57,30.92,187.16,22.77,5214.84,97.0,Все работают,Оптимальное
8.42,20.77,46.51,297.47,44.7,4767.13,49.0,Все работают,Оптимальное
94.37,95.72,33.74,22.78,97.81,3160.11,2.0,Все работают,Критическое с риском отказа
17.03,34.63,48.95,845.92,43.02,6689.03,51.0,Все работают,Оптимальное
91.12,66.59,106.28,13.4,36.87,8937.08,5.0,Критический сервис остановлен,Критическое с риском отказа
0.29,8.03,42.49,132.12,3.1,6991.62,86.0,Все работают,Оптимальное
51.53,92.67,78.45,40.34,71.16,3690.98,109.0,Некоторые остановлены,Критическое
5.48,24.16,30.82,282.76,16.5,1598.67,62.0,Все работают,Оптимальное
15.79,24.94,75.22,26.63,96.96,8369.39,39.0,Некоторые остановлены,Критическое
11.89,20.32,44.31,768.51,54.33,2430.66,47.0,Все работают,Оптимальное
40.53,55.74,37.38,806.18,78.77,8211.81,94.0,Все работают,Хорошее
52.99,64.8,49.12,73.88,78.06,3610.14,42.0,Все работают,Хорошее
15.79,97.05,112.01,348.47,19.95,9244.78,284.0,Все работают,Критическое с риском отказа
23.94,28.36,37.03,57.06,2.9,6578.79,111.0,Все работают,Хорошее
75.54,86.32,84.46,42.49,89.44,8256.77,495.0,Все работают,Критическое
46.24,37.39,65.74,452.69,70.23,8695.83,188.0,Все работают,Хорошее
33.16,8.09,58.05,78.56,76.56,8070.23,79.0,Все работают,Хорошее
87.64,14.75,94.99,542.61,70.69,9687.29,0.0,Все работают,Критическое с риском отказа
26.95,34.7,34.6,225.78,30.48,1670.11,72.0,Все работают,Оптимальное
89.45,98.53,106.73,23.66,98.61,9680.06,126.0,Критический сервис остановлен,Критическое с риском отказа
55.8,45.0,67.25,232.29,21.3,444.83,115.0,Все работают,Хорошее
38.72,38.81,61.2,69.36,70.45,3862.22,45.0,Все работают,Хорошее
19.67,39.58,21.86,231.63,7.15,4395.58,52.0,Все работают,Оптимальное
13.61,35.0,42.88,698.99,1.96,1315.72,61.0,Все работают,Оптимальное
25.2,61.15,26.61,74.27,8.25,8236.58,90.0,Все работают,Хорошее
35.97,7.41,57.19,67.99,83.38,2409.81,109.0,Все работают,Хорошее
61.4,52.93,61.07,376.71,78.65,9898.0,97.0,Все работают,Критическое
27.33,16.48,35.76,265.78,56.54,7350.17,63.0,Все работают,Оптимальное
15.74,11.81,44.97,492.68,59.88,3597.03,76.0,Все работают,Оптимальное
3.25,29.89,29.32,560.24,5.23,2984.35,37.0,Все работают,Оптимальное
49.17,43.86,70.0,76.3,4.38,8143.96,103.0,Все работают,Хорошее
37.65,1.77,51.12,415.4,73.03,8913.18,63.0,Все работают,Хорошее
25.55,22.0,25.58,407.67,44.21,2346.45,32.0,Все работают,Оптимальное
19.06,93.02,31.95,28.41,89.96,9496.33,252.0,Некоторые остановлены,Критическое
63.43,43.65,64.04,40.63,49.62,8215.66,185.0,Все работают,Критическое
91.18,26.42,89.6,72.29,99.5,8863.5,101.0,Все работают,Критическое с риском отказа
98.95,97.28,95.66,5.17,93.52,8844.71,89.0,Все работают,Критическое с риском отказа
3.17,10.43,28.69,661.86,2.75,2978.05,67.0,Все работают,Оптимальное
14.37,82.62,118.77,0.5,86.13,9504.3,183.0,Все работают,Критическое с риском отказа
8.11,24.03,35.91,766.6,28.4,5257.29,88.0,Все работают,Оптимальное
17.71,4.95,22.28,113.37,39.81,3611.17,80.0,Все работают,Оптимальное
25.09,25.29,39.94,891.32,4.58,6398.1,75.0,Все работают,Оптимальное
72.13,96.75,101.35,225.98,37.53,4716.82,3.0,Критический сервис остановлен,Критическое с риском отказа
23.52,31.72,42.47,483.11,88.65,9664.47,54.0,Некоторые остановлены,Критическое
46.94,83.94,54.16,46.19,96.13,9858.1,334.0,Все работают,Критическое
83.61,47.65,81.02,1.75,98.51,2416.34,3.0,Все работают,Критическое с риском отказа
22.24,22.75,22.85,954.38,7.74,6475.09,59.0,Все работают,Оптимальное
0.48,84.73,34.57,18.93,78.28,4078.82,174.0,Некоторые остановлены,Критическое
3.78,29.98,28.58,287.97,53.96,6464.39,72.0,Все работают,Оптимальное
20.96,27.24,34.82,572.85,44.29,7778.81,100.0,Все работают,Оптимальное
59.2,99.7,45.35,35.28,99.12,9977.83,65.0,Все работают,Критическое с риском отказа
22.55,56.94,66.19,60.58,84.07,8478.06,50.0,Все работают,Хорошее
52.9,95.04,23.48,40.3,48.8,8803.51,615.0,Все работают,Критическое с риском отказа
26.82,28.24,39.4,969.64,47.71,5065.4,37.0,Все работают,Оптимальное
2.21,34.24,40.8,893.58,0.93,586.77,33.0,Все работают,Оптимальное
40.09,50.87,44.73,39.36,7.15,3538.08,221.0,Некоторые остановлены,Критическое
68.87,44.15,56.69,59.12,91.27,8035.24,65.0,Все работают,Критическое
15.68,11.92,34.61,623.3,38.94,3099.18,39.0,Все работают,Оптимальное
22.97,10.75,37.48,490.19,15.2,2946.34,55.0,Все работают,Оптимальное
27.27,85.14,113.21,7.56,98.47,9396.16,4.0,Все работают,Критическое с риском отказа
0.98,5.74,44.62,291.34,62.26,718.45,49.0,Все работают,Оптимальное
94.98,97.66,43.33,227.26,81.74,9881.99,9.0,Критический сервис остановлен,Критическое с риском отказа
19.2,6.7,56.01,816.75,70.66,8807.5,82.0,Все работают,Хорошее
70.21,85.38,82.5,340.86,90.84,7491.86,258.0,Некоторые остановлены,Критическое
3.11,23.58,96.54,5.5,47.82,8560.83,9.0,Некоторые остановлены,Критическое с риском отказа
23.38,56.27,52.79,76.93,78.07,8220.61,152.0,Все работают,Хорошее
23.52,30.92,23.0,692.85,9.35,1175.48,64.0,Все работают,Оптимальное
56.65,62.28,59.44,700.18,84.39,3936.62,40.0,Все работают,Хорошее
21.44,55.87,64.13,62.96,1.57,5669.33,121.0,Все работают,Хорошее
28.13,19.72,41.43,430.01,18.2,6689.89,53.0,Все работают,Оптимальное
59.52,48.24,72.87,381.46,0.77,8640.26,198.0,Все работают,Хорошее
3.06,36.28,26.53,836.81,7.85,4900.51,92.0,Все работают,Оптимальное
3.14,55.25,53.58,799.67,78.9,8332.46,117.0,Все работают,Хорошее
44.0,28.54,74.0,52.18,8.14,8153.43,56.0,Все работают,Хорошее
9.3,0.99,60.08,79.44,72.87,6127.39,126.0,Все работают,Хорошее
36.5,42.98,24.79,68.16,71.79,8971.71,86.0,Все работают,Хорошее
29.0,10.78,47.55,474.44,1.82,4721.81,100.0,Все работают,Оптимальное
16.3,20.03,31.34,278.08,30.44,4250.65,52.0,Все работают,Оптимальное
4.79,11.47,41.98,344.16,23.19,2031.27,81.0,Все работают,Оптимальное
22.69,0.71,41.49,175.96,18.27,7929.54,98.0,Все работают,Оптимальное
70.52,5.99,54.77,28.82,89.1,8062.27,96.0,Все работают,Критическое
9.94,23.02,45.43,868.44,31.57,7283.15,46.0,Все работают,Оптимальное
26.3,62.96,72.65,797.45,82.05,8490.68,94.0,Все работают,Хорошее
22.44,31.74,39.6,797.13,33.95,1932.48,56.0,Все работают,Оптимальное
52.18,53.48,73.17,706.92,78.34,8821.85,72.0,Все работают,Хорошее
86.29,51.87,62.18,6.17,19.25,9933.19,815.0,Критический сервис остановлен,Критическое с риском отказа
4.46,75.31,97.49,418.93,86.13,4911.96,63.0,Все работают,Критическое
40.03,28.88,33.41,73.16,75.58,8359.92,183.0,Все работают,Хорошее
36.84,59.41,49.56,26.82,81.62,6352.58,82.0,Все работают,Критическое
84.25,79.82,20.12,74.53,85.12,9909.42,340.0,Все работают,Критическое
68.65,43.9,32.22,20.0,94.56,9901.49,490.0,Некоторые остановлены,Критическое
29.01,11.73,45.14,818.07,38.32,4763.43,85.0,Все работают,Оптимальное
28.71,65.46,88.78,48.75,93.91,8019.24,461.0,Все работают,Критическое
5.55,15.34,25.18,715.88,63.29,7660.84,93.0,Все работают,Оптимальное
88.12,44.96,43.51,59.93,72.83,9594.61,140.0,Все работают,Критическое
41.03,12.24,21.61,69.44,85.49,9388.06,292.0,Все работают,Критическое
4.04,5.69,21.37,949.6,64.33,3792.64,82.0,Все работают,Оптимальное
21.08,3.36,41.57,266.82,10.04,5439.2,73.0,Все работают,Оптимальное
76.08,87.9,97.33,61.18,95.57,9441.73,171.0,Все работают,Критическое
4.4,30.69,44.45,602.53,61.86,5979.82,96.0,Все работают,Оптимальное
15.62,88.4,97.72,797.73,93.54,9975.64,91.0,Некоторые остановлены,Критическое
21.7,1.37,23.25,86.11,12.01,5781.77,99.0,Все работают,Оптимальное
21.91,68.29,39.5,925.24,16.44,583.32,181.0,Все работают,Хорошее
25.13,2.69,42.44,827.69,46.81,540.35,92.0,Все работают,Оптимальное
24.98,34.27,25.49,913.15,12.99,7623.36,69.0,Все работают,Оптимальное
68.09,44.95,88.48,52.32,77.18,1666.61,218.0,Некоторые остановлены,Критическое
22.48,34.92,41.69,134.83,44.3,582.91,97.0,Все работают,Оптимальное
17.91,34.37,49.69,185.7,22.99,7.8,30.0,Все работают,Оптимальное
7.42,8.79,25.82,760.5,70.61,6157.6,154.0,Все работают,Хорошее
15.11,26.75,48.46,152.19,45.58,2711.59,43.0,Все работают,Оптимальное
36.15,26.98,40.18,74.37,80.55,8649.94,126.0,Все работают,Хорошее
24.6,4.94,21.16,722.28,12.12,2887.6,64.0,Все работают,Оптимальное
59.03,59.33,30.9,76.17,81.4,8227.76,86.0,Все работают,Хорошее
18.61,87.18,107.61,67.23,70.73,8612.19,809.0,Все работают,Критическое с риском отказа
12.49,8.01,45.94,957.63,16.91,1195.63,96.0,Все работают,Оптимальное
8.41,26.72,67.56,146.96,54.69,9759.38,294.0,Все работают,Критическое
69.56,21.16,24.4,28.52,17.57,4331.31,150.0,Некоторые остановлены,Критическое
23.84,27.31,20.91,285.83,0.02,3617.77,41.0,Все работают,Оптимальное
27.72,32.01,24.99,12.14,10.79,8966.56,456.0,Все работают,Критическое
23.22,3.92,41.74,177.89,56.16,3031.86,54.0,Все работают,Оптимальное
28.77,4.58,41.83,320.17,50.22,2662.67,79.0,Все работают,Оптимальное
21.69,7.71,48.4,267.15,39.38,1204.03,55.0,Все работают,Оптимальное
28.12,0.06,49.82,67.63,43.15,8645.15,164.0,Все работают,Хорошее
67.84,79.9,31.52,612.4,48.82,8105.98,290.0,Все работают,Критическое
37.71,24.84,62.81,258.22,48.8,6970.88,154.0,Все работают,Хорошее
18.4,1.09,46.64,242.44,5.93,6225.24,90.0,Все работают,Оптимальное
22.72,70.8,82.98,60.57,74.41,9044.29,391.0,Все работают,Критическое
28.85,3.54,38.19,65.24,17.13,991.21,92.0,Все работают,Хорошее
58.53,85.77,38.19,99.94,46.5,8945.68,10.0,Критический сервис остановлен,Критическое с риском отказа
34.34,45.47,72.9,101.94,39.6,8966.12,72.0,Все работают,Хорошее
25.31,20.22,45.57,928.7,68.48,644.47,56.0,Все работают,Оптимальное
20.88,2.81,25.81,686.6,66.51,3937.39,64.0,Все работают,Оптимальное
55.79,43.86,68.4,57.75,34.34,1008.7,97.0,Некоторые остановлены,Критическое
8.47,64.75,36.04,766.23,83.3,8282.04,133.0,Все работают,Хорошее
15.01,25.71,57.04,437.03,30.91,698.53,127.0,Все работают,Хорошее
30.62,5.39,52.27,104.87,55.64,8272.68,151.0,Все работают,Хорошее
51.36,95.07,108.94,11.27,98.96,7384.96,728.0,Все работают,Критическое с риском отказа
8.6,52.29,70.7,35.3,88.81,9451.16,165.0,Все работают,Критическое
41.34,2.86,117.88,247.03,36.98,9407.5,39.0,Критический сервис остановлен,Критическое с риском отказа
40.82,57.48,62.2,45.27,83.62,8771.06,79.0,Некоторые остановлены,Критическое
0.55,28.11,36.19,688.06,55.24,1189.02,34.0,Все работают,Оптимальное
0.24,69.54,78.13,29.83,98.77,9479.82,996.0,Все работают,Критическое с риском отказа
26.95,41.15,61.14,511.67,82.25,8905.87,54.0,Все работают,Хорошее
28.26,51.73,32.45,71.02,28.11,8494.9,135.0,Все работают,Хорошее
1.98,24.1,48.51,942.81,33.92,378.51,63.0,Все работают,Оптимальное
2.64,60.03,52.5,404.4,71.34,8628.59,188.0,Все работают,Хорошее
47.07,62.19,85.45,2.16,73.47,9722.73,87.0,Критический сервис остановлен,Критическое с риском отказа
45.34,47.62,49.9,50.02,72.55,8840.76,109.0,Все работают,Хорошее
3.8,82.8,87.82,19.49,87.28,9769.82,272.0,Все работают,Критическое
10.88,83.99,63.22,65.17,64.91,9555.14,279.0,Все работают,Критическое
45.35,25.15,79.28,37.54,59.42,8408.17,394.0,Некоторые остановлены,Критическое
6.49,46.28,74.65,0.84,99.65,9914.09,6.0,Критический сервис остановлен,Критическое с риском отказа
20.25,51.01,22.1,56.16,74.0,1280.07,65.0,Все работают,Хорошее
26.72,88.23,85.45,436.03,94.56,4891.04,473.0,Все работают,Критическое
31.13,94.75,41.4,787.74,80.42,9160.86,169.0,Некоторые остановлены,Критическое
57.88,84.82,26.73,66.29,47.58,8364.05,199.0,Все работают,Критическое
10.15,9.85,26.94,333.63,67.96,3343.94,52.0,Все работают,Оптимальное
77.52,93.11,87.32,28.42,79.94,2435.98,476.0,Критический сервис остановлен,Критическое с риском отказа
55.73,51.01,68.87,54.15,78.77,8644.6,200.0,Все работают,Хорошее
48.47,3.75,49.2,696.19,37.29,8737.86,162.0,Все работают,Хорошее
19.3,76.95,87.12,880.85,94.13,8105.75,68.0,Все работают,Критическое
46.62,65.82,63.38,77.07,71.67,8530.28,151.0,Все работают,Хорошее
33.81,88.89,97.73,50.85,87.13,7521.9,201.0,Все работают,Критическое
1.54,14.31,30.35,22.16,87.12,8904.54,148.0,Все работают,Критическое
38.89,80.19,91.59,569.19,90.63,8157.31,63.0,Все работают,Критическое
22.1,58.21,52.02,355.19,70.08,5860.74,181.0,Все работают,Хорошее
63.98,56.1,47.78,49.32,74.12,3407.52,214.0,Некоторые остановлены,Критическое
54.47,55.86,34.69,68.77,72.44,8713.25,78.0,Все работают,Хорошее
40.65,21.88,38.77,874.17,97.14,6640.94,43.0,Все работают,Критическое
16.13,34.12,38.39,351.13,34.41,4276.76,38.0,Все работают,Оптимальное
22.69,5.8,48.67,840.35,21.59,6478.29,48.0,Все работают,Оптимальное
4.26,38.65,31.48,109.01,47.01,4849.97,75.0,Все работают,Оптимальное
25.69,4.37,28.36,288.54,64.25,4092.99,62.0,Все работают,Оптимальное
5.12,36.59,22.19,376.71,50.97,6915.77,91.0,Все работают,Оптимальное
20.65,27.63,30.97,678.35,62.76,2151.5,76.0,Все работают,Оптимальное
13.63,3.87,29.52,416.33,53.72,1783.57,70.0,Все работают,Оптимальное
95.83,41.99,22.47,100.57,94.03,9309.03,295.0,Некоторые остановлены,Критическое с риском отказа
95.79,99.34,83.28,5.14,98.63,7877.66,445.0,Все работают,Критическое с риском отказа
25.91,6.05,66.31,241.58,4.41,8678.55,168.0,Все работают,Хорошее
91.56,56.01,27.62,917.72,99.06,1747.68,594.0,Некоторые остановлены,Критическое с риском отказа
0.52,34.03,35.59,623.54,49.5,5753.42,55.0,Все работают,Оптимальное
56.63,42.62,114.12,59.76,90.19,8479.45,66.0,Все работают,Критическое с риском отказа
83.33,14.14,86.68,64.72,7.74,8628.43,49.0,Все работают,Критическое
14.92,23.97,42.47,358.28,8.31,4.25,93.0,Все работают,Оптимальное
21.32,5.3,34.51,512.57,29.92,5585.35,92.0,Все работают,Оптимальное
21.29,11.85,33.74,959.75,32.99,4594.82,94.0,Все работают,Оптимальное
54.31,99.77,102.01,54.47,71.78,8758.3,522.0,Все работают,Критическое с риском отказа
89.11,94.14,34.81,29.0,47.71,7756.44,84.0,Некоторые остановлены,Критическое
59.38,34.96,54.17,300.66,79.78,14.61,176.0,Все работают,Хорошее
6.99,41.41,22.42,72.4,70.33,2171.25,81.0,Все работают,Хорошее
4.79,36.33,26.58,938.94,40.45,7152.83,69.0,Все работают,Оптимальное
9.45,29.27,37.88,65.31,77.41,8146.92,57.0,Все работают,Хорошее
8.72,13.82,37.8,491.46,2.48,6565.25,67.0,Все работают,Оптимальное
83.8,55.03,81.46,46.01,80.84,9854.61,39.0,Некоторые остановлены,Критическое
76.83,97.88,102.76,65.83,4.6,2755.45,394.0,Критический сервис остановлен,Критическое с риском отказа
16.71,20.77,26.66,389.82,65.67,1569.05,54.0,Все работают,Оптимальное
57.64,53.31,40.01,152.73,30.34,8984.33,161.0,Все работают,Хорошее
97.47,52.03,98.34,70.2,83.62,9301.88,1.0,Все работают,Критическое с риском отказа
22.82,49.56,55.69,667.7,76.15,8274.33,73.0,Все работают,Хорошее
17.07,1.11,51.59,70.61,44.08,3635.33,146.0,Некоторые остановлены,Критическое
44.06,20.77,63.9,23.27,83.57,8348.73,438.0,Некоторые остановлены,Критическое
12.35,13.69,34.82,155.74,21.84,6914.94,41.0,Все работают,Оптимальное
17.43,21.46,37.62,334.06,69.2,996.5,113.0,Все работают,Хорошее
0.57,17.1,20.66,138.14,63.6,1338.65,41.0,Все работают,Оптимальное
48.77,59.38,59.94,63.63,72.56,8465.71,172.0,Все работают,Хорошее
15.98,16.81,29.99,846.53,14.44,4537.11,92.0,Все работают,Оптимальное
26.16,68.2,71.85,902.12,34.65,8814.71,62.0,Все работают,Хорошее
6.12,31.64,21.65,463.83,5.06,7871.01,88.0,Все работают,Оптимальное
27.34,22.42,37.17,971.87,27.9,2967.38,49.0,Все работают,Оптимальное
4.24,26.14,31.54,185.06,46.65,1286.37,82.0,Все работают,Оптимальное
64.52,77.66,60.22,59.39,76.86,9879.59,53.0,Некоторые остановлены,Критическое
44.58,18.54,69.79,53.02,75.52,8478.46,123.0,Все работают,Хорошее
2.16,7.57,44.49,391.1,65.75,248.45,89.0,Все работают,Оптимальное
51.1,99.78,38.2,20.27,24.02,8048.94,1.0,Все работают,Критическое с риском отказа
66.02,67.09,36.26,672.8,77.27,9975.55,86.0,Все работают,Критическое
12.22,15.05,49.6,971.27,39.34,968.79,73.0,Все работают,Оптимальное
26.64,6.75,41.15,559.02,38.06,701.99,83.0,Все работают,Оптимальное
2.9,32.59,43.87,604.66,49.45,398.37,56.0,Все работают,Оптимальное
93.85,51.86,29.65,52.45,49.06,9000.7,60.0,Некоторые остановлены,Критическое с риском отказа
0.17,24.24,24.66,698.55,48.2,4135.36,79.0,Все работают,Оптимальное
66.45,81.46,55.2,6.79,99.76,9537.27,1.0,Некоторые остановлены,Критическое с риском отказа
21.77,0.38,41.28,641.62,20.06,5389.95,61.0,Все работают,Оптимальное
22.93,46.92,73.26,852.51,70.06,6878.1,163.0,Все работают,Хорошее
25.91,95.9,38.87,3.54,34.48,5909.53,56.0,Все работают,Критическое с риском отказа
28.66,24.09,41.51,245.35,67.74,7367.24,76.0,Все работают,Оптимальное
38.15,29.12,71.15,61.92,49.55,8538.8,51.0,Все работают,Хорошее
46.18,56.3,43.35,79.15,63.43,8422.49,175.0,Все работают,Хорошее
29.67,42.25,64.24,610.67,66.83,8724.45,33.0,Все работают,Хорошее
82.44,45.52,49.52,78.48,67.59,1305.85,96.0,Все работают,Критическое
58.86,55.53,48.06,668.9,59.65,8932.04,98.0,Все работают,Хорошее
66.23,26.31,45.59,21.29,73.12,8159.48,61.0,Некоторые остановлены,Критическое
38.48,34.91,29.53,59.47,81.47,608.3,99.0,Все работают,Хорошее
31.39,13.61,52.17,52.52,93.55,9205.76,457.0,Некоторые остановлены,Критическое
29.29,19.38,21.05,576.66,23.37,7155.02,100.0,Все работают,Оптимальное
5.29,67.64,67.65,815.59,75.54,8186.77,44.0,Все работают,Хорошее
33.36,18.76,32.99,75.77,79.06,8949.88,92.0,Все работают,Хорошее
51.24,11.53,50.96,79.43,76.36,2155.46,173.0,Все работают,Хорошее
18.1,29.96,46.79,641.77,43.94,4327.87,34.0,Все работают,Оптимальное
42.84,26.3,37.87,209.36,74.23,806.06,167.0,Все работают,Хорошее
13.81,25.07,26.54,874.28,21.48,2115.6,93.0,Все работают,Оптимальное
41.17,9.85,69.38,72.51,84.22,7417.23,66.0,Все работают,Хорошее
36.94,31.41,57.39,53.02,28.34,8432.22,152.0,Все работают,Хорошее
7.06,1.97,76.62,15.55,77.98,6567.31,156.0,Некоторые остановлены,Критическое
21.75,39.89,29.96,57.94,16.5,8881.94,476.0,Некоторые остановлены,Критическое
21.29,36.53,48.71,806.14,7.64,6819.9,78.0,Все работают,Оптимальное
28.96,0.99,20.6,76.16,38.0,6137.54,84.0,Все работают,Хорошее
50.91,42.78,30.43,30.03,88.2,9254.02,487.0,Все работают,Критическое
27.64,69.67,37.38,172.61,19.46,9685.54,142.0,Некоторые остановлены,Критическое
93.58,31.28,100.33,59.97,89.32,2587.54,198.0,Все работают,Критическое с риском отказа
65.5,72.97,85.79,79.76,74.75,8829.34,109.0,Некоторые остановлены,Критическое
1.11,36.94,20.72,836.67,46.83,4385.89,60.0,Все работают,Оптимальное
56.79,49.73,74.45,275.95,34.46,2859.42,129.0,Все работают,Хорошее
22.0,6.49,35.26,251.0,29.0,2089.42,79.0,Все работают,Оптимальное
63.15,44.42,41.38,131.57,86.14,9999.59,81.0,Некоторые остановлены,Критическое
42.0,58.33,100.8,14.27,98.7,5048.27,923.0,Все работают,Критическое с риском отказа
42.71,61.54,28.13,933.2,65.56,8225.97,79.0,Все работают,Хорошее
12.53,5.15,30.35,192.97,29.01,3519.77,47.0,Все работают,Оптимальное
17.41,55.17,24.31,475.69,33.36,9930.24,184.0,Некоторые остановлены,Критическое
11.14,28.12,26.85,427.93,31.85,7641.32,58.0,Все работают,Оптимальное
90.25,59.81,87.42,917.09,99.08,8695.97,179.0,Некоторые остановлены,Критическое с риском отказа
20.55,21.46,21.25,123.24,48.77,3246.34,91.0,Все работают,Оптимальное
10.58,59.83,68.22,57.18,73.89,7343.96,104.0,Все работают,Хорошее
15.19,27.35,41.73,152.17,21.73,2742.94,54.0,Все работают,Оптимальное
12.98,14.14,20.34,964.45,28.9,4634.74,98.0,Все работают,Оптимальное
29.98,23.8,48.46,271.35,54.77,260.29,30.0,Все работают,Оптимальное
48.78,61.99,23.93,317.49,39.26,8373.93,133.0,Все работают,Хорошее
38.4,44.03,39.99,71.78,76.84,8958.97,164.0,Все работают,Хорошее
10.02,41.53,52.42,516.39,63.25,8343.54,66.0,Все работают,Хорошее
57.29,54.4,48.17,58.36,80.11,7158.35,130.0,Все работают,Хорошее
12.48,33.02,40.92,145.77,28.93,1348.28,36.0,Все работают,Оптимальное
19.41,70.27,53.78,3.02,99.87,9510.59,186.0,Критический сервис остановлен,Критическое с риском отказа
97.93,95.91,68.88,55.48,74.83,8123.38,53.0,Все работают,Критическое с риском отказа
18.1,11.37,48.54,768.82,64.27,483.95,92.0,Все работают,Оптимальное
21.74,15.9,39.17,206.92,35.56,7745.14,41.0,Все работают,Оптимальное
93.17,74.33,34.19,5.46,74.19,4665.71,127.0,Некоторые остановлены,Критическое с риском отказа
39.8,4.06,94.38,72.28,3.59,8766.17,344.0,Критический сервис остановлен,Критическое с риском отказа
3.62,19.66,40.88,217.55,60.31,153.8,85.0,Все работают,Оптимальное
3.06,39.13,33.63,497.84,60.1,5737.18,76.0,Все работают,Оптимальное
4.49,19.71,36.26,192.84,75.83,5567.19,180.0,Все работают,Хорошее
36.15,83.72,90.67,251.41,18.35,3741.14,548.0,Критический сервис остановлен,Критическое с риском отказа
64.93,35.23,23.61,413.21,0.99,2769.88,133.0,Все работают,Критическое
5.43,25.68,34.31,493.73,31.05,6205.75,81.0,Все работают,Оптимальное
21.6,10.4,42.08,283.89,35.11,3198.36,61.0,Все работают,Оптимальное
2.91,3.35,47.11,390.43,50.23,1223.48,68.0,Все работают,Оптимальное
21.52,22.32,21.65,788.85,19.78,4336.92,94.0,Все работают,Оптимальное
85.57,35.6,59.11,37.57,74.24,2218.57,119.0,Некоторые остановлены,Критическое
15.67,15.07,43.42,530.29,49.88,7712.21,54.0,Все работают,Оптимальное
22.92,10.24,38.74,731.95,41.5,1783.14,55.0,Все работают,Оптимальное
16.73,67.84,65.58,500.01,65.96,6195.13,145.0,Все работают,Хорошее
91.88,81.5,38.54,7.71,96.12,8843.64,594.0,Все работают,Критическое с риском отказа
24.89,42.6,22.76,50.72,72.95,218.1,119.0,Все работают,Хорошее
3.64,38.15,70.16,75.37,12.24,8556.21,179.0,Все работают,Хорошее
25.72,26.82,21.81,234.35,33.12,6309.57,36.0,Все работают,Оптимальное
6.26,8.31,21.8,830.77,8.26,4863.45,100.0,Все работают,Оптимальное
3.67,20.77,39.78,970.47,53.08,4662.96,87.0,Все работают,Оптимальное
24.32,39.29,31.72,606.36,5.09,7833.64,85.0,Все работают,Оптимальное
19.98,10.61,59.27,56.46,32.19,2598.85,50.0,Все работают,Хорошее
11.33,13.31,43.62,949.27,27.13,1524.54,84.0,Все работают,Оптимальное
20.54,3.62,24.32,479.58,5.48,3410.69,62.0,Все работают,Оптимальное
91.35,72.39,93.23,0.92,98.41,8585.87,5.0,Некоторые остановлены,Критическое с риском отказа
26.92,24.26,44.25,421.66,43.44,4305.12,40.0,Все работают,Оптимальное
44.08,60.57,43.41,56.05,76.63,8071.49,159.0,Все работают,Хорошее
8.14,23.92,27.8,436.08,22.04,231.28,44.0,Все работают,Оптимальное
3.59,6.62,28.21,467.75,1.51,44.52,76.0,Все работают,Оптимальное
64.97,96.64,68.42,40.64,69.75,9012.06,49.0,Все работают,Критическое с риском отказа
17.88,58.56,42.9,58.66,83.07,8529.22,39.0,Все работают,Хорошее
58.66,66.69,56.95,70.49,47.01,8716.3,75.0,Все работают,Хорошее
72.27,42.37,71.45,56.84,32.0,162.34,47.0,Все работают,Критическое
65.64,99.35,98.76,7.05,98.2,1461.04,158.0,Все работают,Критическое с риском отказа
18.24,14.32,35.63,348.93,29.56,7040.03,89.0,Все работают,Оптимальное
27.43,52.35,72.44,614.08,16.1,8096.37,145.0,Все работают,Хорошее
37.16,56.21,23.22,390.56,81.49,553.55,143.0,Все работают,Хорошее
78.14,94.27,44.77,38.19,93.38,8745.97,316.0,Некоторые остановлены,Критическое
27.83,5.05,47.37,488.8,22.39,283.06,88.0,Все работают,Оптимальное
2.23,6.01,31.55,6.01,51.35,9841.95,441.0,Все работают,Критическое с риском отказа
91.47,75.33,109.88,533.28,36.32,2674.79,47.0,Критический сервис остановлен,Критическое с риском отказа
31.41,71.05,81.5,70.84,97.71,6513.7,476.0,Все работают,Критическое
67.47,6.68,65.85,208.26,82.01,9760.47,236.0,Некоторые остановлены,Критическое
41.6,59.7,29.3,65.53,83.11,3716.29,99.0,Все работают,Хорошее
7.18,6.8,55.35,408.89,78.96,8392.79,81.0,Все работают,Хорошее
6.75,12.13,33.05,215.26,47.97,2093.11,68.0,Все работают,Оптимальное
28.94,15.6,41.27,804.29,19.19,5490.8,57.0,Все работают,Оптимальное
91.95,37.99,51.42,512.14,95.26,9258.18,1.0,Некоторые остановлены,Критическое с риском отказа
44.97,12.84,50.78,58.8,98.29,6132.2,8.0,Все работают,Критическое с риском отказа
29.47,29.77,60.99,57.66,8.99,6625.12,38.0,Все работают,Хорошее
22.21,33.23,40.19,253.63,41.08,568.34,88.0,Все работают,Оптимальное
15.22,10.58,26.49,309.05,33.31,5707.19,88.0,Все работают,Оптимальное
45.78,3.78,53.48,304.03,50.84,8149.53,51.0,Все работают,Хорошее
15.05,94.47,66.66,39.45,79.89,9440.64,356.0,Все работают,Критическое
10.48,33.09,30.45,321.65,55.0,6202.56,31.0,Все работают,Оптимальное
2.42,12.24,22.94,742.01,25.91,5050.76,48.0,Все работают,Оптимальное
15.8,37.0,27.52,66.3,84.03,4545.96,192.0,Все работают,Хорошее
73.06,59.24,38.73,14.76,91.2,9306.83,108.0,Все работают,Критическое
37.78,35.62,70.24,74.94,78.54,5422.15,82.0,Все работают,Хорошее
58.87,85.38,74.04,415.07,98.27,9672.12,329.0,Все работают,Критическое с риском отказа
7.89,26.05,24.84,638.86,0.14,1689.53,62.0,Все работают,Оптимальное
22.24,42.92,53.94,57.59,83.11,8980.66,127.0,Все работают,Хорошее
12.25,7.89,20.25,986.88,61.98,5095.26,57.0,Все работают,Оптимальное
17.3,44.68,64.26,76.28,56.44,7788.42,67.0,Все работают,Хорошее
52.29,35.68,79.45,42.2,85.98,9367.85,73.0,Все работают,Критическое
8.13,54.88,77.57,368.1,88.11,9548.33,105.0,Все работают,Критическое
65.78,79.34,45.87,24.74,25.79,4896.87,69.0,Все работают,Критическое
6.86,19.04,65.29,125.33,44.24,8262.07,48.0,Все работают,Хорошее
8.35,64.39,47.32,67.55,77.37,8602.08,100.0,Все работают,Хорошее
34.87,2.83,56.57,368.47,83.86,8276.12,95.0,Все работают,Хорошее
45.73,8.88,31.94,973.32,72.21,8101.26,172.0,Все работают,Хорошее
9.62,35.69,48.23,929.25,49.21,4531.81,68.0,Все работают,Оптимальное
46.76,9.41,69.51,61.18,78.45,8174.18,143.0,Все работают,Хорошее
19.25,32.53,32.7,679.11,15.28,1253.05,59.0,Все работают,Оптимальное
61.64,48.68,65.34,10.42,81.94,7608.3,364.0,Все работают,Критическое
44.38,53.69,25.33,66.27,13.86,8980.44,162.0,Все работают,Хорошее
24.07,3.04,48.77,639.66,33.99,7146.1,38.0,Все работают,Оптимальное
20.32,2.93,28.51,778.23,0.71,2333.87,38.0,Все работают,Оптимальное
8.87,64.79,49.68,510.7,77.05,6021.42,180.0,Все работают,Хорошее
84.26,99.72,26.65,5.65,78.26,3490.57,910.0,Все работают,Критическое с риском отказа
30.95,39.68,47.03,87.93,77.0,3876.34,167.0,Все работают,Хорошее
58.55,20.27,65.9,782.26,82.55,8182.92,152.0,Все работают,Хорошее
15.93,36.16,26.44,103.23,55.47,3261.49,79.0,Все работают,Оптимальное
25.47,1.0,35.19,745.67,33.71,7297.29,83.0,Все работают,Оптимальное
78.08,82.45,98.41,61.17,94.9,8809.13,100.0,Все работают,Критическое
49.03,16.51,64.4,849.65,80.75,8940.16,185.0,Все работают,Хорошее
19.61,54.43,48.68,195.67,77.79,4520.33,86.0,Все работают,Хорошее
13.59,39.93,43.49,787.87,17.09,424.21,71.0,Все работают,Оптимальное
42.31,99.61,55.35,45.9,99.03,9932.73,550.0,Все работают,Критическое с риском отказа
26.94,54.08,41.56,73.61,75.13,2611.13,69.0,Все работают,Хорошее
37.55,63.31,50.33,756.02,78.77,2659.11,35.0,Все работают,Хорошее
5.55,10.45,44.87,537.77,68.4,4216.21,60.0,Все работают,Оптимальное
9.35,18.37,23.95,621.01,8.38,2883.99,58.0,Все работают,Оптимальное
86.65,30.47,90.97,75.82,96.46,8656.22,142.0,Некоторые остановлены,Критическое
31.58,42.78,22.21,73.75,82.32,8588.61,37.0,Все работают,Хорошее
21.93,18.34,25.02,731.91,1.72,2842.94,90.0,Все работают,Оптимальное
16.27,6.63,69.61,51.32,75.35,8212.71,170.0,Все работают,Хорошее
69.51,23.67,66.06,0.09,99.43,9001.98,108.0,Все работают,Критическое с риском отказа
30.9,66.19,43.16,78.07,99.42,5648.84,35.0,Критический сервис остановлен,Критическое с риском отказа
10.6,92.31,64.47,59.95,39.49,9566.08,68.0,Некоторые остановлены,Критическое
63.26,78.33,118.04,67.65,73.38,8732.25,43.0,Все работают,Критическое с риском отказа
11.34,30.24,24.13,989.34,32.34,3502.3,82.0,Все работают,Оптимальное
36.94,60.95,55.24,74.55,9.16,8858.18,99.0,Все работают,Хорошее
37.18,14.91,51.39,527.78,76.75,8781.2,177.0,Все работают,Хорошее
12.02,75.91,78.23,55.69,75.14,1215.88,374.0,Некоторые остановлены,Критическое
41.58,90.5,63.03,18.93,24.78,8773.67,52.0,Все работают,Критическое
35.91,49.54,58.95,75.97,71.09,6585.85,114.0,Все работают,Хорошее
73.84,3.92,79.06,54.94,94.18,8900.57,71.0,Все работают,Критическое
43.91,73.32,82.64,61.9,37.82,9039.06,300.0,Некоторые остановлены,Критическое
7.94,27.87,20.41,295.78,6.75,1183.0,71.0,Все работают,Оптимальное
47.75,95.02,110.24,78.2,95.82,9088.27,52.0,Все работают,Критическое с риском отказа
47.37,70.38,116.01,8.63,98.88,8826.08,4.0,Все работают,Критическое с риском отказа
30.16,1.95,97.43,54.64,89.75,3449.16,130.0,Все работают,Критическое
30.81,74.42,26.38,16.0,80.39,9650.29,208.0,Некоторые остановлены,Критическое
0.16,16.89,35.0,268.56,45.55,7677.65,33.0,Все работают,Оптимальное
24.42,81.56,90.33,77.75,90.88,4747.23,321.0,Все работают,Критическое
47.37,78.33,66.37,558.44,95.78,8300.94,62.0,Все работают,Критическое
58.93,48.54,86.61,638.77,73.53,2578.38,117.0,Все работают,Критическое
28.99,2.3,38.82,671.36,10.67,1300.88,66.0,Все работают,Оптимальное
13.59,23.28,39.52,742.58,25.81,7562.56,54.0,Все работают,Оптимальное
27.44,55.66,39.27,184.41,77.23,6953.21,40.0,Все работают,Хорошее
4.42,14.67,32.23,440.47,24.99,4619.25,85.0,Все работают,Оптимальное
6.55,59.96,50.49,58.18,21.25,8047.9,192.0,Все работают,Хорошее
25.1,28.76,48.63,706.33,63.53,5979.25,60.0,Все работают,Оптимальное
90.88,91.08,104.5,28.18,78.29,1588.06,81.0,Критический сервис остановлен,Критическое с риском отказа
44.13,97.28,107.26,9.11,33.76,8428.89,6.0,Все работают,Критическое с риском отказа
74.53,95.17,100.98,71.22,24.53,2905.86,461.0,Некоторые остановлены,Критическое с риском отказа
19.71,26.71,45.1,727.91,7.51,6154.56,30.0,Все работают,Оптимальное
33.71,57.37,55.38,801.68,5.01,8298.36,48.0,Все работают,Хорошее
42.17,30.63,39.99,655.81,80.21,8980.52,188.0,Все работают,Хорошее
38.84,49.13,58.4,69.33,74.98,3407.34,49.0,Все работают,Хорошее
17.85,81.97,106.97,50.09,40.55,9328.99,698.0,Некоторые остановлены,Критическое с риском отказа
33.2,58.19,58.28,79.54,7.81,8009.58,185.0,Все работают,Хорошее
29.83,66.36,20.42,76.81,43.33,8323.55,179.0,Все работают,Хорошее
45.77,72.38,72.51,904.9,91.71,9947.66,211.0,Все работают,Критическое
38.09,5.53,45.06,75.29,8.0,8056.94,134.0,Все работают,Хорошее
21.46,21.56,40.37,288.01,52.28,3482.02,65.0,Все работают,Оптимальное
52.61,45.94,36.24,75.45,22.79,3171.14,155.0,Все работают,Хорошее
6.68,55.46,24.67,73.91,0.39,8379.75,138.0,Все работают,Хорошее
97.56,97.59,58.6,29.63,72.0,1531.28,9.0,Критический сервис остановлен,Критическое с риском отказа
87.12,89.92,79.84,35.55,64.95,6989.44,288.0,Все работают,Критическое
4.5,34.33,35.71,604.74,38.15,6615.47,62.0,Все работают,Оптимальное
29.09,74.62,84.64,39.4,87.65,8228.08,372.0,Все работают,Критическое
19.14,9.15,48.22,72.62,1.31,8685.57,61.0,Все работают,Хорошее
18.01,30.12,31.5,306.33,27.97,7380.35,91.0,Все работают,Оптимальное
58.44,86.07,62.55,12.25,97.73,9435.76,183.0,Некоторые остановлены,Критическое
28.0,94.3,84.37,7.27,41.31,9315.75,182.0,Все работают,Критическое с риском отказа
53.6,56.15,26.24,79.15,70.28,8607.18,133.0,Все работают,Хорошее
14.18,30.71,49.67,870.55,13.38,1295.68,61.0,Все работают,Оптимальное
7.27,11.58,71.57,311.49,19.4,9855.48,35.0,Все работают,Критическое
30.71,59.91,51.7,980.54,83.67,7046.34,63.0,Все работают,Хорошее
8.06,22.79,39.68,346.22,18.59,5569.97,90.0,Все работают,Оптимальное
69.49,74.93,37.11,118.89,91.1,9709.51,144.0,Все работают,Критическое
27.91,3.84,43.03,262.63,55.45,5219.68,45.0,Все работают,Оптимальное
39.77,5.72,41.11,535.83,11.34,8750.92,72.0,Все работают,Хорошее
37.43,12.23,69.22,72.6,1.4,8264.05,46.0,Все работают,Хорошее
14.16,97.9,73.13,7.97,25.1,2088.37,72.0,Все работают,Критическое с риском отказа
12.97,32.66,27.91,909.15,52.84,3497.68,50.0,Все работают,Оптимальное
7.12,27.82,46.95,650.18,7.7,7713.79,70.0,Все работают,Оптимальное
14.94,35.66,39.26,328.01,48.98,102.79,76.0,Все работают,Оптимальное
86.98,44.62,71.78,311.65,84.23,9080.62,471.0,Некоторые остановлены,Критическое
55.41,46.68,44.41,679.66,73.28,8980.15,162.0,Все работают,Хорошее
55.9,86.97,77.75,78.3,97.05,8873.68,217.0,Все работают,Критическое
15.94,51.87,62.55,941.85,72.87,4904.46,148.0,Все работают,Хорошее
40.22,37.71,20.29,70.99,77.97,5260.7,154.0,Все работают,Хорошее
9.54,38.68,25.18,504.83,18.9,6946.21,66.0,Все работают,Оптимальное
76.4,58.58,100.96,274.17,72.02,8120.26,452.0,Критический сервис остановлен,Критическое с риском отказа
27.51,39.77,39.44,730.7,40.25,5799.43,62.0,Все работают,Оптимальное
16.61,20.08,44.45,872.77,1.07,7911.03,83.0,Все работают,Оптимальное
17.01,15.07,36.16,268.86,12.13,335.09,33.0,Все работают,Оптимальное
1.75,58.08,60.6,61.6,81.94,8667.16,96.0,Все работают,Хорошее
29.28,22.22,56.13,76.58,89.26,9213.34,32.0,Все работают,Критическое
21.95,9.03,36.61,262.96,30.28,3583.77,77.0,Все работают,Оптимальное
22.0,29.28,21.03,360.07,21.19,4908.24,49.0,Все работают,Оптимальное
15.45,33.28,20.31,820.7,9.52,2649.98,31.0,Все работают,Оптимальное
59.41,40.12,43.49,59.57,78.26,8288.85,45.0,Все работают,Хорошее
21.43,36.77,62.45,141.43,96.68,8810.65,135.0,Критический сервис остановлен,Критическое с риском отказа
63.8,69.49,79.1,59.18,78.25,9657.42,177.0,Все работают,Критическое
7.97,37.95,28.75,527.64,56.87,2141.01,64.0,Все работают,Оптимальное
1.69,22.79,44.9,576.39,60.38,6741.65,38.0,Все работают,Оптимальное
44.55,70.77,64.19,14.15,90.33,9230.46,132.0,Все работают,Критическое
40.22,65.9,73.93,73.86,82.44,798.26,122.0,Все работают,Хорошее
20.34,31.66,43.18,593.61,30.64,6088.12,87.0,Все работают,Оптимальное
15.77,5.77,39.51,313.18,55.97,4141.19,58.0,Все работают,Оптимальное
13.54,51.52,51.52,394.32,34.5,9081.98,123.0,Некоторые остановлены,Критическое
22.35,4.78,34.67,176.22,17.94,7399.84,62.0,Все работают,Оптимальное
6.13,28.11,65.13,79.91,41.25,8130.68,172.0,Все работают,Хорошее
56.14,53.29,26.91,688.83,81.81,8371.85,190.0,Все работают,Хорошее
36.74,1.53,97.51,101.28,84.99,9980.16,34.0,Некоторые остановлены,Критическое
30.78,91.56,79.59,38.46,20.56,4811.07,99.0,Некоторые остановлены,Критическое
97.22,98.41,56.5,66.77,89.73,1477.3,99.0,Все работают,Критическое с риском отказа
5.59,34.46,21.59,797.84,27.93,1120.07,66.0,Все работают,Оптимальное
8.55,0.04,42.82,441.69,24.42,4093.93,70.0,Все работают,Оптимальное
96.28,65.83,110.05,76.33,34.71,3849.31,174.0,Все работают,Критическое с риском отказа
25.52,27.43,47.44,116.81,66.55,4644.68,94.0,Все работают,Оптимальное
8.17,10.43,44.0,749.16,60.84,6515.13,36.0,Все работают,Оптимальное
7.72,59.09,59.1,62.57,70.74,8008.36,157.0,Все работают,Хорошее
20.58,50.0,54.49,67.73,27.81,8471.85,185.0,Все работают,Хорошее
2.04,11.19,26.65,927.62,48.34,2170.96,97.0,Все работают,Оптимальное
84.71,43.14,55.17,6.17,34.22,8376.94,30.0,Критический сервис остановлен,Критическое с риском отказа
15.45,60.01,60.24,77.45,19.51,8288.48,71.0,Все работают,Хорошее
42.61,62.04,68.26,71.68,55.92,1716.82,69.0,Все работают,Хорошее
52.56,20.64,41.75,62.61,71.27,1630.55,152.0,Все работают,Хорошее
86.41,93.06,86.08,75.91,91.96,9271.64,309.0,Некоторые остановлены,Критическое
2.71,19.65,52.67,288.42,11.82,8474.47,89.0,Все работают,Хорошее
32.43,93.8,35.69,49.1,85.26,8162.83,46.0,Некоторые остановлены,Критическое
9.54,13.85,36.45,145.51,61.15,423.6,47.0,Все работают,Оптимальное
1.67,4.28,30.29,647.93,34.32,3802.04,81.0,Все работают,Оптимальное
26.7,59.55,61.32,971.42,67.9,8114.28,117.0,Все работают,Хорошее
18.79,38.98,29.51,775.27,55.88,1912.53,55.0,Все работают,Оптимальное
55.21,12.25,52.25,77.85,84.21,8820.98,138.0,Все работают,Хорошее
0.11,0.15,36.29,608.3,60.79,5642.0,35.0,Все работают,Оптимальное
7.86,36.97,51.78,64.02,51.21,398.11,74.0,Все работают,Хорошее
52.68,45.3,55.19,52.52,83.81,57.44,136.0,Все работают,Хорошее
9.99,12.72,24.1,142.05,47.72,5430.97,87.0,Все работают,Оптимальное
51.82,63.26,57.25,440.96,80.65,8221.18,79.0,Все работают,Хорошее
67.53,77.1,57.68,103.28,72.52,315.59,294.0,Все работают,Критическое
14.91,34.58,24.87,636.84,46.49,5508.33,52.0,Все работают,Оптимальное
17.54,15.58,23.82,738.64,62.69,1037.49,40.0,Все работают,Оптимальное
5.94,68.04,45.83,876.23,71.13,8286.72,168.0,Все работают,Хорошее
0.31,26.3,41.13,454.3,25.22,570.57,90.0,Все работают,Оптимальное
24.71,20.37,21.66,306.64,49.19,7094.41,84.0,Все работают,Оптимальное
4.16,25.11,73.88,24.3,91.65,1840.28,233.0,Все работают,Критическое
83.93,74.94,81.51,25.48,76.42,9472.33,49.0,Все работают,Критическое
46.69,46.64,22.64,66.99,60.69,8520.93,129.0,Все работают,Хорошее
24.45,56.17,38.18,68.74,50.28,6867.67,174.0,Все работают,Хорошее
17.31,33.88,42.1,505.3,49.36,7911.08,87.0,Все работают,Оптимальное
25.85,14.42,45.63,337.3,2.41,1425.39,38.0,Все работают,Оптимальное
5.25,34.74,30.71,244.55,69.34,7092.15,64.0,Все работают,Оптимальное
2.94,34.76,43.2,386.96,63.72,2590.3,44.0,Все работают,Оптимальное
40.67,63.19,72.55,59.54,83.96,8346.23,112.0,Все работают,Хорошее
84.72,66.36,65.5,676.79,80.42,9899.65,48.0,Все работают,Критическое
21.14,1.07,45.56,292.63,11.67,123.12,66.0,Все работают,Оптимальное
29.36,25.29,23.25,762.67,16.89,3869.84,78.0,Все работают,Оптимальное
59.36,91.49,52.03,75.78,95.33,5012.97,239.0,Некоторые остановлены,Критическое
2.05,50.8,70.59,76.98,19.8,1323.28,87.0,Все работают,Хорошее
54.55,42.8,69.67,53.32,84.49,5808.27,52.0,Все работают,Хорошее
16.74,2.29,44.74,157.06,43.21,2243.0,74.0,Все работают,Оптимальное
23.21,54.99,62.18,860.74,70.43,8057.46,46.0,Все работают,Хорошее
57.65,29.81,35.04,169.13,91.3,9966.57,65.0,Некоторые остановлены,Критическое
24.6,86.88,31.16,56.99,99.33,9495.02,473.0,Критический сервис остановлен,Критическое с риском отказа
29.67,46.61,57.87,18.86,84.96,9470.49,119.0,Все работают,Критическое
19.32,84.21,45.58,555.32,97.32,9247.97,198.0,Все работают,Критическое
32.87,47.33,51.48,53.09,76.37,8007.42,147.0,Все работают,Хорошее
7.31,8.14,34.13,938.35,56.48,2694.63,68.0,Все работают,Оптимальное
17.19,36.77,59.34,93.28,56.67,8391.33,178.0,Все работают,Хорошее
37.56,41.79,59.18,178.61,74.41,8784.83,159.0,Все работают,Хорошее
3.79,59.0,65.99,91.4,84.13,8383.44,60.0,Все работают,Хорошее
46.13,19.36,33.81,76.95,55.45,8550.83,57.0,Все работают,Хорошее
19.37,17.61,70.2,526.55,81.95,1120.86,181.0,Все работают,Хорошее
15.69,17.12,62.29,57.05,74.73,4221.68,112.0,Все работают,Хорошее
6.19,65.25,58.64,54.39,72.62,6931.11,87.0,Все работают,Хорошее
32.29,55.23,57.01,563.55,78.18,4031.48,70.0,Все работают,Хорошее
57.94,39.09,26.55,845.88,59.75,3516.96,151.0,Все работают,Хорошее
9.15,84.5,68.34,14.45,84.41,6358.18,51.0,Некоторые остановлены,Критическое
58.61,81.57,31.37,9.96,49.47,8442.21,36.0,Некоторые остановлены,Критическое с риском отказа
94.21,21.24,110.45,207.25,80.82,9601.66,98.0,Все работают,Критическое с риском отказа
75.75,42.23,93.61,896.8,87.6,9280.26,80.0,Все работают,Критическое
0.59,32.19,31.54,101.06,32.08,1623.91,62.0,Все работают,Оптимальное
20.05,34.59,39.75,170.32,38.96,3448.64,77.0,Все работают,Оптимальное
19.41,51.84,78.07,72.35,80.01,9114.43,121.0,Все работают,Критическое
29.82,21.59,113.49,76.46,1.03,8730.98,237.0,Некоторые остановлены,Критическое с риском отказа
94.16,23.48,101.95,519.9,80.62,8273.33,142.0,Критический сервис остановлен,Критическое с риском отказа
82.7,99.96,118.6,69.51,98.03,3837.26,0.0,Критический сервис остановлен,Критическое с риском отказа
16.58,36.8,21.04,75.9,75.71,8508.7,171.0,Все работают,Хорошее
58.64,42.97,37.67,707.62,70.2,8864.19,94.0,Все работают,Хорошее
3.71,20.59,28.86,533.41,17.11,1092.27,61.0,Все работают,Оптимальное
82.45,78.8,45.02,53.88,73.06,9946.83,170.0,Некоторые остановлены,Критическое
1.01,23.08,49.26,436.27,0.01,6524.59,51.0,Все работают,Оптимальное
37.81,45.32,41.08,54.53,18.1,8455.18,162.0,Все работают,Хорошее
11.25,15.79,24.71,785.4,14.8,2913.79,63.0,Все работают,Оптимальное
36.68,42.8,73.17,615.53,73.25,8627.13,104.0,Все работают,Хорошее
10.32,60.34,25.32,56.28,26.08,4719.02,100.0,Все работают,Хорошее
13.86,13.69,24.56,147.09,8.3,933.54,93.0,Все работают,Оптимальное
26.52,76.21,21.45,521.05,72.2,8684.72,143.0,Некоторые остановлены,Критическое
8.17,51.33,20.29,56.2,17.65,3465.15,85.0,Все работают,Хорошее
81.91,90.49,85.68,56.12,5.59,6793.72,411.0,Все работают,Критическое
25.32,19.96,23.81,89.07,9.32,697.85,73.0,Все работают,Оптимальное
17.69,40.02,27.46,68.6,84.92,8570.9,93.0,Все работают,Хорошее
5.45,4.78,32.36,273.48,25.14,7696.8,58.0,Все работают,Оптимальное
46.97,30.41,77.62,17.96,93.5,8284.86,95.0,Некоторые остановлены,Критическое
5.74,17.76,20.9,666.53,41.75,532.91,78.0,Все работают,Оптимальное
19.61,17.18,36.83,839.28,6.63,7179.77,69.0,Все работают,Оптимальное
34.5,2.75,59.14,61.59,84.46,8448.05,37.0,Все работают,Хорошее
1.73,0.5,26.17,296.42,64.96,807.33,58.0,Все работают,Оптимальное
11.84,23.01,28.67,433.95,17.18,1873.94,38.0,Все работают,Оптимальное
32.58,20.88,88.5,29.4,73.97,8322.35,61.0,Все работают,Критическое
84.42,64.94,42.23,429.81,99.27,8259.59,983.0,Все работают,Критическое с риском отказа
19.5,43.93,47.83,60.92,10.12,7338.29,82.0,Некоторые остановлены,Критическое
28.99,65.27,40.13,927.12,11.29,8535.59,132.0,Все работают,Хорошее
18.55,15.69,31.84,889.38,40.65,1795.78,68.0,Все работают,Оптимальное
18.52,14.79,35.72,555.61,49.95,6242.27,41.0,Все работают,Оптимальное
16.0,58.25,61.54,53.71,71.92,8277.88,50.0,Все работают,Хорошее
85.93,33.69,85.43,37.66,73.14,9674.05,172.0,Некоторые остановлены,Критическое
33.6,30.68,46.17,206.4,75.84,6677.16,64.0,Все работают,Хорошее
0.68,4.24,45.1,233.84,15.11,3199.3,91.0,Все работают,Оптимальное
1.19,45.04,72.18,302.33,13.96,5327.26,69.0,Все работают,Хорошее
25.11,38.64,27.75,328.24,31.9,5498.92,73.0,Все работают,Оптимальное
24.09,80.15,103.11,5.85,60.62,2767.3,443.0,Критический сервис остановлен,Критическое с риском отказа
74.45,86.32,36.31,15.58,34.93,6014.81,444.0,Некоторые остановлены,Критическое
44.7,38.53,69.55,29.78,15.89,8134.31,122.0,Некоторые остановлены,Критическое
13.94,23.61,23.67,725.5,57.14,796.76,70.0,Все работают,Оптимальное
42.45,72.79,82.84,215.59,11.05,2380.67,64.0,Некоторые остановлены,Критическое
13.99,8.72,39.88,741.79,9.07,4438.33,55.0,Все работают,Оптимальное
3.65,50.27,55.37,62.76,83.01,8743.51,78.0,Все работают,Хорошее
95.45,68.18,112.58,942.15,74.1,9780.98,10.0,Некоторые остановлены,Критическое с риском отказа
5.62,28.47,32.95,343.56,19.63,4882.47,32.0,Все работают,Оптимальное
41.85,9.99,38.8,67.93,65.49,5100.23,78.0,Все работают,Хорошее
64.88,95.9,74.99,0.84,98.59,9301.38,577.0,Критический сервис остановлен,Критическое с риском отказа
55.79,68.48,64.51,758.77,30.5,8152.22,59.0,Все работают,Хорошее
29.68,3.19,29.76,968.25,24.32,4209.38,52.0,Все работают,Оптимальное
54.13,93.67,79.43,54.16,91.72,2617.83,41.0,Некоторые остановлены,Критическое
29.3,3.44,39.58,261.08,69.77,3948.95,30.0,Все работают,Оптимальное
6.6,0.0,43.98,677.49,68.0,6413.02,37.0,Все работают,Оптимальное
13.86,23.63,35.26,990.05,20.17,4248.02,54.0,Все работают,Оптимальное
2.82,9.62,34.43,257.43,62.4,859.4,41.0,Все работают,Оптимальное
14.75,2.0,44.42,418.37,11.05,4978.17,36.0,Все работают,Оптимальное
26.53,0.49,27.91,373.08,44.55,4813.25,34.0,Все работают,Оптимальное
14.16,25.5,31.51,75.53,23.84,8046.14,149.0,Все работают,Хорошее
98.63,78.67,46.09,71.29,98.11,6744.9,768.0,Критический сервис остановлен,Критическое с риском отказа
34.49,25.94,39.88,74.61,77.09,8788.69,52.0,Все работают,Хорошее
48.42,40.2,69.44,231.59,34.22,8843.94,197.0,Все работают,Хорошее
18.44,22.76,43.73,393.38,35.26,6792.34,80.0,Все работают,Оптимальное
19.98,12.63,44.79,840.88,67.33,5065.64,36.0,Все работают,Оптимальное
70.11,14.24,86.4,76.52,6.68,6720.25,99.0,Все работают,Критическое
78.55,77.72,102.75,60.24,97.48,7201.84,100.0,Критический сервис остановлен,Критическое с риском отказа
20.07,35.99,24.01,57.48,63.5,8348.95,184.0,Все работают,Хорошее
45.44,41.12,29.97,475.68,78.41,8087.54,35.0,Все работают,Хорошее
13.84,41.45,67.55,26.94,89.63,1532.06,448.0,Некоторые остановлены,Критическое
29.27,4.13,48.98,756.93,50.94,1392.74,74.0,Все работают,Оптимальное
31.53,8.38,53.2,59.84,87.88,928.71,158.0,Некоторые остановлены,Критическое
26.3,22.59,42.67,291.02,65.35,2493.75,62.0,Все работают,Оптимальное
32.61,74.49,95.54,66.23,76.73,8942.05,31.0,Некоторые остановлены,Критическое
14.4,19.3,37.81,123.63,34.48,407.18,32.0,Все работают,Оптимальное
70.71,45.76,103.97,78.35,97.49,9748.91,369.0,Некоторые остановлены,Критическое с риском отказа
23.12,27.47,32.65,669.17,25.3,5192.34,92.0,Все работают,Оптимальное
38.61,26.48,36.55,68.61,37.51,8019.1,82.0,Все работают,Хорошее
53.37,53.66,57.7,60.23,31.94,8646.82,137.0,Все работают,Хорошее
57.31,50.34,94.11,909.07,89.92,5510.08,466.0,Все работают,Критическое
12.91,17.37,36.07,99.39,62.58,1948.41,54.0,Все работают,Оптимальное
12.43,32.09,27.84,95.33,47.04,2593.4,71.0,Все работают,Оптимальное
0.76,16.44,39.56,970.69,68.84,3733.3,37.0,Все работают,Оптимальное
20.11,22.2,67.81,53.4,60.7,2218.34,147.0,Все работают,Хорошее
36.64,31.59,46.26,97.25,81.2,8089.93,131.0,Все работают,Хорошее
3.41,37.46,27.48,243.16,30.96,7420.69,69.0,Все работают,Оптимальное
11.1,61.45,74.8,425.48,77.08,8136.67,63.0,Все работают,Хорошее
28.73,23.17,37.85,733.2,13.36,5834.14,53.0,Все работают,Оптимальное
7.86,58.54,70.66,569.9,79.12,245.72,77.0,Все работают,Хорошее
31.96,62.9,88.83,369.52,88.62,2594.44,431.0,Все работают,Критическое
88.04,70.62,117.15,2.31,98.84,9173.08,741.0,Некоторые остановлены,Критическое с риском отказа
84.1,37.08,88.11,79.66,80.08,8412.91,463.0,Все работают,Критическое
54.8,46.55,64.73,623.52,99.05,9491.45,427.0,Все работают,Критическое с риском отказа
30.59,50.77,52.58,655.95,99.3,8207.4,8.0,Все работают,Критическое с риском отказа
55.26,91.65,87.42,37.74,94.17,9062.31,282.0,Все работают,Критическое
35.91,44.25,27.45,74.98,81.09,5207.86,113.0,Все работают,Хорошее
40.84,93.96,82.83,966.86,77.4,9632.94,174.0,Некоторые остановлены,Критическое
99.91,96.34,91.62,8.54,99.47,9006.4,708.0,Некоторые остановлены,Критическое с риском отказа
29.21,75.74,65.29,29.57,98.71,6685.2,165.0,Критический сервис остановлен,Критическое с риском отказа
24.62,14.26,22.54,711.05,8.55,2460.26,59.0,Все работают,Оптимальное
28.16,3.28,23.25,412.59,29.72,5606.16,86.0,Все работают,Оптимальное
17.69,57.38,51.03,51.72,70.66,3347.62,125.0,Все работают,Хорошее
21.85,9.7,46.85,501.31,2.62,5006.3,31.0,Все работают,Оптимальное
15.86,0.19,25.37,939.59,18.81,2176.47,43.0,Все работают,Оптимальное
1.43,11.72,33.7,604.53,28.64,3616.62,89.0,Все работают,Оптимальное
7.35,7.38,28.36,470.58,53.65,5680.85,63.0,Все работают,Оптимальное
57.15,6.97,61.42,69.69,79.85,8051.59,136.0,Все работают,Хорошее
25.89,19.15,24.08,156.33,68.49,3460.54,61.0,Все работают,Оптимальное
41.17,48.41,36.61,50.17,73.98,8403.38,134.0,Все работают,Хорошее
50.79,86.84,42.78,39.44,76.41,2011.77,440.0,Все работают,Критическое
30.68,60.18,36.01,289.38,70.7,8070.32,176.0,Все работают,Хорошее
60.38,88.91,83.25,76.64,72.7,9464.27,161.0,Все работают,Критическое
27.65,29.07,34.46,501.47,35.88,1626.97,89.0,Все работают,Оптимальное
16.23,62.57,57.36,57.46,76.7,8241.34,150.0,Все работают,Хорошее
99.13,15.04,109.0,738.83,75.54,8980.62,199.0,Все работают,Критическое с риском отказа
13.89,18.73,22.14,570.48,56.42,2181.15,72.0,Все работают,Оптимальное
5.45,32.7,46.77,869.47,11.18,630.99,51.0,Все работают,Оптимальное
8.62,59.66,51.19,311.1,82.03,8492.61,125.0,Все работают,Хорошее
12.54,12.3,44.87,475.65,23.06,1615.02,68.0,Все работают,Оптимальное
16.93,28.57,66.23,604.38,84.71,8531.55,111.0,Все работают,Хорошее
6.86,28.18,35.92,408.25,6.6,2241.23,83.0,Все работают,Оптимальное
10.26,5.92,24.7,167.34,8.55,1161.34,85.0,Все работают,Оптимальное
39.26,4.51,33.38,56.02,76.85,417.33,94.0,Все работают,Хорошее
86.91,69.0,68.76,399.59,87.99,6786.61,88.0,Некоторые остановлены,Критическое
12.13,19.1,33.58,392.3,41.7,7627.37,99.0,Все работают,Оптимальное
5.67,91.77,34.2,726.43,95.28,526.03,56.0,Некоторые остановлены,Критическое
28.19,64.59,98.27,77.29,65.19,8870.71,475.0,Все работают,Критическое
94.47,96.35,27.51,7.69,99.07,9397.02,179.0,Все работают,Критическое с риском отказа
19.82,57.86,28.29,935.13,71.27,8166.99,102.0,Все работают,Хорошее
92.9,90.89,105.3,16.32,98.68,9231.64,143.0,Все работают,Критическое с риском отказа
15.95,14.48,37.29,946.59,33.65,7534.16,92.0,Все работают,Оптимальное
20.57,19.01,36.98,209.16,35.56,5351.0,55.0,Все работают,Оптимальное
56.35,56.7,42.99,30.68,81.57,8848.52,73.0,Некоторые остановлены,Критическое
11.91,83.0,88.46,909.31,36.37,8232.43,323.0,Все работают,Критическое
38.59,11.35,48.89,76.06,80.19,8230.24,162.0,Все работают,Хорошее
79.22,31.4,94.42,69.44,89.27,9614.75,267.0,Все работают,Критическое
99.32,47.88,33.94,2.67,92.83,266.08,6.0,Все работают,Критическое с риском отказа
26.22,31.77,42.2,600.07,15.64,4721.59,96.0,Все работают,Оптимальное
37.98,42.65,24.41,58.25,26.6,8993.78,99.0,Все работают,Хорошее
19.85,59.65,27.23,78.81,26.53,8042.62,110.0,Все работают,Хорошее
75.0,44.31,45.76,62.92,60.43,9847.21,161.0,Некоторые остановлены,Критическое
50.8,0.96,59.28,62.32,84.88,1724.0,181.0,Все работают,Хорошее
48.56,12.19,69.95,76.85,80.41,8592.57,130.0,Все работают,Хорошее
58.02,51.32,25.16,54.9,72.26,8442.27,83.0,Все работают,Хорошее
12.17,16.45,38.68,315.62,36.34,1673.91,55.0,Все работают,Оптимальное
17.75,75.86,36.36,12.13,79.99,9086.67,57.0,Все работают,Критическое
30.84,90.33,72.23,79.17,83.56,7386.03,366.0,Все работают,Критическое
4.2,9.81,40.55,193.89,67.43,419.86,45.0,Все работают,Оптимальное
7.33,5.46,71.68,642.26,73.16,8611.01,70.0,Все работают,Хорошее
96.59,97.39,67.6,655.87,90.05,1649.79,593.0,Критический сервис остановлен,Критическое с риском отказа
19.5,36.08,24.64,857.84,45.02,3949.82,53.0,Все работают,Оптимальное
0.83,24.9,36.67,831.68,57.32,4203.89,54.0,Все работают,Оптимальное
15.84,1.57,29.69,947.92,55.45,3280.88,50.0,Все работают,Оптимальное
64.72,15.74,55.83,515.42,70.42,1875.76,335.0,Все работают,Критическое
80.09,97.83,104.68,19.48,25.17,8649.64,542.0,Все работают,Критическое с риском отказа
5.46,37.56,36.31,633.96,11.3,81.95,77.0,Все работают,Оптимальное
13.61,23.66,28.05,645.25,43.63,2425.01,56.0,Все работают,Оптимальное
7.82,15.97,49.0,401.96,1.22,6606.17,44.0,Все работают,Оптимальное
25.87,20.92,31.83,235.18,23.64,7523.21,96.0,Все работают,Оптимальное
23.86,36.77,77.55,11.5,89.5,5476.88,166.0,Все работают,Критическое
65.03,33.2,90.73,68.4,4.41,9891.55,151.0,Все работают,Критическое
65.13,7.16,63.16,43.48,83.87,6667.03,285.0,Все работают,Критическое
21.56,39.28,44.27,345.79,67.23,3217.61,61.0,Все работают,Оптимальное
65.42,76.47,82.63,51.78,78.32,8776.38,158.0,Некоторые остановлены,Критическое
14.76,22.53,40.5,480.78,41.39,28.59,31.0,Все работают,Оптимальное
91.76,79.42,108.66,4.67,32.1,5994.72,146.0,Критический сервис остановлен,Критическое с риском отказа
3.96,32.79,29.45,819.87,54.59,5322.84,39.0,Все работают,Оптимальное
19.07,6.0,22.22,498.84,7.55,2860.27,82.0,Все работают,Оптимальное
10.28,68.09,37.81,53.73,20.53,8723.66,184.0,Все работают,Хорошее
26.02,67.78,55.16,60.79,77.69,3881.8,133.0,Все работают,Хорошее
55.97,53.74,88.94,30.51,93.46,8227.31,122.0,Некоторые остановлены,Критическое
31.05,58.35,68.87,906.8,79.8,8339.49,51.0,Все работают,Хорошее
4.89,69.98,83.33,880.05,51.36,8376.13,155.0,Некоторые остановлены,Критическое
49.77,20.44,58.84,69.84,17.87,8137.04,158.0,Все работают,Хорошее
99.05,98.23,68.16,59.34,91.97,483.2,472.0,Все работают,Критическое с риском отказа
28.75,20.91,26.58,662.57,55.62,3257.29,42.0,Все работают,Оптимальное
13.86,56.39,61.8,60.63,31.99,8097.57,182.0,Все работают,Хорошее
21.52,33.26,47.57,517.96,60.04,4351.2,42.0,Все работают,Оптимальное
9.9,6.37,28.45,356.2,30.73,7297.45,100.0,Все работают,Оптимальное
0.06,10.34,46.88,304.94,52.93,4298.51,36.0,Все работают,Оптимальное
11.38,4.33,24.47,459.29,50.36,3397.22,88.0,Все работают,Оптимальное
10.31,25.16,36.8,306.31,13.07,573.36,43.0,Все работают,Оптимальное
65.6,78.47,23.55,28.1,89.76,2078.31,212.0,Все работают,Критическое
18.21,15.97,33.46,125.34,69.49,5644.01,39.0,Все работают,Оптимальное
23.51,48.32,46.32,56.17,73.48,8802.24,182.0,Все работают,Хорошее
14.44,14.96,23.96,166.19,5.95,2771.69,56.0,Все работают,Оптимальное
26.85,4.23,35.6,666.83,23.5,1514.03,97.0,Все работают,Оптимальное
58.5,49.45,28.78,736.46,75.95,8797.91,196.0,Все работают,Хорошее
28.37,3.65,23.26,485.93,66.03,7222.05,67.0,Все работают,Оптимальное
15.14,18.29,33.86,607.59,63.73,496.43,57.0,Все работают,Оптимальное
22.52,15.54,26.0,275.04,21.16,7947.18,44.0,Все работают,Оптимальное
87.89,76.28,95.94,15.0,70.39,8867.45,130.0,Все работают,Критическое
15.32,29.47,40.21,143.33,51.4,7927.86,48.0,Все работают,Оптимальное
29.71,26.85,48.31,708.78,4.25,2193.1,75.0,Все работают,Оптимальное
7.7,21.91,35.07,619.86,25.19,6829.43,78.0,Все работают,Оптимальное
0.15,33.75,44.55,694.09,62.02,3165.59,81.0,Все работают,Оптимальное
36.75,30.93,59.05,721.85,75.64,194.58,38.0,Все работают,Хорошее
3.91,28.56,48.71,365.73,67.15,5356.94,64.0,Все работают,Оптимальное
28.66,96.44,67.0,6.73,92.28,3249.69,40.0,Критический сервис остановлен,Критическое с риском отказа
0.39,0.55,38.78,268.33,12.97,3626.12,35.0,Все работают,Оптимальное
44.74,12.49,21.5,165.55,75.25,2558.24,186.0,Все работают,Хорошее
86.62,36.11,82.03,828.6,90.39,2271.19,195.0,Все работают,Критическое
21.22,10.29,27.14,612.91,16.85,6575.11,69.0,Все работают,Оптимальное
12.41,6.2,37.46,973.1,55.52,5042.44,61.0,Все работают,Оптимальное
68.8,65.39,46.61,12.03,84.48,9946.24,289.0,Все работают,Критическое
30.49,63.18,57.57,678.6,72.36,8024.72,149.0,Все работают,Хорошее
59.19,46.86,80.52,4.85,75.57,9762.19,116.0,Все работают,Критическое с риском отказа
45.76,19.63,27.99,68.26,2.22,5779.97,89.0,Все работают,Хорошее
11.54,10.17,50.62,57.67,80.5,7942.49,180.0,Все работают,Хорошее
61.53,84.39,43.39,60.3,96.72,8288.37,225.0,Все работают,Критическое
80.74,79.86,95.43,63.61,30.14,8919.28,155.0,Некоторые остановлены,Критическое
37.26,45.82,22.31,50.71,50.92,8583.88,111.0,Все работают,Хорошее
9.23,1.36,31.1,983.64,36.21,2628.12,70.0,Все работают,Оптимальное
73.92,42.41,73.15,739.95,7.19,3410.61,177.0,Критический сервис остановлен,Критическое с риском отказа
97.99,44.08,50.66,22.5,99.99,8752.77,88.0,Все работают,Критическое с риском отказа
5.3,12.92,38.87,407.38,50.4,7261.77,74.0,Все работают,Оптимальное
35.97,54.91,43.78,58.89,55.48,8802.05,46.0,Все работают,Хорошее
55.51,36.35,54.24,79.38,77.13,3024.33,182.0,Все работают,Хорошее
34.59,48.88,41.3,69.52,73.26,1837.42,100.0,Все работают,Хорошее
4.98,30.62,45.7,314.54,42.09,6162.73,48.0,Все работают,Оптимальное
1.14,15.81,41.94,223.52,18.36,1123.18,93.0,Все работают,Оптимальное
0.18,25.79,93.92,67.79,99.16,9244.59,483.0,Критический сервис остановлен,Критическое с риском отказа
69.87,54.47,50.57,46.5,80.82,9871.57,296.0,Критический сервис остановлен,Критическое с риском отказа
54.79,45.76,52.79,710.96,78.19,8522.33,65.0,Все работают,Хорошее
11.02,33.7,45.9,172.56,50.5,1568.11,75.0,Все работают,Оптимальное
38.86,62.78,20.32,59.18,71.16,1683.61,233.0,Некоторые остановлены,Критическое
6.95,0.18,42.0,295.32,66.2,807.29,85.0,Все работают,Оптимальное
7.94,27.6,42.9,999.08,35.77,1142.1,52.0,Все работают,Оптимальное
12.21,5.51,23.79,902.34,62.69,401.31,45.0,Все работают,Оптимальное
4.63,28.63,38.51,235.46,66.59,4870.7,87.0,Все работают,Оптимальное
25.77,53.02,37.82,304.62,79.89,8830.37,120.0,Все работают,Хорошее
6.44,35.52,48.01,751.34,62.84,6806.96,94.0,Все работают,Оптимальное
2.44,30.82,92.56,57.98,39.38,2464.73,142.0,Все работают,Критическое
6.47,89.54,31.08,37.27,76.48,1083.07,177.0,Все работают,Критическое
45.13,43.65,103.42,31.18,95.63,5668.44,586.0,Критический сервис остановлен,Критическое с риском отказа
39.66,98.5,73.74,3.07,19.23,9853.2,123.0,Все работают,Критическое с риском отказа
20.28,3.18,27.62,323.74,49.14,5911.88,89.0,Все работают,Оптимальное
95.91,40.07,108.57,5.6,59.96,3486.94,981.0,Критический сервис остановлен,Критическое с риском отказа
59.82,12.1,41.54,66.9,78.37,8157.3,164.0,Все работают,Хорошее
44.47,2.64,30.84,225.62,74.42,3079.31,58.0,Все работают,Хорошее
2.53,14.67,32.74,748.25,26.91,6771.07,37.0,Все работают,Оптимальное
21.38,10.41,35.63,349.9,61.03,6195.1,56.0,Все работают,Оптимальное
11.22,7.58,45.56,595.82,40.26,3129.86,30.0,Все работают,Оптимальное
14.72,30.18,28.84,165.29,3.43,2100.1,89.0,Все работают,Оптимальное
14.45,42.41,87.86,72.06,66.26,5084.41,58.0,Все работают,Критическое
53.51,51.13,54.57,73.24,49.04,7497.95,65.0,Все работают,Хорошее
74.28,42.26,81.99,72.16,77.66,9600.81,39.0,Все работают,Критическое
55.85,35.06,69.73,77.35,84.46,6985.16,161.0,Все работают,Хорошее
92.49,31.35,61.13,18.33,24.96,2860.73,67.0,Все работают,Критическое с риском отказа
5.32,15.73,45.54,715.71,31.23,3173.92,82.0,Все работают,Оптимальное
89.93,75.05,20.41,52.29,91.61,8828.12,421.0,Некоторые остановлены,Критическое
42.87,28.26,66.28,50.66,84.98,8363.18,100.0,Все работают,Хорошее
31.64,52.59,31.6,93.48,84.49,8292.96,136.0,Все работают,Хорошее
15.28,56.52,30.57,35.21,81.97,9093.89,52.0,Все работают,Критическое
85.34,44.94,43.67,24.15,98.14,5396.91,82.0,Некоторые остановлены,Критическое с риском отказа
27.4,4.44,32.39,82.13,43.37,509.43,93.0,Все работают,Оптимальное
47.13,32.03,61.92,123.71,8.62,5279.48,162.0,Все работают,Хорошее
7.46,29.41,25.91,418.12,17.49,558.41,62.0,Все работают,Оптимальное
97.75,10.49,49.12,7.57,99.49,2015.75,566.0,Все работают,Критическое с риском отказа
19.66,46.62,36.38,10.84,81.29,7524.74,296.0,Все работают,Критическое
6.38,21.57,37.78,960.09,41.11,5632.05,53.0,Все работают,Оптимальное
12.65,5.82,47.45,122.41,56.46,5057.27,78.0,Все работают,Оптимальное
46.23,65.53,29.91,59.56,34.82,8540.69,61.0,Все работают,Хорошее
35.6,60.11,56.18,56.79,77.57,8120.86,122.0,Все работают,Хорошее
6.46,76.18,82.45,808.66,92.25,9605.25,163.0,Все работают,Критическое
6.23,60.22,46.89,78.16,79.08,2294.88,105.0,Все работают,Хорошее
14.15,1.08,25.15,318.53,24.99,6080.57,96.0,Все работают,Оптимальное
44.14,18.15,114.89,66.75,76.44,8966.36,82.0,Некоторые остановлены,Критическое с риском отказа
29.45,33.32,74.93,74.99,80.94,4908.81,94.0,Все работают,Хорошее
0.07,65.51,36.94,67.08,70.46,2738.14,105.0,Все работают,Хорошее
33.1,84.89,20.5,46.78,90.82,8045.73,439.0,Все работают,Критическое
63.96,72.09,82.86,18.26,86.61,9795.38,94.0,Некоторые остановлены,Критическое
81.14,59.57,61.99,58.24,62.47,9277.08,163.0,Все работают,Критическое
44.77,59.05,71.86,33.77,86.54,9624.26,205.0,Все работают,Критическое
3.79,34.99,20.57,585.41,22.4,5348.58,87.0,Все работают,Оптимальное
16.07,12.54,33.41,72.13,73.66,3261.2,167.0,Все работают,Хорошее
48.0,23.53,65.28,136.86,74.85,8394.06,60.0,Все работают,Хорошее
28.28,12.91,41.99,142.0,48.35,4696.06,60.0,Все работают,Оптимальное
55.68,79.99,31.19,10.36,19.75,9181.66,225.0,Все работают,Критическое
34.51,3.42,67.25,38.12,96.05,9976.3,44.0,Все работают,Критическое
39.05,7.86,23.26,963.86,73.63,3237.17,37.0,Все работают,Хорошее
5.31,20.14,49.88,943.05,17.45,4994.36,76.0,Все работают,Оптимальное
41.51,96.05,118.25,3.97,83.45,9179.96,163.0,Все работают,Критическое с риском отказа
21.22,12.08,46.96,126.91,59.23,4792.24,64.0,Все работают,Оптимальное
22.67,24.43,33.07,700.14,32.58,7822.3,34.0,Все работают,Оптимальное
9.78,25.12,70.35,780.5,83.68,8716.24,164.0,Все работают,Хорошее
11.05,85.74,38.36,73.78,92.51,8781.6,364.0,Некоторые остановлены,Критическое
65.2,79.32,48.76,77.69,8.1,4303.23,323.0,Все работают,Критическое
13.87,26.23,69.42,220.64,7.32,8539.45,196.0,Все работают,Хорошее
54.37,10.75,74.38,76.73,80.44,8214.85,178.0,Все работают,Хорошее
72.14,90.92,29.74,25.64,85.34,4128.15,195.0,Все работают,Критическое
32.35,5.58,48.19,961.28,7.92,6274.8,119.0,Все работают,Хорошее
31.08,64.13,48.76,73.37,83.64,7121.4,112.0,Все работают,Хорошее
2.17,29.78,24.26,362.78,57.49,2982.71,47.0,Все работают,Оптимальное
49.11,73.57,64.86,18.59,58.37,341.37,262.0,Некоторые остановлены,Критическое
64.19,98.9,76.56,4.92,98.14,9992.11,40.0,Все работают,Критическое с риском отказа
40.56,67.48,52.76,65.54,22.06,1743.04,179.0,Все работают,Хорошее
15.48,7.44,33.79,800.81,53.59,2822.15,68.0,Все работают,Оптимальное
21.4,28.3,62.04,945.0,98.54,8411.11,270.0,Некоторые остановлены,Критическое с риском отказа
4.5,11.07,28.34,60.46,38.1,2105.38,169.0,Все работают,Хорошее
76.44,89.88,30.61,482.55,88.07,2675.34,424.0,Все работают,Критическое
17.84,11.7,39.23,200.86,17.15,624.81,90.0,Все работают,Оптимальное
21.33,11.87,43.42,412.59,39.94,5159.05,99.0,Все работают,Оптимальное
52.9,99.63,102.49,75.36,99.03,8105.05,69.0,Критический сервис остановлен,Критическое с риском отказа
17.48,23.56,25.9,734.46,62.71,258.46,39.0,Все работают,Оптимальное
42.79,53.23,58.15,485.94,64.11,5915.91,65.0,Все работают,Хорошее
18.98,51.96,31.81,36.08,24.83,5988.69,59.0,Некоторые остановлены,Критическое
4.38,5.76,25.78,621.42,32.69,5909.66,48.0,Все работают,Оптимальное
7.8,10.76,26.93,942.69,59.16,1879.06,42.0,Все работают,Оптимальное
50.68,45.6,43.92,706.67,3.18,8821.28,44.0,Все работают,Хорошее
47.28,34.04,57.33,661.29,52.37,1403.61,142.0,Все работают,Хорошее
31.08,56.43,87.75,18.96,18.77,8703.76,119.0,Все работают,Критическое
3.64,6.54,34.09,183.18,63.92,6750.15,97.0,Все работают,Оптимальное
11.23,70.83,57.53,57.48,90.59,2496.69,308.0,Некоторые остановлены,Критическое
53.14,90.75,59.04,16.47,88.57,5578.69,756.0,Все работают,Критическое с риском отказа
78.01,29.05,76.23,26.24,80.91,6666.72,100.0,Все работают,Критическое
2.32,44.75,22.29,6.52,98.81,8499.39,784.0,Некоторые остановлены,Критическое с риском отказа
91.75,98.14,36.48,7.7,99.18,5420.9,10.0,Все работают,Критическое с риском отказа
73.03,90.32,92.51,37.21,72.05,266.57,378.0,Все работают,Критическое
10.67,66.21,43.23,65.06,97.28,4107.47,262.0,Некоторые остановлены,Критическое
5.18,51.7,106.28,530.36,55.03,9148.65,690.0,Все работают,Критическое с риском отказа
30.33,29.6,50.67,55.03,82.44,8960.9,189.0,Все работают,Хорошее
60.24,75.91,91.92,951.18,87.45,8906.72,271.0,Все работают,Критическое
14.08,69.37,68.29,671.45,78.3,8270.55,108.0,Все работают,Хорошее
5.2,78.98,109.81,463.07,98.78,8024.83,5.0,Некоторые остановлены,Критическое с риском отказа
11.64,16.89,70.03,52.37,75.73,5739.25,192.0,Все работают,Хорошее
22.05,30.06,46.23,123.47,0.37,4498.26,96.0,Все работают,Оптимальное
18.81,35.63,20.17,217.45,30.51,5905.14,78.0,Все работают,Оптимальное
27.39,21.69,34.21,699.57,45.11,6326.45,71.0,Все работают,Оптимальное
20.24,90.58,81.3,62.55,99.01,2803.45,2.0,Все работают,Критическое с риском отказа
29.88,6.94,36.95,682.42,49.74,3317.83,68.0,Все работают,Оптимальное
22.2,57.28,35.69,77.58,38.02,129.82,36.0,Все работают,Хорошее
50.64,90.51,93.99,76.67,80.7,9457.31,88.0,Все работают,Критическое
1.88,21.37,33.67,419.94,69.73,4783.9,54.0,Все работают,Оптимальное
6.28,7.87,30.85,147.84,42.51,3187.48,83.0,Все работают,Оптимальное
84.3,25.31,97.85,65.86,94.1,5374.64,67.0,Некоторые остановлены,Критическое
43.27,28.71,78.77,57.91,92.79,3839.34,118.0,Некоторые остановлены,Критическое
21.85,6.08,38.47,338.06,28.97,1754.39,99.0,Все работают,Оптимальное
35.66,99.97,44.93,94.75,78.77,989.57,8.0,Все работают,Критическое с риском отказа
56.97,64.98,58.41,453.92,17.73,1747.8,79.0,Все работают,Хорошее
20.3,64.45,75.43,602.12,97.15,8381.02,123.0,Некоторые остановлены,Критическое
1.34,22.01,27.49,969.39,60.52,2421.37,50.0,Все работают,Оптимальное
0.17,95.11,31.94,43.39,77.91,9845.82,153.0,Все работают,Критическое с риском отказа
90.63,64.88,39.58,5.37,99.28,9341.89,131.0,Все работают,Критическое с риском отказа
48.85,67.86,29.69,737.29,83.13,5453.17,68.0,Все работают,Хорошее
47.17,68.58,78.52,45.62,96.76,9959.97,853.0,Критический сервис остановлен,Критическое с риском отказа
22.03,89.8,33.04,43.21,91.55,9489.59,136.0,Все работают,Критическое
23.29,38.76,43.48,547.88,14.39,7386.63,38.0,Все работают,Оптимальное
21.61,18.53,36.86,863.88,69.54,6128.15,91.0,Все работают,Оптимальное
13.95,19.54,32.41,875.56,6.35,6128.55,73.0,Все работают,Оптимальное
21.64,60.7,32.56,349.16,77.1,1400.79,32.0,Все работают,Хорошее
8.18,24.51,40.65,844.31,15.68,1794.59,62.0,Все работают,Оптимальное
5.46,22.91,25.32,795.48,62.52,2307.91,94.0,Все работают,Оптимальное
37.06,58.43,44.43,821.82,60.99,8072.86,200.0,Все работают,Хорошее
6.53,13.89,27.65,261.18,29.61,5831.97,61.0,Все работают,Оптимальное
9.46,39.82,24.26,485.61,58.44,3404.76,74.0,Все работают,Оптимальное
19.12,63.69,27.64,880.49,71.72,8721.47,99.0,Все работают,Хорошее
30.14,21.12,54.79,74.58,71.64,1855.24,49.0,Все работают,Хорошее
80.99,47.48,35.66,3.43,98.57,8503.65,990.0,Все работают,Критическое с риском отказа
63.58,41.76,53.63,73.04,87.18,5664.4,100.0,Некоторые остановлены,Критическое
36.63,69.72,52.71,71.21,73.38,3306.96,167.0,Все работают,Хорошее
76.49,38.2,21.13,34.68,1.46,5239.81,146.0,Все работают,Критическое
50.01,39.01,62.17,64.39,77.39,77.56,181.0,Все работают,Хорошее
15.37,21.9,49.2,993.26,25.09,586.63,58.0,Все работают,Оптимальное
26.45,13.77,39.33,270.39,46.41,6532.04,33.0,Все работают,Оптимальное
63.05,79.05,94.15,12.28,93.88,8222.51,69.0,Все работают,Критическое
6.03,24.94,41.24,785.19,25.84,779.67,84.0,Все работают,Оптимальное
43.13,55.05,39.05,400.57,9.87,8820.83,50.0,Все работают,Хорошее
55.21,49.46,34.93,532.09,70.87,7995.83,178.0,Все работают,Хорошее
27.55,22.05,31.78,898.97,8.83,2284.48,66.0,Все работают,Оптимальное
27.46,18.87,28.25,568.53,61.12,3254.13,66.0,Все работают,Оптимальное
21.82,1.4,23.82,631.09,7.61,3483.34,56.0,Все работают,Оптимальное
33.26,76.15,68.69,922.45,57.86,4456.9,151.0,Все работают,Критическое
18.28,39.58,37.31,652.01,66.31,7679.27,91.0,Все работают,Оптимальное
1.33,4.68,41.43,500.57,52.15,5717.18,80.0,Все работают,Оптимальное
18.28,26.02,21.02,607.83,67.95,132.34,33.0,Все работают,Оптимальное
35.54,54.65,23.24,74.18,79.89,8183.77,117.0,Все работают,Хорошее
53.17,95.03,62.33,44.55,75.04,9927.92,201.0,Критический сервис остановлен,Критическое с риском отказа
7.12,25.34,28.38,377.13,60.59,774.53,39.0,Все работают,Оптимальное
12.13,69.21,44.47,53.54,78.37,8845.52,156.0,Все работают,Хорошее
25.68,54.47,44.2,582.23,84.47,8948.81,36.0,Все работают,Хорошее
41.96,48.79,72.17,9.0,87.53,8272.84,470.0,Некоторые остановлены,Критическое с риском отказа
27.88,38.25,31.63,324.24,32.24,7956.33,31.0,Все работают,Оптимальное
36.78,4.4,56.94,76.44,75.64,4367.46,97.0,Все работают,Хорошее
2.85,0.86,36.05,316.18,37.25,473.91,44.0,Все работают,Оптимальное
39.16,23.59,20.86,905.92,86.96,4653.34,415.0,Все работают,Критическое
41.54,29.52,86.2,544.63,11.81,9117.87,182.0,Некоторые остановлены,Критическое
53.9,66.79,36.56,670.0,74.85,8930.64,142.0,Все работают,Хорошее
89.21,0.78,89.14,75.77,70.51,8890.61,162.0,Некоторые остановлены,Критическое
36.87,62.0,72.95,303.36,53.74,4051.0,119.0,Все работают,Хорошее
3.23,25.83,42.13,168.77,10.59,6464.36,57.0,Все работают,Оптимальное
29.81,14.8,35.97,884.88,59.89,3023.83,84.0,Все работают,Оптимальное
34.3,31.74,52.84,324.11,80.15,8302.63,125.0,Все работают,Хорошее
15.83,61.96,52.08,345.59,78.78,5388.91,78.0,Все работают,Хорошее
27.47,14.03,68.29,68.88,32.37,2142.66,129.0,Все работают,Хорошее
36.56,9.03,73.67,342.28,45.85,8481.46,91.0,Все работают,Хорошее
36.71,40.28,69.37,50.13,80.08,5131.61,43.0,Все работают,Хорошее
17.82,28.68,44.55,99.91,64.52,7873.63,96.0,Все работают,Оптимальное
23.92,99.44,111.96,27.89,99.26,5607.6,6.0,Некоторые остановлены,Критическое с риском отказа
27.54,69.25,95.03,32.05,25.59,9930.29,188.0,Некоторые остановлены,Критическое
71.5,32.07,26.99,51.69,99.71,5414.8,141.0,Все работают,Критическое с риском отказа
48.84,7.77,94.49,71.34,78.17,9977.48,116.0,Некоторые остановлены,Критическое
21.0,47.42,81.74,22.33,90.61,9607.0,303.0,Все работают,Критическое
24.46,16.35,34.46,694.7,35.9,6965.5,64.0,Все работают,Оптимальное
83.43,51.44,37.8,51.81,73.72,9930.23,490.0,Некоторые остановлены,Критическое
5.97,7.9,36.27,473.47,15.82,2952.55,84.0,Все работают,Оптимальное
25.01,99.37,84.06,49.1,86.56,7271.29,741.0,Критический сервис остановлен,Критическое с риском отказа
35.17,3.26,56.04,79.17,82.77,8841.18,176.0,Все работают,Хорошее
54.33,65.13,39.34,53.03,74.5,8862.68,92.0,Все работают,Хорошее
9.54,32.89,28.38,914.29,66.28,1755.17,97.0,Все работают,Оптимальное
39.02,65.75,49.81,858.07,92.05,8086.08,68.0,Некоторые остановлены,Критическое
67.59,23.98,39.63,416.34,74.96,8586.8,151.0,Некоторые остановлены,Критическое
75.35,62.47,31.26,53.96,87.04,7822.54,90.0,Все работают,Критическое
26.18,35.68,28.25,307.62,35.95,4474.59,90.0,Все работают,Оптимальное
35.98,33.23,53.09,53.22,30.45,7657.21,53.0,Все работают,Хорошее
26.7,7.15,29.26,572.03,57.97,1842.46,45.0,Все работают,Оптимальное
48.93,42.74,62.11,51.2,77.66,7527.85,127.0,Все работают,Хорошее
11.68,4.13,27.49,132.45,19.82,3217.93,30.0,Все работают,Оптимальное
76.97,50.38,69.14,335.46,87.11,9382.44,249.0,Все работают,Критическое
59.35,66.34,63.97,255.54,26.3,2640.28,124.0,Все работают,Хорошее
35.91,54.87,69.03,69.33,49.17,8525.08,67.0,Все работают,Хорошее
13.27,53.61,57.4,66.06,81.89,8259.93,114.0,Все работают,Хорошее
56.55,3.71,58.17,36.5,5.37,4245.4,87.0,Все работают,Критическое
11.06,32.78,27.67,887.89,14.26,3086.54,54.0,Все работают,Оптимальное
58.23,50.92,28.84,65.25,73.7,7830.67,196.0,Все работают,Хорошее
77.35,79.76,85.08,34.19,92.01,7499.74,96.0,Все работают,Критическое
56.02,80.02,30.87,35.93,71.88,9415.63,433.0,Критический сервис остановлен,Критическое с риском отказа
54.18,21.3,30.08,55.81,71.39,4729.49,183.0,Все работают,Хорошее
2.69,58.19,52.57,420.98,60.87,706.08,164.0,Все работают,Хорошее
28.58,24.16,65.62,308.1,58.73,9245.4,826.0,Все работают,Критическое с риском отказа
11.53,13.25,48.32,667.27,15.57,7513.87,84.0,Все работают,Оптимальное
2.04,11.23,66.26,571.99,57.45,4311.58,114.0,Некоторые остановлены,Критическое
28.29,38.31,35.41,915.76,73.22,1817.47,101.0,Все работают,Хорошее
6.28,66.18,45.85,68.76,82.75,5372.13,147.0,Все работают,Хорошее
80.9,96.93,108.05,10.83,98.77,5907.81,103.0,Некоторые остановлены,Критическое с риском отказа
20.53,39.26,90.37,6.18,6.76,9000.26,5.0,Все работают,Критическое с риском отказа
0.2,26.25,28.44,359.18,4.87,5831.8,70.0,Все работают,Оптимальное
3.72,41.6,42.65,273.93,66.77,3531.66,83.0,Все работают,Хорошее
15.05,4.91,67.36,79.6,39.91,3013.68,75.0,Все работают,Хорошее
8.37,22.41,34.92,655.1,64.14,1130.84,55.0,Все работают,Оптимальное
40.84,55.92,61.35,71.85,75.35,8300.72,30.0,Все работают,Хорошее
21.24,24.1,34.36,331.2,61.41,773.05,81.0,Все работают,Оптимальное
54.37,98.11,101.74,3.26,95.38,9876.98,124.0,Все работают,Критическое с риском отказа
7.79,22.04,37.2,392.16,48.55,6334.58,70.0,Все работают,Оптимальное
26.28,13.48,84.16,0.37,98.29,8531.28,252.0,Все работают,Критическое с риском отказа
12.06,27.09,27.74,682.14,41.03,3492.0,81.0,Все работают,Оптимальное
9.68,50.51,50.24,69.78,74.28,5438.87,44.0,Все работают,Хорошее
55.0,26.37,22.71,68.36,12.7,8935.48,166.0,Все работают,Хорошее
36.5,25.09,36.12,224.14,4.76,8850.52,199.0,Все работают,Хорошее
31.62,73.64,64.34,72.46,88.5,5280.32,85.0,Некоторые остановлены,Критическое
57.4,56.93,70.47,63.55,84.3,985.43,132.0,Все работают,Хорошее
15.15,11.24,41.9,131.19,55.75,1317.31,98.0,Все работают,Оптимальное
5.26,14.14,47.7,811.39,61.29,5786.77,39.0,Все работают,Оптимальное
35.3,16.19,60.52,73.39,41.21,3493.28,97.0,Все работают,Хорошее
93.25,51.48,37.47,63.06,88.97,8440.23,797.0,Все работают,Критическое с риском отказа
33.17,95.81,110.82,14.57,75.0,2287.99,2.0,Критический сервис остановлен,Критическое с риском отказа
86.64,57.16,77.14,26.21,90.98,1469.38,33.0,Все работают,Критическое
17.57,36.36,44.37,714.2,59.4,2654.21,57.0,Все работают,Оптимальное
46.14,49.36,73.8,52.61,74.26,186.85,133.0,Все работают,Хорошее
29.92,18.42,30.29,455.13,62.45,1620.56,50.0,Все работают,Оптимальное
83.89,51.55,70.06,50.27,87.53,7463.7,76.0,Все работают,Критическое
20.09,48.86,59.08,952.91,73.86,3905.01,105.0,Все работают,Хорошее
78.35,82.61,99.93,33.42,91.03,9915.15,43.0,Все работают,Критическое
57.79,63.94,43.44,65.96,71.3,2614.01,43.0,Все работают,Хорошее
92.41,36.56,84.29,9.73,99.2,9056.18,194.0,Критический сервис остановлен,Критическое с риском отказа
26.52,22.31,46.5,574.57,0.49,3003.82,50.0,Все работают,Оптимальное
13.82,32.16,30.08,453.0,61.8,133.22,90.0,Все работают,Оптимальное
14.99,22.45,24.83,270.23,8.4,7169.35,39.0,Все работают,Оптимальное
24.45,12.72,69.77,488.65,75.06,7432.23,160.0,Все работают,Хорошее
28.86,99.46,97.17,70.63,99.11,9314.75,500.0,Все работают,Критическое с риском отказа
51.44,29.08,64.52,52.68,82.75,2867.89,53.0,Все работают,Хорошее
91.61,97.33,49.71,76.36,99.41,8596.67,84.0,Критический сервис остановлен,Критическое с риском отказа
20.1,8.58,30.36,895.21,35.07,972.49,60.0,Все работают,Оптимальное
4.6,28.51,29.46,592.7,10.2,506.56,63.0,Все работают,Оптимальное
14.77,30.09,44.54,952.61,11.34,620.18,71.0,Все работают,Оптимальное
12.84,3.22,32.56,401.84,47.88,5448.87,64.0,Все работают,Оптимальное
92.37,56.42,104.28,8.15,99.28,8556.29,70.0,Критический сервис остановлен,Критическое с риском отказа
30.0,43.51,28.04,483.29,28.06,4990.74,111.0,Все работают,Хорошее
25.97,36.73,39.89,411.9,13.46,2718.59,89.0,Все работают,Оптимальное
1.51,21.33,54.4,57.01,47.37,8035.63,105.0,Все работают,Хорошее
86.28,59.26,89.25,37.17,75.12,9132.36,237.0,Некоторые остановлены,Критическое
72.27,8.66,94.23,163.9,42.63,24.14,85.0,Критический сервис остановлен,Критическое с риском отказа
2.64,82.03,112.46,1.25,97.88,2097.71,146.0,Некоторые остановлены,Критическое с риском отказа
19.2,27.64,26.43,48.85,9.18,9065.26,55.0,Все работают,Критическое
6.68,57.76,43.95,12.81,88.5,3475.26,124.0,Все работают,Критическое
53.03,48.2,43.74,67.06,76.98,8763.68,76.0,Все работают,Хорошее
9.37,33.89,25.87,419.98,24.36,8459.78,181.0,Все работают,Хорошее
31.48,57.71,46.5,783.15,70.35,8297.81,146.0,Все работают,Хорошее
33.89,21.59,53.65,599.86,20.82,8340.42,67.0,Все работают,Хорошее
24.73,30.1,41.05,500.34,37.42,3300.91,90.0,Все работают,Оптимальное
32.53,36.94,39.3,560.44,80.24,6874.51,60.0,Все работают,Хорошее
10.74,63.73,67.47,310.36,54.92,3867.68,101.0,Все работают,Хорошее
37.09,9.92,67.3,60.8,23.43,8595.85,148.0,Все работают,Хорошее
19.28,68.24,47.17,138.65,22.9,8031.74,34.0,Все работают,Хорошее
11.45,1.47,45.51,109.74,68.07,3163.93,33.0,Все работают,Оптимальное
77.47,73.43,37.72,73.88,79.98,9975.54,235.0,Все работают,Критическое
26.37,22.01,49.61,674.48,36.02,1962.86,40.0,Все работают,Оптимальное
23.1,84.97,76.25,59.22,48.01,4140.81,46.0,Все работают,Критическое
98.88,29.15,104.06,512.69,32.44,2676.74,355.0,Все работают,Критическое с риском отказа
23.17,23.5,48.24,413.42,39.34,3113.69,68.0,Все работают,Оптимальное
56.62,38.25,47.23,61.8,78.27,8880.56,96.0,Все работают,Хорошее
6.14,92.98,118.81,6.42,23.29,8240.55,298.0,Все работают,Критическое с риском отказа
54.75,45.92,24.36,598.69,43.36,2187.33,101.0,Все работают,Хорошее
56.3,67.45,52.32,858.86,82.14,2755.57,126.0,Все работают,Хорошее
9.69,17.88,23.73,626.65,8.46,7984.25,38.0,Все работают,Оптимальное
90.48,86.82,68.13,70.55,95.41,8929.4,159.0,Все работают,Критическое с риском отказа
3.07,93.84,61.88,23.48,46.98,9689.4,195.0,Все работают,Критическое
7.86,3.69,62.13,75.46,74.47,9771.0,42.0,Все работают,Критическое
31.11,22.79,38.27,388.09,35.03,8152.87,166.0,Все работают,Хорошее
6.58,20.86,32.78,53.26,38.9,1560.59,130.0,Все работают,Хорошее
23.31,45.84,74.5,63.09,71.54,8934.88,85.0,Все работают,Хорошее
33.75,97.78,103.04,190.31,66.65,2421.05,2.0,Все работают,Критическое с риском отказа
33.48,75.1,62.3,65.29,91.97,9188.0,43.0,Некоторые остановлены,Критическое
25.0,49.18,27.01,276.38,81.82,3487.03,62.0,Все работают,Хорошее
29.89,35.98,20.76,202.4,19.86,2329.39,65.0,Все работают,Оптимальное
59.94,54.37,75.99,6.61,99.28,8633.78,403.0,Все работают,Критическое с риском отказа
42.12,64.18,46.29,73.59,83.77,8524.22,160.0,Все работают,Хорошее
78.56,29.28,51.24,450.17,33.13,9934.68,375.0,Все работают,Критическое
0.5,36.33,25.81,130.63,66.36,987.99,41.0,Все работают,Оптимальное
76.74,57.88,36.87,91.69,0.55,8878.24,344.0,Некоторые остановлены,Критическое
72.08,70.66,65.91,20.46,91.92,8645.25,407.0,Все работают,Критическое
91.31,91.58,113.13,4.06,87.19,9827.75,8.0,Критический сервис остановлен,Критическое с риском отказа
13.35,6.43,34.02,797.83,5.67,5366.73,55.0,Все работают,Оптимальное
19.08,27.38,24.73,787.26,18.3,400.47,73.0,Все работают,Оптимальное
55.46,34.18,52.69,911.9,77.63,8709.4,76.0,Все работают,Хорошее
14.58,17.95,40.06,65.23,67.18,8070.64,99.0,Все работают,Хорошее
24.05,14.82,43.74,736.61,0.73,7723.01,53.0,Все работают,Оптимальное
14.09,97.44,36.9,807.72,72.83,9244.69,701.0,Все работают,Критическое с риском отказа
62.16,84.85,41.91,27.59,83.63,8216.69,101.0,Все работают,Критическое
16.11,39.38,30.96,863.0,39.12,5185.27,67.0,Все работают,Оптимальное
68.51,24.33,56.01,27.97,93.49,9124.71,129.0,Некоторые остановлены,Критическое
46.62,35.23,60.28,50.85,39.69,6674.34,120.0,Все работают,Хорошее
18.35,15.9,47.26,113.89,63.41,2544.95,99.0,Все работают,Оптимальное
27.75,69.63,66.29,64.16,72.51,8899.44,132.0,Все работают,Хорошее
8.27,1.34,26.87,762.03,18.67,5244.21,85.0,Все работают,Оптимальное
56.82,69.64,51.41,70.17,79.64,9164.98,181.0,Некоторые остановлены,Критическое
58.35,29.41,71.06,934.89,97.46,8653.11,62.0,Некоторые остановлены,Критическое
80.03,45.63,59.34,25.55,88.17,8138.75,254.0,Все работают,Критическое
19.62,14.79,29.25,943.04,49.06,7278.91,66.0,Все работают,Оптимальное
68.58,72.65,75.87,66.76,72.23,8996.14,277.0,Все работают,Критическое
87.47,99.41,109.47,626.19,99.01,3061.37,402.0,Все работают,Критическое с риском отказа
58.46,36.29,63.49,816.73,78.35,8239.92,122.0,Все работают,Хорошее
85.27,37.65,93.85,647.67,73.11,8152.52,79.0,Некоторые остановлены,Критическое
7.89,9.61,46.03,641.9,25.63,3266.61,85.0,Все работают,Оптимальное
25.04,17.68,24.01,145.77,67.53,2422.85,40.0,Все работают,Оптимальное
40.12,61.95,33.14,65.05,71.5,8843.38,127.0,Все работают,Хорошее
81.52,88.69,57.21,62.0,77.78,3498.89,455.0,Все работают,Критическое
19.63,59.05,31.32,483.83,36.94,8946.05,357.0,Некоторые остановлены,Критическое
44.75,55.73,60.14,73.51,73.76,5710.03,62.0,Все работают,Хорошее
11.44,68.22,66.69,76.92,37.26,2654.99,66.0,Все работают,Хорошее
0.31,17.74,47.71,575.93,37.45,4294.18,41.0,Все работают,Оптимальное
21.35,10.8,33.29,350.13,14.59,7584.27,85.0,Все работают,Оптимальное
25.34,37.34,21.44,49.51,77.24,2544.22,50.0,Все работают,Критическое
30.89,57.14,25.13,915.18,68.14,3421.89,167.0,Все работают,Хорошее
9.09,31.84,46.94,324.48,37.06,3483.89,36.0,Все работают,Оптимальное
45.98,53.74,34.75,664.41,79.24,7922.64,87.0,Все работают,Хорошее
4.49,24.29,24.23,864.1,31.59,7119.92,79.0,Все работают,Оптимальное
98.75,50.69,92.1,66.26,99.17,8985.2,50.0,Критический сервис остановлен,Критическое с риском отказа
1.57,4.37,34.12,380.38,17.19,6692.64,48.0,Все работают,Оптимальное
16.56,37.52,39.25,737.48,25.76,2746.09,34.0,Все работают,Оптимальное
2.53,69.29,44.82,833.7,81.28,2375.9,51.0,Все работают,Хорошее
8.04,34.6,42.01,697.42,31.85,3078.66,100.0,Все работают,Оптимальное
45.79,99.15,93.31,54.34,59.28,9656.29,68.0,Все работают,Критическое с риском отказа
60.37,22.41,75.29,75.86,77.85,6990.17,143.0,Некоторые остановлены,Критическое
10.7,12.35,29.97,538.2,46.64,1835.51,52.0,Все работают,Оптимальное
21.77,12.2,36.96,947.7,24.25,70.86,57.0,Все работают,Оптимальное
13.3,38.35,29.75,331.35,36.98,3246.29,86.0,Все работают,Оптимальное
8.97,22.79,48.55,169.03,36.51,1671.84,42.0,Все работают,Оптимальное
20.19,31.45,29.29,778.99,7.37,2977.94,70.0,Все работают,Оптимальное
7.79,15.92,48.62,552.97,48.62,5187.2,35.0,Все работают,Оптимальное
53.26,62.92,31.85,698.6,77.95,8223.93,100.0,Все работают,Хорошее
75.43,88.5,54.31,32.53,58.67,1661.82,160.0,Все работают,Критическое
24.67,60.5,39.0,64.7,67.39,1356.32,159.0,Все работают,Хорошее
4.23,28.6,84.29,13.35,98.57,354.52,59.0,Некоторые остановлены,Критическое с риском отказа
25.5,20.44,24.26,696.76,66.5,5928.09,32.0,Все работают,Оптимальное
19.61,17.97,50.77,417.85,81.52,5055.18,157.0,Все работают,Хорошее
94.4,52.48,60.91,196.82,98.45,8122.99,166.0,Все работают,Критическое с риском отказа
31.39,28.96,66.08,0.11,99.09,8839.95,90.0,Все работают,Критическое с риском отказа
91.83,43.46,25.59,8.52,21.01,9418.22,334.0,Все работают,Критическое с риском отказа
14.23,94.52,85.12,49.47,73.94,8287.66,65.0,Некоторые остановлены,Критическое
19.67,34.41,50.85,67.94,66.97,8941.12,177.0,Все работают,Хорошее
17.1,71.52,105.92,898.57,98.39,5924.45,7.0,Критический сервис остановлен,Критическое с риском отказа
33.73,26.34,60.63,808.25,65.73,8860.08,154.0,Все работают,Хорошее
8.91,27.81,43.37,696.63,56.51,5109.0,93.0,Все работают,Оптимальное
51.17,69.96,67.99,53.82,61.58,8095.27,92.0,Все работают,Хорошее
52.24,36.2,118.64,6.86,78.0,8681.44,50.0,Критический сервис остановлен,Критическое с риском отказа
1.58,32.86,28.37,785.63,57.12,2086.32,73.0,Все работают,Оптимальное
2.98,38.37,23.7,336.49,5.09,5511.41,39.0,Все работают,Оптимальное
65.96,9.75,43.08,54.87,68.59,6735.48,442.0,Некоторые остановлены,Критическое
57.57,20.42,27.24,75.33,83.55,8473.24,164.0,Все работают,Хорошее
33.15,6.31,31.01,51.68,71.96,8373.36,185.0,Все работают,Хорошее
18.7,6.16,29.68,408.77,22.7,3642.95,91.0,Все работают,Оптимальное
1.74,63.95,107.3,5.48,90.66,9271.1,191.0,Все работают,Критическое с риском отказа
11.81,1.6,20.44,54.21,26.23,3952.85,75.0,Все работают,Хорошее
98.36,98.89,107.25,35.77,64.3,1353.76,362.0,Все работают,Критическое с риском отказа
39.14,79.37,69.73,360.46,26.3,7875.64,204.0,Все работают,Критическое
62.01,71.18,52.68,65.7,85.82,36.6,460.0,Все работают,Критическое
32.03,14.84,115.11,438.84,94.31,8958.85,841.0,Некоторые остановлены,Критическое с риском отказа
28.83,98.78,118.0,51.53,95.18,8394.08,467.0,Все работают,Критическое с риском отказа
23.97,65.56,53.59,7.81,30.37,5656.05,9.0,Критический сервис остановлен,Критическое с риском отказа
67.94,44.62,42.19,36.62,87.04,9815.41,93.0,Некоторые остановлены,Критическое
54.75,76.81,77.04,26.52,28.91,8033.12,294.0,Все работают,Критическое
6.54,47.02,73.24,71.33,79.18,8703.87,37.0,Все работают,Хорошее
4.59,16.32,36.11,766.96,66.72,4853.4,93.0,Все работают,Оптимальное
12.93,32.97,29.02,370.31,45.68,5549.34,54.0,Все работают,Оптимальное
32.1,53.49,59.33,531.19,70.87,9243.14,179.0,Некоторые остановлены,Критическое
17.95,5.5,30.65,236.31,82.13,7636.35,107.0,Все работают,Хорошее
85.54,50.31,62.91,9.02,98.38,8292.37,159.0,Все работают,Критическое с риском отказа
1.55,18.61,21.22,83.84,7.53,4980.3,82.0,Все работают,Оптимальное
27.36,37.76,44.5,873.1,56.7,4967.15,92.0,Все работают,Оптимальное
33.64,63.3,26.08,13.22,99.89,8722.94,60.0,Некоторые остановлены,Критическое с риском отказа
21.16,17.66,49.92,147.5,14.49,4339.33,69.0,Все работают,Оптимальное
8.76,31.95,32.72,643.04,7.31,8857.8,159.0,Все работают,Хорошее
8.8,6.27,46.24,207.33,23.93,4076.64,92.0,Все работают,Оптимальное
25.29,45.48,58.37,67.45,69.7,8629.01,115.0,Все работают,Хорошее
6.46,15.56,43.96,616.28,29.72,2288.4,75.0,Все работают,Оптимальное
12.44,91.37,42.45,735.81,92.36,9177.16,419.0,Все работают,Критическое
51.8,63.52,23.27,155.65,43.96,8751.05,200.0,Все работают,Хорошее
28.15,74.71,56.05,59.83,94.87,1640.95,200.0,Все работают,Критическое
38.22,79.24,87.87,56.42,71.91,9571.01,57.0,Некоторые остановлены,Критическое
9.24,30.88,51.67,73.12,40.22,8479.8,184.0,Все работают,Хорошее
24.46,18.16,23.06,898.08,2.01,6858.02,93.0,Все работают,Оптимальное
3.72,14.92,33.97,985.06,64.86,2772.05,48.0,Все работают,Оптимальное
18.83,14.35,41.65,927.01,13.58,3042.92,79.0,Все работают,Оптимальное
43.58,30.85,72.66,78.15,19.77,8060.19,120.0,Все работают,Хорошее
18.08,37.12,29.43,199.61,38.95,5490.45,82.0,Все работают,Оптимальное
8.23,97.38,62.52,9.6,89.74,6068.59,10.0,Все работают,Критическое с риском отказа
16.05,16.64,23.42,161.13,56.51,889.68,91.0,Все работают,Оптимальное
96.79,48.78,85.54,8.66,73.67,2850.56,71.0,Некоторые остановлены,Критическое с риском отказа
46.01,89.63,55.63,53.52,74.44,9158.01,364.0,Некоторые остановлены,Критическое
24.94,85.17,57.39,79.97,99.3,8907.76,260.0,Некоторые остановлены,Критическое с риском отказа
33.25,30.17,63.21,47.02,63.4,8400.64,105.0,Все работают,Критическое
28.5,35.07,22.41,50.31,52.05,8038.61,342.0,Все работают,Критическое
29.63,13.93,25.36,549.15,39.94,153.25,79.0,Все работают,Оптимальное
25.53,21.05,22.88,641.19,65.66,5670.46,33.0,Все работают,Оптимальное
12.4,19.75,42.0,518.69,41.49,3117.36,64.0,Все работают,Оптимальное
51.66,42.21,33.75,250.36,61.63,8362.43,47.0,Все работают,Хорошее
27.33,25.9,21.13,692.29,44.15,5066.91,73.0,Все работают,Оптимальное
58.65,33.16,114.17,0.54,74.55,9619.8,60.0,Критический сервис остановлен,Критическое с риском отказа
30.62,93.33,85.79,50.46,47.74,9020.09,195.0,Некоторые остановлены,Критическое
0.27,50.84,63.27,92.72,78.86,9495.24,416.0,Все работают,Критическое
0.43,11.57,41.2,199.73,55.46,810.26,87.0,Все работают,Оптимальное
26.15,10.15,30.82,135.34,3.31,7989.79,44.0,Все работают,Оптимальное
14.08,19.77,39.57,460.23,51.16,219.88,97.0,Все работают,Оптимальное
17.23,59.03,66.44,47.71,74.21,8167.71,282.0,Некоторые остановлены,Критическое
41.0,45.72,42.35,74.24,70.56,8915.79,91.0,Все работают,Хорошее
62.85,46.22,96.44,664.59,49.7,8955.92,196.0,Все работают,Критическое
19.2,38.36,31.18,788.01,42.27,3916.67,31.0,Все работают,Оптимальное
17.96,30.38,36.71,137.82,4.58,3379.27,48.0,Все работают,Оптимальное
44.27,53.88,67.96,661.87,84.16,8847.71,135.0,Все работают,Хорошее
13.65,31.65,23.58,466.32,9.95,4424.46,32.0,Все работают,Оптимальное
26.45,49.06,65.11,22.92,2.03,9246.52,287.0,Некоторые остановлены,Критическое
90.68,37.13,38.2,8.43,96.43,8693.88,430.0,Все работают,Критическое с риском отказа
8.53,60.96,51.72,54.31,82.09,4423.15,174.0,Все работают,Хорошее
1.88,39.98,31.0,23.96,65.75,9073.01,245.0,Все работают,Критическое
25.43,20.9,32.38,245.79,23.66,3058.83,44.0,Все работают,Оптимальное
16.99,31.84,29.26,841.87,33.64,4440.15,78.0,Все работают,Оптимальное
9.35,58.08,32.72,77.26,72.53,6979.06,158.0,Все работают,Хорошее
13.75,37.91,50.64,711.86,60.98,3986.3,57.0,Все работают,Хорошее
4.0,40.09,42.12,55.26,44.14,8040.14,94.0,Все работают,Хорошее
21.96,23.36,30.13,788.46,9.61,4740.82,93.0,Все работают,Оптимальное
2.31,1.42,24.83,429.03,68.36,4838.22,74.0,Все работают,Оптимальное
30.63,10.99,71.11,409.24,74.3,4023.94,79.0,Все работают,Хорошее
75.22,96.73,106.34,3.66,99.03,5886.13,6.0,Некоторые остановлены,Критическое с риском отказа
18.95,24.57,34.26,964.84,49.34,245.98,36.0,Все работают,Оптимальное
47.35,91.12,94.8,79.42,25.43,8005.29,169.0,Некоторые остановлены,Критическое
32.09,19.86,22.16,67.23,70.95,3281.27,68.0,Все работают,Хорошее
31.89,89.11,99.85,31.38,95.04,9637.59,323.0,Некоторые остановлены,Критическое
75.1,91.46,31.88,40.88,17.5,9385.62,33.0,Все работают,Критическое
14.06,1.84,57.57,62.88,31.12,8362.83,50.0,Все работают,Хорошее
12.39,24.8,32.74,231.91,59.4,1625.81,80.0,Все работают,Оптимальное
72.26,63.59,94.27,70.9,52.24,8953.51,43.0,Некоторые остановлены,Критическое
14.97,7.36,36.1,550.57,67.56,3484.72,47.0,Все работают,Оптимальное
12.97,20.41,40.04,572.79,17.18,5690.12,57.0,Все работают,Оптимальное
59.99,40.17,36.64,22.14,81.56,1305.43,486.0,Все работают,Критическое
2.07,49.34,52.33,53.05,24.39,3627.08,176.0,Все работают,Хорошее
59.54,53.86,70.8,78.11,39.28,3336.66,86.0,Все работают,Хорошее
35.48,63.96,68.02,50.96,73.82,3778.72,146.0,Все работают,Хорошее
11.16,37.24,49.82,875.7,61.19,1182.64,98.0,Все работают,Оптимальное
4.99,78.89,22.99,881.92,94.44,9052.44,404.0,Все работают,Критическое
13.61,91.15,38.27,54.46,95.72,4089.85,54.0,Некоторые остановлены,Критическое
32.68,9.12,59.13,519.87,49.67,8175.4,109.0,Все работают,Хорошее
8.4,15.08,91.94,12.98,93.2,9524.32,87.0,Все работают,Критическое
13.97,7.42,40.71,510.49,53.56,86.52,55.0,Все работают,Оптимальное
12.56,20.46,23.26,656.97,43.43,2602.92,86.0,Все работают,Оптимальное
97.87,23.46,73.13,0.2,0.7,8903.38,139.0,Критический сервис остановлен,Критическое с риском отказа
17.88,33.5,51.65,65.49,17.88,8714.03,196.0,Все работают,Хорошее
29.94,38.36,37.33,936.62,16.33,5788.99,87.0,Все работают,Оптимальное
54.53,25.85,43.94,68.95,75.83,8432.19,181.0,Все работают,Хорошее
26.97,39.18,33.07,60.58,30.77,4824.64,103.0,Все работают,Хорошее
14.72,56.3,41.32,63.35,82.29,691.38,122.0,Все работают,Хорошее
24.9,67.7,78.7,62.4,77.75,9042.8,198.0,Некоторые остановлены,Критическое
68.33,89.41,68.55,34.34,70.87,2319.47,157.0,Все работают,Критическое
53.42,37.49,23.19,463.78,64.46,4668.74,74.0,Все работают,Хорошее
13.22,27.28,32.6,853.79,23.83,4110.04,66.0,Все работают,Оптимальное
51.35,40.8,35.43,71.41,42.13,8221.08,177.0,Все работают,Хорошее
21.69,37.59,41.92,474.42,16.02,2991.29,48.0,Все работают,Оптимальное
27.5,26.34,38.28,254.83,57.78,695.61,54.0,Все работают,Оптимальное
11.19,21.18,28.17,134.26,14.55,6790.3,80.0,Все работают,Оптимальное
17.17,39.75,42.8,807.48,43.52,3924.07,68.0,Все работают,Оптимальное
53.17,17.52,28.78,52.28,73.32,9265.88,428.0,Все работают,Критическое
34.26,37.56,73.0,827.98,77.53,4015.27,97.0,Все работают,Хорошее
4.39,43.49,70.77,291.76,29.41,735.89,141.0,Все работают,Хорошее
66.18,8.84,82.27,903.35,98.2,9026.42,576.0,Все работают,Критическое с риском отказа
11.01,1.76,29.66,514.03,7.21,7802.66,52.0,Все работают,Оптимальное
0.81,49.07,39.92,70.18,82.3,8386.25,153.0,Все работают,Хорошее
28.53,48.96,59.85,731.72,76.43,3055.39,71.0,Все работают,Хорошее
27.75,36.14,30.19,786.71,22.43,4727.44,46.0,Все работают,Оптимальное
78.68,12.38,45.42,6.21,98.54,9488.88,296.0,Все работают,Критическое с риском отказа
45.03,69.05,21.11,72.33,70.89,8845.31,149.0,Все работают,Хорошее
40.36,96.42,72.25,72.9,87.43,8005.67,780.0,Все работают,Критическое с риском отказа
84.28,40.51,30.12,227.09,95.25,9213.07,275.0,Все работают,Критическое
95.33,92.27,76.82,55.33,8.86,7666.24,497.0,Все работают,Критическое с риском отказа
22.26,23.06,21.16,334.69,39.84,2355.89,54.0,Все работают,Оптимальное
14.24,30.22,30.06,182.78,20.06,733.27,53.0,Все работают,Оптимальное
17.17,32.55,41.67,429.97,17.82,3974.18,99.0,Все работают,Оптимальное
61.05,98.41,91.74,897.87,6.93,4991.44,93.0,Критический сервис остановлен,Критическое с риском отказа
17.42,99.34,103.22,23.86,98.27,9182.62,473.0,Все работают,Критическое с риском отказа
9.34,8.43,38.06,55.98,70.12,8468.86,199.0,Все работают,Хорошее
5.85,26.78,48.63,606.09,52.94,7794.38,36.0,Все работают,Оптимальное
22.6,25.3,29.57,944.42,28.1,5938.42,70.0,Все работают,Оптимальное
19.97,17.9,31.82,96.79,18.67,3401.72,44.0,Все работают,Оптимальное
52.72,65.24,66.01,838.42,18.55,8016.33,79.0,Все работают,Хорошее
27.31,33.18,21.75,137.86,26.05,2693.33,31.0,Все работают,Оптимальное
14.66,49.18,40.72,67.91,67.66,6744.61,55.0,Все работают,Хорошее
26.92,4.25,21.76,656.28,21.87,5810.41,88.0,Все работают,Оптимальное
43.47,44.58,31.69,95.15,34.3,3558.85,249.0,Некоторые остановлены,Критическое
42.79,98.25,29.6,8.95,89.57,503.68,416.0,Все работают,Критическое с риском отказа
4.13,22.32,23.95,163.1,20.3,3374.48,35.0,Все работают,Оптимальное
24.09,35.83,49.91,580.7,19.46,7541.98,90.0,Все работают,Оптимальное
30.62,9.72,95.92,361.28,55.64,8000.11,171.0,Все работают,Критическое
29.25,3.86,48.22,390.5,13.9,6480.22,100.0,Все работают,Оптимальное
54.06,55.34,60.3,22.37,92.0,1698.67,33.0,Все работают,Критическое
47.04,44.33,27.39,6.34,75.81,8413.31,666.0,Некоторые остановлены,Критическое с риском отказа
20.17,22.21,47.52,745.11,10.55,1105.68,71.0,Все работают,Оптимальное
1.55,3.72,25.08,419.25,68.74,1655.57,71.0,Все работают,Оптимальное
75.19,77.77,94.91,58.02,94.84,8587.49,70.0,Некоторые остановлены,Критическое
4.28,25.29,23.61,741.13,34.7,5158.2,44.0,Все работают,Оптимальное
1.49,38.48,26.07,528.29,63.72,2847.14,42.0,Все работают,Оптимальное
22.9,7.56,32.54,183.49,4.64,303.05,91.0,Все работают,Оптимальное
32.97,41.73,51.79,63.48,84.02,2435.14,42.0,Все работают,Хорошее
23.47,16.32,40.76,538.04,44.25,6865.99,39.0,Все работают,Оптимальное
3.24,31.72,49.63,564.04,8.27,2560.16,85.0,Все работают,Оптимальное
46.49,58.7,36.85,66.94,73.81,4081.75,40.0,Все работают,Хорошее
56.53,20.03,24.55,70.87,25.17,8381.84,62.0,Все работают,Хорошее
0.31,25.4,36.42,556.62,11.7,6619.34,82.0,Все работают,Оптимальное
18.47,11.06,45.24,52.52,45.36,8254.94,106.0,Все работают,Хорошее
58.09,64.64,57.96,64.29,19.38,8143.86,89.0,Все работают,Хорошее
24.68,27.3,29.8,906.69,4.52,7770.31,60.0,Все работают,Оптимальное
19.88,8.85,36.23,431.22,53.98,2880.34,60.0,Все работают,Оптимальное
83.47,82.42,65.22,31.1,81.38,678.32,153.0,Все работают,Критическое
11.06,13.02,48.45,833.12,41.92,5367.25,35.0,Все работают,Оптимальное
30.82,29.44,69.76,617.27,5.89,8933.99,100.0,Все работают,Хорошее
50.87,7.36,61.15,921.8,80.37,5511.25,105.0,Все работают,Хорошее
18.42,16.97,44.64,364.42,2.68,3393.33,73.0,Все работают,Оптимальное
35.76,9.0,84.68,456.06,11.28,9634.88,162.0,Некоторые остановлены,Критическое
16.68,15.57,30.74,375.73,8.48,4881.7,38.0,Все работают,Оптимальное
61.45,68.54,111.95,5.44,36.06,813.04,137.0,Критический сервис остановлен,Критическое с риском отказа
49.33,80.96,78.17,179.94,95.41,8863.65,296.0,Все работают,Критическое
1.79,20.69,40.16,665.12,11.17,4949.41,56.0,Все работают,Оптимальное
17.11,39.01,37.05,411.71,53.38,1032.98,42.0,Все работают,Оптимальное
4.72,74.03,57.85,65.49,52.49,4870.7,202.0,Все работают,Критическое
12.16,3.66,30.09,212.11,88.78,8775.2,328.0,Все работают,Критическое
96.16,70.88,94.92,9.78,85.6,8778.07,395.0,Критический сервис остановлен,Критическое с риском отказа
45.46,65.2,54.18,70.88,45.12,8286.29,75.0,Все работают,Хорошее
37.79,50.22,71.26,70.05,37.73,8942.9,100.0,Все работают,Хорошее
36.64,1.38,65.83,355.24,81.21,5705.45,79.0,Все работают,Хорошее
13.57,25.15,37.79,777.56,56.22,6872.49,74.0,Все работают,Оптимальное
32.35,9.28,45.09,16.97,92.58,3552.68,59.0,Все работают,Критическое
16.03,62.33,34.43,60.08,70.35,8653.65,66.0,Все работают,Хорошее
39.6,36.15,23.19,75.8,75.45,2763.65,87.0,Все работают,Хорошее
57.38,94.78,29.82,741.72,22.73,8886.87,446.0,Все работают,Критическое
6.26,37.89,21.55,713.45,44.25,6189.65,36.0,Все работают,Оптимальное
30.85,13.43,52.1,76.92,82.52,8978.43,35.0,Все работают,Хорошее
13.29,99.47,101.42,4.25,91.34,8141.53,195.0,Критический сервис остановлен,Критическое с риском отказа
35.48,42.25,56.25,186.8,83.98,9262.58,385.0,Некоторые остановлены,Критическое
0.85,29.75,35.11,611.79,46.36,4189.75,55.0,Все работают,Оптимальное
22.98,85.92,117.08,24.98,75.44,9433.56,110.0,Критический сервис остановлен,Критическое с риском отказа
58.11,8.21,28.83,73.53,70.08,8770.37,121.0,Все работают,Хорошее
11.91,11.16,35.66,638.37,59.11,7250.63,96.0,Все работают,Оптимальное
5.87,18.82,44.9,303.18,6.8,5084.66,34.0,Все работают,Оптимальное
70.3,24.34,61.71,11.63,12.25,8403.03,174.0,Некоторые остановлены,Критическое
5.16,63.28,67.01,54.91,97.49,9424.04,68.0,Критический сервис остановлен,Критическое с риском отказа
55.04,40.55,61.01,58.94,33.42,8727.34,44.0,Все работают,Хорошее
93.61,96.57,79.41,7.71,24.56,5263.93,371.0,Все работают,Критическое с риском отказа
12.82,52.45,47.98,527.41,70.45,8649.03,186.0,Все работают,Хорошее
59.58,73.2,53.73,79.74,35.76,9856.18,123.0,Все работают,Критическое
12.21,16.87,39.95,453.91,0.29,242.54,37.0,Все работают,Оптимальное
19.9,4.55,41.81,726.23,41.91,2206.12,33.0,Все работают,Оптимальное
7.96,74.27,37.65,33.76,78.92,9730.93,73.0,Все работают,Критическое
23.46,30.86,69.58,57.61,76.1,5965.46,192.0,Все работают,Хорошее
6.41,38.27,63.37,605.83,99.1,5632.44,102.0,Некоторые остановлены,Критическое с риском отказа
12.11,47.66,67.65,62.93,70.71,8771.88,93.0,Все работают,Хорошее
12.28,63.75,73.1,324.06,11.81,8706.98,176.0,Все работают,Хорошее
3.12,12.52,41.44,754.69,16.1,804.35,34.0,Все работают,Оптимальное
15.37,13.6,25.95,479.73,9.35,6512.91,83.0,Все работают,Оптимальное
23.7,38.33,24.25,441.08,41.63,3904.0,80.0,Все работают,Оптимальное
19.33,5.11,96.49,63.5,80.3,9201.41,391.0,Все работают,Критическое
29.37,49.71,45.32,71.18,11.89,8965.41,125.0,Все работают,Хорошее
28.26,67.81,54.26,144.39,76.14,8589.8,63.0,Все работают,Хорошее
8.18,8.24,39.29,457.26,24.99,6491.27,88.0,Все работают,Оптимальное
29.98,41.09,57.72,51.41,71.63,8944.99,37.0,Все работают,Хорошее
40.93,30.63,49.24,211.48,74.46,7847.56,90.0,Все работают,Хорошее
18.1,8.32,88.56,24.93,39.54,8335.15,214.0,Некоторые остановлены,Критическое
69.89,96.23,95.44,477.08,61.48,358.55,0.0,Критический сервис остановлен,Критическое с риском отказа
1.88,39.41,48.24,428.52,68.69,7187.72,30.0,Все работают,Оптимальное
3.79,2.46,32.94,714.43,43.93,2008.59,93.0,Все работают,Оптимальное
78.02,66.5,62.94,6.08,99.8,3010.35,3.0,Все работают,Критическое с риском отказа
4.09,33.45,24.14,129.14,53.59,1950.64,49.0,Все работают,Оптимальное
55.99,28.19,68.71,176.64,78.34,8294.04,104.0,Все работают,Хорошее
42.13,85.44,52.57,266.34,62.23,9989.32,35.0,Все работают,Критическое
13.49,38.72,30.93,921.7,54.82,5018.37,69.0,Все работают,Оптимальное
94.54,51.85,48.33,14.64,56.53,8629.11,170.0,Критический сервис остановлен,Критическое с риском отказа
42.41,64.83,73.93,153.46,68.31,4655.58,68.0,Все работают,Хорошее
43.41,68.49,40.1,52.0,78.81,4428.64,82.0,Все работают,Хорошее
26.36,7.25,43.48,937.51,58.82,2962.49,54.0,Все работают,Оптимальное
18.23,19.4,33.77,770.85,23.16,4394.07,100.0,Все работают,Оптимальное
96.44,89.38,94.48,66.82,99.85,9385.7,178.0,Все работают,Критическое с риском отказа
7.66,2.23,22.73,163.88,19.54,1816.24,69.0,Все работают,Оптимальное
14.49,25.38,72.81,67.7,53.83,2259.26,113.0,Все работают,Хорошее
64.17,32.35,26.33,15.35,50.63,4924.8,426.0,Все работают,Критическое
90.14,46.51,46.7,819.61,69.2,9487.58,99.0,Некоторые остановлены,Критическое с риском отказа
89.75,54.33,75.19,50.17,12.67,9096.82,385.0,Все работают,Критическое
31.0,43.55,55.65,247.17,72.58,8348.03,78.0,Все работают,Хорошее
16.7,34.99,38.31,499.18,44.54,2936.42,89.0,Все работают,Оптимальное
27.52,2.96,31.92,185.49,12.89,82.95,87.0,Все работают,Оптимальное
21.84,59.01,97.37,70.36,99.91,8712.35,442.0,Критический сервис остановлен,Критическое с риском отказа
6.69,38.99,55.23,71.98,83.81,1917.61,98.0,Все работают,Хорошее
50.01,58.99,59.27,54.13,50.26,8625.02,189.0,Все работают,Хорошее
23.15,59.84,80.36,60.98,98.21,9668.99,128.0,Все работают,Критическое с риском отказа
29.91,47.32,70.08,65.9,7.18,5131.55,59.0,Все работают,Хорошее
11.78,16.9,45.49,69.81,83.47,2214.53,150.0,Все работают,Хорошее
23.61,13.32,33.66,952.81,16.66,1087.55,84.0,Все работают,Оптимальное
43.16,73.19,60.09,72.05,87.79,9614.41,167.0,Все работают,Критическое
59.44,3.99,70.99,71.36,2.77,899.81,46.0,Некоторые остановлены,Критическое
7.25,39.03,36.64,649.15,57.66,4858.92,62.0,Все работают,Оптимальное
32.46,69.53,60.14,584.07,0.76,6118.67,61.0,Все работают,Хорошее
31.18,93.41,38.19,37.82,65.82,8683.39,103.0,Некоторые остановлены,Критическое
30.99,96.47,105.95,61.33,78.47,7093.34,3.0,Критический сервис остановлен,Критическое с риском отказа
62.56,67.23,95.78,22.65,97.83,8696.31,54.0,Все работают,Критическое
95.64,99.93,55.32,726.23,99.55,8306.55,501.0,Все работают,Критическое с риском отказа
52.07,16.11,74.93,776.52,74.79,1844.48,46.0,Все работают,Хорошее
12.08,59.44,63.75,68.74,74.16,8370.09,86.0,Все работают,Хорошее
76.68,21.07,31.17,313.82,86.58,5748.07,464.0,Некоторые остановлены,Критическое
66.78,60.79,107.76,37.29,47.91,8737.83,173.0,Критический сервис остановлен,Критическое с риском отказа
56.82,17.18,33.24,67.47,50.67,7261.9,128.0,Все работают,Хорошее
72.89,40.81,68.43,42.11,4.55,1963.22,155.0,Некоторые остановлены,Критическое
53.66,30.12,47.97,468.94,70.73,4786.55,60.0,Все работают,Хорошее
19.54,4.83,35.57,666.94,62.2,7438.36,50.0,Все работают,Оптимальное
42.15,36.64,72.63,20.86,82.38,8541.63,347.0,Некоторые остановлены,Критическое
41.18,44.42,57.0,861.52,20.28,8787.52,54.0,Все работают,Хорошее
74.32,31.4,98.62,14.12,88.15,9473.84,118.0,Некоторые остановлены,Критическое
26.26,18.2,62.7,527.55,72.75,8657.08,189.0,Все работают,Хорошее
8.19,9.01,40.69,391.5,62.99,25.16,35.0,Все работают,Оптимальное
0.69,34.75,33.62,414.8,59.65,2821.61,99.0,Все работают,Оптимальное
84.58,31.43,34.59,812.76,96.55,4392.85,199.0,Все работают,Критическое
9.94,62.01,65.9,41.65,94.05,9726.04,321.0,Некоторые остановлены,Критическое
19.07,15.89,25.27,965.51,21.18,3351.39,60.0,Все работают,Оптимальное
16.48,96.64,107.63,3.15,98.26,8263.16,895.0,Критический сервис остановлен,Критическое с риском отказа
40.55,19.03,23.74,933.49,73.98,8861.48,196.0,Все работают,Хорошее
31.95,62.59,37.25,65.66,0.12,8213.65,102.0,Все работают,Хорошее
17.31,58.64,54.68,69.88,94.14,3451.6,56.0,Некоторые остановлены,Критическое
41.84,47.93,46.67,307.05,78.57,8333.31,142.0,Все работают,Хорошее
2.12,49.3,88.75,73.04,97.68,8160.99,117.0,Все работают,Критическое
42.59,24.88,58.09,328.03,77.65,3326.16,176.0,Все работают,Хорошее
23.34,16.34,38.74,602.46,22.45,2718.22,38.0,Все работают,Оптимальное
54.12,23.62,65.57,63.32,7.63,8259.11,98.0,Все работают,Хорошее
2.9,20.68,63.45,480.55,72.45,1694.79,109.0,Все работают,Хорошее
2.41,2.49,47.36,929.15,53.5,4024.43,70.0,Все работают,Оптимальное
48.6,92.89,58.3,35.36,91.53,9597.78,202.0,Все работают,Критическое
23.77,35.34,74.9,50.12,78.21,6223.59,159.0,Все работают,Хорошее
79.3,99.41,43.21,0.39,98.51,8663.76,346.0,Все работают,Критическое с риском отказа
91.24,95.53,59.94,6.4,99.44,2048.9,912.0,Все работают,Критическое с риском отказа
66.56,35.89,58.43,34.89,93.87,8453.0,182.0,Все работают,Критическое
21.98,25.05,74.75,50.13,70.44,6771.44,65.0,Все работают,Хорошее
10.79,24.67,44.6,668.01,47.72,5872.51,65.0,Все работают,Оптимальное
65.12,98.71,37.63,71.61,75.54,7300.24,1.0,Некоторые остановлены,Критическое с риском отказа
59.86,63.24,66.75,401.38,78.13,8763.75,57.0,Все работают,Хорошее
21.2,61.73,61.72,69.37,73.6,3255.04,130.0,Все работают,Хорошее
33.35,82.74,93.75,46.0,68.86,8636.21,188.0,Все работают,Критическое
38.37,58.05,38.04,65.24,58.75,8202.54,85.0,Все работают,Хорошее
46.47,14.72,32.94,78.13,79.23,1678.33,198.0,Все работают,Хорошее
4.22,7.9,34.49,734.51,12.2,993.95,79.0,Все работают,Оптимальное
50.04,64.48,44.06,193.82,26.45,7488.39,192.0,Все работают,Хорошее
2.29,0.26,34.63,195.13,5.39,3017.04,39.0,Все работают,Оптимальное
34.6,29.68,74.47,63.52,83.82,912.76,94.0,Все работают,Хорошее
25.5,65.83,50.83,70.31,73.62,6957.13,197.0,Все работают,Хорошее
47.07,55.61,59.49,58.89,75.46,8941.18,188.0,Все работают,Хорошее
4.7,37.62,30.67,701.64,41.64,2318.39,66.0,Все работают,Оптимальное
58.22,13.82,47.3,53.7,70.82,6076.99,52.0,Все работают,Хорошее
8.19,24.83,29.73,290.79,30.96,6988.1,45.0,Все работают,Оптимальное
53.82,65.88,89.41,65.82,95.41,9927.52,148.0,Все работают,Критическое
15.56,81.85,62.21,27.8,78.49,9383.89,60.0,Все работают,Критическое
30.63,27.78,34.14,183.77,33.2,4446.85,153.0,Все работают,Хорошее
17.2,2.82,69.55,39.04,92.34,8155.25,32.0,Все работают,Критическое
13.65,2.37,39.69,681.48,39.14,6355.73,79.0,Все работают,Оптимальное
76.92,85.39,91.58,10.45,88.22,8385.25,147.0,Некоторые остановлены,Критическое
10.7,53.7,47.71,47.45,82.34,7371.35,37.0,Некоторые остановлены,Критическое
1.43,7.71,28.87,344.97,29.96,3457.69,77.0,Все работают,Оптимальное
42.28,2.84,47.56,19.48,27.74,9077.23,3.0,Критический сервис остановлен,Критическое с риском отказа
44.25,16.01,56.23,822.87,25.93,8782.56,142.0,Все работают,Хорошее
26.76,0.89,35.66,191.02,2.73,1746.52,76.0,Все работают,Оптимальное
10.03,8.89,26.53,773.18,18.1,7818.49,89.0,Все работают,Оптимальное
18.63,63.38,113.92,712.9,12.46,2049.66,102.0,Критический сервис остановлен,Критическое с риском отказа
97.44,76.03,100.84,74.8,98.39,171.91,163.0,Все работают,Критическое с риском отказа
86.45,75.29,59.62,15.55,79.24,3787.05,8.0,Некоторые остановлены,Критическое с риском отказа
40.41,61.68,56.76,193.22,7.12,8608.93,164.0,Все работают,Хорошее
20.7,3.43,37.37,566.62,57.55,3308.53,89.0,Все работают,Оптимальное
2.72,36.48,29.96,270.67,0.61,1465.81,88.0,Все работают,Оптимальное
28.46,6.86,44.74,254.67,44.9,2125.91,45.0,Все работают,Оптимальное
98.5,99.39,104.1,0.6,91.56,8041.55,6.0,Критический сервис остановлен,Критическое с риском отказа
19.09,65.75,38.25,52.19,81.47,5793.85,64.0,Все работают,Хорошее
24.7,11.24,23.93,345.32,45.59,5809.44,55.0,Все работают,Оптимальное
23.81,23.51,25.6,797.78,38.97,3225.69,81.0,Все работают,Оптимальное
10.52,38.16,52.55,339.86,81.91,3523.7,141.0,Все работают,Хорошее
45.28,83.05,37.72,735.18,40.23,9612.35,66.0,Все работают,Критическое
66.64,79.48,37.75,65.39,70.8,3738.46,270.0,Все работают,Критическое
59.21,61.4,25.16,56.05,26.22,6531.19,81.0,Все работают,Хорошее
20.45,11.16,29.59,398.28,8.63,6040.69,91.0,Все работают,Оптимальное
19.71,32.02,61.66,64.27,25.62,8191.59,154.0,Все работают,Хорошее
2.3,7.23,41.72,485.14,57.97,3494.48,88.0,Все работают,Оптимальное
90.86,53.88,90.63,481.98,80.48,3884.22,37.0,Некоторые остановлены,Критическое с риском отказа
89.97,23.37,94.4,53.83,94.98,9568.24,301.0,Все работают,Критическое
81.22,87.52,21.87,21.29,92.28,8875.68,237.0,Все работают,Критическое
8.1,52.46,65.9,87.18,4.91,8348.66,68.0,Все работают,Хорошее
92.84,64.47,90.56,69.4,23.36,8666.79,750.0,Критический сервис остановлен,Критическое с риском отказа
18.28,15.84,40.62,603.19,55.63,3545.7,34.0,Все работают,Оптимальное
17.21,32.19,89.67,251.12,99.27,429.17,56.0,Критический сервис остановлен,Критическое с риском отказа
20.87,28.64,47.07,489.28,11.47,3189.14,38.0,Все работают,Оптимальное
23.39,15.25,46.52,471.06,68.08,2752.4,67.0,Все работают,Оптимальное
24.86,14.94,30.9,494.76,62.95,7061.27,93.0,Все работают,Оптимальное
17.1,63.31,21.59,63.92,72.73,1121.01,151.0,Все работают,Хорошее
14.57,84.3,22.05,70.75,91.08,1433.97,159.0,Все работают,Критическое
2.88,39.24,41.14,779.0,5.47,3316.71,79.0,Все работают,Оптимальное
15.91,20.66,33.41,575.8,42.21,4450.38,96.0,Все работают,Оптимальное
27.99,42.78,100.77,837.34,71.28,9080.9,76.0,Критический сервис остановлен,Критическое с риском отказа
33.08,8.83,60.41,115.88,70.81,8145.46,51.0,Все работают,Хорошее
70.73,58.5,41.92,622.31,71.94,9452.7,183.0,Некоторые остановлены,Критическое
42.26,37.66,62.95,57.52,56.46,821.72,36.0,Все работают,Хорошее
20.59,4.93,33.34,938.86,22.88,1084.64,64.0,Все работают,Оптимальное
29.73,60.88,87.09,19.16,93.4,7694.69,372.0,Все работают,Критическое
90.4,52.67,68.75,5.45,93.28,8556.45,403.0,Некоторые остановлены,Критическое с риском отказа
34.66,28.99,22.41,78.6,29.75,8476.57,155.0,Все работают,Хорошее
28.5,98.53,63.39,146.14,73.71,9064.28,983.0,Некоторые остановлены,Критическое с риском отказа
1.54,32.96,48.31,788.0,10.54,5705.81,33.0,Все работают,Оптимальное
51.49,68.02,49.47,60.61,31.43,8448.17,42.0,Все работают,Хорошее
26.55,41.98,69.94,76.33,47.11,8546.91,98.0,Все работают,Хорошее
26.72,36.04,47.03,734.78,54.2,3870.27,57.0,Все работают,Оптимальное
85.88,47.01,54.91,16.45,89.56,8541.01,53.0,Все работают,Критическое
21.85,72.34,27.52,25.0,85.93,7817.54,81.0,Все работают,Критическое
13.2,7.79,40.46,923.41,46.77,7036.92,97.0,Все работают,Оптимальное
21.1,28.62,38.27,277.51,54.72,1613.54,93.0,Все работают,Оптимальное
11.33,38.39,40.05,966.33,17.79,1742.44,80.0,Все работают,Оптимальное
44.21,19.3,63.76,498.54,73.43,4632.4,184.0,Все работают,Хорошее
60.48,42.98,29.92,60.72,94.97,8646.71,236.0,Все работают,Критическое
69.25,58.75,92.35,33.12,7.84,9825.34,148.0,Все работают,Критическое
20.36,28.22,35.72,788.85,10.84,7993.2,59.0,Все работают,Оптимальное
52.77,40.42,24.8,488.52,74.29,8091.79,47.0,Все работают,Хорошее
97.9,61.47,106.3,5.53,99.32,9773.2,9.0,Некоторые остановлены,Критическое с риском отказа
83.18,31.61,41.71,25.49,76.73,9556.63,289.0,Все работают,Критическое
15.6,14.64,28.98,200.98,54.28,6536.59,46.0,Все работают,Оптимальное
6.5,3.68,62.96,78.94,29.44,8007.49,72.0,Все работают,Хорошее
49.45,11.52,55.54,978.44,49.61,8786.64,115.0,Все работают,Хорошее
76.71,54.17,93.48,36.4,78.73,8185.03,236.0,Все работают,Критическое
5.17,52.32,54.49,880.31,73.94,312.88,87.0,Все работают,Хорошее
3.66,6.36,41.77,384.13,20.79,2423.31,73.0,Все работают,Оптимальное
24.93,14.51,24.88,713.95,50.56,4298.42,82.0,Все работают,Оптимальное
61.69,90.67,114.62,17.65,95.38,4656.42,448.0,Все работают,Критическое с риском отказа
59.64,87.81,98.39,19.23,78.95,8096.17,115.0,Все работают,Критическое
22.97,8.1,33.69,740.38,43.07,41.78,56.0,Все работают,Оптимальное
47.48,53.15,113.45,23.8,90.38,1674.74,469.0,Все работают,Критическое с риском отказа
88.14,70.37,57.54,71.68,99.88,5183.5,4.0,Некоторые остановлены,Критическое с риском отказа
58.27,94.79,97.72,571.22,93.47,9768.55,278.0,Некоторые остановлены,Критическое
7.62,21.11,70.29,180.97,90.41,8489.74,422.0,Все работают,Критическое
16.24,22.86,34.49,938.63,69.58,3157.15,89.0,Все работают,Оптимальное
94.65,68.37,58.64,11.66,72.36,2945.73,5.0,Все работают,Критическое с риском отказа
55.92,67.87,55.49,77.18,73.83,5721.72,78.0,Все работают,Хорошее
4.53,23.15,32.73,640.78,24.93,7542.24,67.0,Все работают,Оптимальное
47.81,79.76,26.25,16.4,93.37,9492.93,410.0,Все работают,Критическое
10.89,38.5,41.88,69.93,74.9,151.88,93.0,Все работают,Хорошее
40.43,39.77,78.45,60.35,89.57,8646.59,347.0,Некоторые остановлены,Критическое
21.5,2.34,45.41,465.27,4.52,4953.49,38.0,Все работают,Оптимальное
41.79,56.23,47.99,657.25,76.94,8742.04,145.0,Все работают,Хорошее
24.71,97.57,34.12,53.94,81.78,6857.34,5.0,Все работают,Критическое с риском отказа
9.51,46.69,69.26,997.04,17.1,2075.54,107.0,Все работают,Хорошее
68.01,72.77,77.18,65.49,44.14,7778.6,52.0,Все работают,Критическое
25.94,21.66,39.97,424.51,14.91,948.47,40.0,Все работают,Оптимальное
9.95,40.01,76.17,23.17,92.49,8660.35,103.0,Все работают,Критическое
42.88,19.45,63.3,65.42,63.14,8845.92,106.0,Все работают,Хорошее
4.69,99.41,107.92,54.08,81.18,8488.89,79.0,Критический сервис остановлен,Критическое с риском отказа
36.76,6.38,59.88,409.82,41.52,8463.32,119.0,Все работают,Хорошее
58.03,50.41,68.56,68.06,70.41,8438.83,90.0,Все работают,Хорошее
2.62,23.91,36.26,244.2,4.53,4957.18,34.0,Все работают,Оптимальное
8.46,97.36,115.95,30.78,98.77,8790.4,112.0,Все работают,Критическое с риском отказа
14.05,31.5,23.09,803.65,49.73,5163.67,80.0,Все работают,Оптимальное
79.53,29.96,94.65,25.32,24.47,8312.78,616.0,Все работают,Критическое с риском отказа
29.03,62.77,88.47,76.73,96.78,9152.19,38.0,Некоторые остановлены,Критическое
44.11,47.05,48.64,838.44,80.54,2010.04,78.0,Все работают,Хорошее
15.76,10.71,21.8,76.53,75.87,8241.54,181.0,Все работают,Хорошее
31.55,75.96,27.63,297.63,89.33,8649.96,180.0,Некоторые остановлены,Критическое
46.08,12.59,73.16,49.97,76.6,8471.26,306.0,Некоторые остановлены,Критическое
24.61,41.9,63.46,58.79,78.68,8477.15,192.0,Все работают,Хорошее
9.94,96.32,61.01,1.65,14.71,8383.27,680.0,Все работают,Критическое с риском отказа
49.73,65.79,25.01,73.47,78.9,8273.97,72.0,Все работают,Хорошее
64.62,47.29,98.07,65.96,33.12,9160.48,35.0,Все работают,Критическое
6.99,60.8,68.89,79.16,86.19,9913.69,98.0,Все работают,Критическое
5.19,40.46,89.94,53.54,73.58,9775.58,121.0,Все работают,Критическое
11.21,15.32,20.96,756.06,64.04,2010.12,81.0,Все работают,Оптимальное
14.82,0.28,89.58,8.62,25.31,8005.0,102.0,Критический сервис остановлен,Критическое с риском отказа
36.97,20.67,45.6,453.47,58.17,8189.34,80.0,Все работают,Хорошее
34.78,73.68,44.2,489.89,79.67,8112.04,335.0,Все работают,Критическое
27.37,9.3,26.58,503.97,40.25,6137.37,46.0,Все работают,Оптимальное
1.91,40.13,27.0,64.5,80.59,9163.28,389.0,Все работают,Критическое
20.86,42.99,27.3,996.47,33.85,4978.31,72.0,Все работают,Хорошее
80.28,45.75,43.64,623.88,78.76,5411.2,57.0,Все работают,Критическое
14.76,28.82,23.92,776.77,66.97,1723.41,34.0,Все работают,Оптимальное
1.03,44.18,70.15,834.95,65.17,3732.34,129.0,Все работают,Хорошее
96.78,90.82,105.2,543.27,30.89,6935.62,110.0,Все работают,Критическое с риском отказа
56.99,19.93,47.29,235.62,43.05,2222.55,58.0,Все работают,Хорошее
95.05,75.28,112.82,1.16,60.2,6646.61,936.0,Критический сервис остановлен,Критическое с риском отказа
17.96,29.74,49.33,476.6,82.68,9588.48,118.0,Некоторые остановлены,Критическое
46.72,29.45,42.29,60.32,75.46,9619.12,410.0,Все работают,Критическое
20.01,20.2,49.74,256.39,54.27,5725.08,95.0,Все работают,Оптимальное
17.7,30.97,74.72,76.81,8.5,8744.26,31.0,Все работают,Хорошее
59.96,45.28,21.03,449.67,35.3,8018.36,190.0,Все работают,Хорошее
43.94,40.35,39.02,942.03,71.05,354.65,161.0,Все работают,Хорошее
29.15,1.97,29.78,707.27,19.2,5499.17,70.0,Все работают,Оптимальное
16.79,6.99,36.63,929.64,28.85,5547.32,97.0,Все работают,Оптимальное
16.55,78.92,89.3,76.25,96.59,6528.01,106.0,Все работают,Критическое
17.34,20.01,49.58,310.43,42.41,1657.9,189.0,Все работают,Хорошее
70.02,98.9,45.88,567.26,86.77,8227.02,444.0,Все работают,Критическое с риском отказа
12.52,9.52,22.72,528.9,29.91,3108.56,67.0,Все работают,Оптимальное
37.06,87.2,51.73,33.83,25.13,1890.71,359.0,Некоторые остановлены,Критическое
64.92,76.78,48.38,309.45,88.02,9936.34,93.0,Некоторые остановлены,Критическое
66.9,85.34,40.66,72.49,58.89,9851.56,383.0,Все работают,Критическое
28.3,29.67,60.67,43.81,99.02,9694.9,488.0,Некоторые остановлены,Критическое с риском отказа
29.74,38.9,46.95,218.09,28.02,3159.4,94.0,Все работают,Оптимальное
15.27,29.5,51.55,339.25,77.75,8196.81,185.0,Все работают,Хорошее
50.15,59.2,50.17,171.84,83.22,3034.29,111.0,Все работают,Хорошее
63.86,24.33,68.0,77.32,73.31,1067.17,494.0,Некоторые остановлены,Критическое
29.29,8.69,30.47,137.5,48.63,6629.93,58.0,Все работают,Оптимальное
7.89,18.74,41.87,412.48,23.75,7190.8,95.0,Все работают,Оптимальное
28.52,21.82,46.43,317.42,37.51,2324.41,35.0,Все работают,Оптимальное
13.21,50.14,37.11,58.35,30.0,8940.08,94.0,Все работают,Хорошее
94.49,71.83,51.21,2.04,80.64,9339.55,993.0,Критический сервис остановлен,Критическое с риском отказа
86.0,90.68,32.04,2.85,76.65,4793.3,158.0,Критический сервис остановлен,Критическое с риском отказа
28.25,18.39,65.26,459.08,56.4,8648.16,78.0,Все работают,Хорошее
95.79,97.71,89.62,24.7,79.71,3250.33,8.0,Все работают,Критическое с риском отказа
18.56,50.98,34.66,836.85,76.05,6097.99,78.0,Все работают,Хорошее
22.76,23.93,32.55,973.05,23.47,7147.78,76.0,Все работают,Оптимальное
86.05,2.93,73.4,21.45,89.62,9062.71,487.0,Некоторые остановлены,Критическое
32.14,65.51,58.64,888.67,78.52,8217.55,198.0,Все работают,Хорошее
23.83,5.89,34.56,585.4,12.93,4666.33,37.0,Все работают,Оптимальное
12.43,27.33,41.55,945.83,61.35,5631.77,52.0,Все работают,Оптимальное
15.74,33.32,71.64,64.41,70.0,8834.0,64.0,Все работают,Хорошее
97.46,99.29,64.99,72.86,57.64,8220.9,10.0,Все работают,Критическое с риском отказа
11.29,22.14,88.62,33.05,91.54,9251.39,166.0,Все работают,Критическое
53.32,52.9,41.82,50.34,83.09,6934.37,152.0,Все работают,Хорошее
5.72,11.49,25.79,222.14,51.91,2153.02,40.0,Все работают,Оптимальное
18.06,48.65,67.66,671.36,55.96,8095.83,176.0,Все работают,Хорошее
70.54,71.01,67.74,26.81,87.42,8963.11,190.0,Некоторые остановлены,Критическое
95.67,26.68,39.38,64.88,6.2,8924.03,56.0,Некоторые остановлены,Критическое с риском отказа
18.07,35.09,36.0,709.64,25.59,363.96,83.0,Все работают,Оптимальное
18.39,74.95,61.8,20.4,76.78,8634.79,69.0,Некоторые остановлены,Критическое
11.88,97.67,49.15,8.14,83.48,953.83,542.0,Все работают,Критическое с риском отказа
15.89,30.93,31.3,766.55,14.33,2034.84,47.0,Все работают,Оптимальное
43.22,27.47,74.54,64.58,12.38,8117.79,110.0,Все работают,Хорошее
32.47,22.51,63.96,714.12,97.51,9216.34,74.0,Некоторые остановлены,Критическое
37.12,30.46,85.98,8.56,93.02,7158.37,148.0,Критический сервис остановлен,Критическое с риском отказа
29.12,32.92,47.26,830.78,52.16,292.99,83.0,Все работают,Оптимальное
15.88,63.62,27.64,74.25,82.97,8671.6,117.0,Все работают,Хорошее
3.96,27.74,30.68,943.15,63.85,6492.48,37.0,Все работают,Оптимальное
83.32,78.52,70.96,54.68,92.55,9787.06,99.0,Все работают,Критическое
80.27,13.14,30.88,19.68,96.19,9781.03,392.0,Некоторые остановлены,Критическое
77.51,53.55,74.69,51.73,88.06,2438.91,108.0,Все работают,Критическое
28.74,6.7,46.02,1.22,99.7,8331.53,123.0,Все работают,Критическое с риском отказа
54.94,64.7,20.66,323.9,78.12,6640.67,39.0,Все работают,Хорошее
7.63,50.01,73.85,73.51,72.85,8748.05,70.0,Все работают,Хорошее
60.91,85.69,98.05,16.95,96.43,627.94,213.0,Все работают,Критическое
29.97,28.62,59.54,77.75,28.16,8935.87,59.0,Все работают,Хорошее
19.66,80.85,53.31,65.07,90.58,9134.7,94.0,Некоторые остановлены,Критическое
40.63,16.8,49.99,58.42,73.16,3414.31,132.0,Все работают,Хорошее
38.26,80.82,61.69,41.86,71.94,9593.72,271.0,Все работают,Критическое
85.34,32.31,65.55,889.9,48.72,3379.82,256.0,Все работают,Критическое
24.8,92.25,51.28,465.05,92.07,8377.08,314.0,Некоторые остановлены,Критическое
5.59,36.64,44.64,162.92,2.9,2150.6,45.0,Все работают,Оптимальное
80.95,84.41,83.95,57.4,96.63,7763.42,119.0,Некоторые остановлены,Критическое
27.78,35.45,28.96,797.97,4.6,2741.61,60.0,Все работают,Оптимальное
87.38,79.62,70.46,809.81,88.28,9310.63,126.0,Все работают,Критическое
22.09,56.09,30.63,556.22,74.32,8387.79,69.0,Все работают,Хорошее
14.35,23.42,24.84,855.99,34.55,1330.75,65.0,Все работают,Оптимальное
42.9,12.64,69.85,50.38,83.67,5158.69,32.0,Все работают,Хорошее
69.37,50.31,65.61,69.26,6.87,8331.01,51.0,Все работают,Критическое
44.39,49.86,62.17,557.87,75.55,8601.78,83.0,Все работают,Хорошее
54.25,51.01,83.71,34.37,91.52,9149.84,32.0,Некоторые остановлены,Критическое
51.11,95.82,65.38,761.61,98.6,9250.45,336.0,Критический сервис остановлен,Критическое с риском отказа
74.33,4.14,77.83,20.19,97.08,699.19,68.0,Некоторые остановлены,Критическое
28.56,10.53,35.92,642.46,46.9,6039.38,40.0,Все работают,Оптимальное
65.78,92.46,58.79,69.23,82.84,8098.14,173.0,Все работают,Критическое
52.84,34.0,44.88,492.34,77.35,8109.04,100.0,Все работают,Хорошее
22.16,56.3,34.55,68.12,80.45,1109.18,141.0,Все работают,Хорошее
21.01,17.28,22.95,199.98,47.0,5630.35,71.0,Все работают,Оптимальное
14.79,34.79,23.27,758.49,47.22,7085.84,53.0,Все работают,Оптимальное
20.28,23.56,29.44,293.19,35.24,2377.54,89.0,Все работают,Оптимальное
0.17,1.81,46.61,822.94,34.39,6718.9,90.0,Все работают,Оптимальное
30.52,25.89,29.74,62.5,2.5,2772.57,124.0,Все работают,Хорошее
25.26,68.39,46.65,55.7,80.83,8834.52,102.0,Все работают,Хорошее
3.61,30.35,35.47,550.47,39.71,4278.71,82.0,Все работают,Оптимальное
78.3,95.7,92.71,9.77,98.01,9936.09,274.0,Критический сервис остановлен,Критическое с риском отказа
13.96,31.67,48.0,978.69,17.03,1159.43,90.0,Все работают,Оптимальное
55.05,53.45,65.3,362.8,52.81,8142.87,84.0,Все работают,Хорошее
42.03,7.31,84.88,38.94,41.59,9750.82,286.0,Все работают,Критическое
73.12,9.49,20.44,37.71,98.83,8523.27,121.0,Все работают,Критическое с риском отказа
82.03,12.72,35.93,811.83,91.63,9010.67,107.0,Все работают,Критическое
69.85,71.21,76.5,26.11,93.48,8999.89,448.0,Некоторые остановлены,Критическое
96.45,97.07,25.08,22.65,93.04,2401.81,0.0,Критический сервис остановлен,Критическое с риском отказа
79.64,94.14,51.21,8.25,96.19,8925.64,116.0,Некоторые остановлены,Критическое с риском отказа
34.39,94.68,32.14,15.23,78.0,8858.83,279.0,Некоторые остановлены,Критическое
55.3,95.83,65.12,6.64,53.07,641.08,580.0,Некоторые остановлены,Критическое с риском отказа
80.72,64.24,61.65,51.6,99.61,2434.33,197.0,Все работают,Критическое с риском отказа
0.68,7.51,101.83,293.11,98.03,8235.19,44.0,Критический сервис остановлен,Критическое с риском отказа
12.32,31.77,37.51,865.76,55.33,2272.95,51.0,Все работают,Оптимальное
31.32,54.67,47.03,58.97,84.43,8021.97,120.0,Все работают,Хорошее
41.31,46.68,38.86,572.51,77.26,8994.17,41.0,Все работают,Хорошее
1.57,21.64,65.85,79.94,45.43,8970.5,85.0,Все работают,Хорошее
22.79,33.46,44.43,904.07,37.04,2230.79,63.0,Все работают,Оптимальное
12.0,36.12,35.28,697.81,47.76,2387.71,45.0,Все работают,Оптимальное
16.38,1.67,51.12,382.36,79.07,8500.38,35.0,Все работают,Хорошее
14.78,9.43,44.6,499.46,50.73,7569.07,38.0,Все работают,Оптимальное
11.71,12.25,22.76,30.1,92.28,9328.57,76.0,Некоторые остановлены,Критическое
14.68,18.94,22.08,462.79,54.3,6657.86,69.0,Все работают,Оптимальное
2.87,21.5,31.07,943.58,11.07,2671.15,63.0,Все работают,Оптимальное
3.48,34.08,25.4,331.06,54.68,6820.87,61.0,Все работают,Оптимальное
21.15,39.06,41.87,425.69,17.08,7731.62,38.0,Все работают,Оптимальное
27.61,28.76,39.27,314.72,1.3,367.61,76.0,Все работают,Оптимальное
8.08,27.33,41.64,509.95,5.29,5086.38,40.0,Все работают,Оптимальное
24.63,36.15,29.72,456.82,45.69,1625.45,30.0,Все работают,Оптимальное
9.97,26.81,49.35,259.16,48.89,2451.5,55.0,Все работают,Оптимальное
32.21,28.07,71.92,236.55,14.37,8380.29,161.0,Критический сервис остановлен,Критическое с риском отказа
67.04,94.28,68.17,706.98,2.35,9790.1,166.0,Все работают,Критическое
22.44,39.82,33.98,367.17,7.78,7298.86,33.0,Все работают,Оптимальное
49.96,64.46,40.5,70.89,71.35,8741.89,91.0,Все работают,Хорошее
55.75,52.38,27.96,76.06,71.91,6814.41,122.0,Все работают,Хорошее
8.52,12.23,47.67,326.47,60.46,4799.63,96.0,Все работают,Оптимальное
2.0,54.05,31.1,428.64,78.27,8595.41,65.0,Все работают,Хорошее
56.85,90.56,63.09,827.89,84.34,8624.77,99.0,Все работают,Критическое
10.55,18.18,28.59,103.84,1.88,2400.53,69.0,Все работают,Оптимальное
29.08,31.85,34.1,284.45,95.91,8547.89,71.0,Некоторые остановлены,Критическое
20.2,41.8,33.0,55.07,91.17,577.02,339.0,Некоторые остановлены,Критическое
8.8,34.02,40.37,201.61,31.32,4840.66,43.0,Все работают,Оптимальное
46.21,34.77,43.7,237.72,80.9,8810.35,157.0,Все работают,Хорошее
49.65,25.37,46.11,631.99,22.45,8894.45,189.0,Все работают,Хорошее
78.55,75.24,58.23,213.26,92.49,252.37,277.0,Все работают,Критическое
23.31,17.5,46.12,550.66,41.91,1138.53,92.0,Все работают,Оптимальное
56.72,54.01,55.9,180.53,61.36,8508.53,168.0,Все работают,Хорошее
1.07,37.27,21.25,64.74,80.23,1390.32,79.0,Все работают,Хорошее
18.22,29.34,49.67,940.77,46.41,7108.33,96.0,Все работают,Оптимальное
58.87,27.34,53.15,504.07,71.76,2614.86,169.0,Все работают,Хорошее
57.75,36.17,80.37,65.11,95.3,9612.89,75.0,Все работают,Критическое
54.08,12.3,73.33,59.59,72.27,3476.36,168.0,Все работают,Хорошее
17.36,21.68,38.5,530.01,34.6,3404.62,61.0,Все работают,Оптимальное
20.17,44.47,38.76,62.42,70.53,8593.89,84.0,Все работают,Хорошее
5.39,27.0,63.91,875.47,76.38,8748.81,188.0,Все работают,Хорошее
5.57,35.93,35.45,248.13,28.07,6132.88,43.0,Все работают,Оптимальное
26.44,11.21,21.38,303.06,55.54,4934.54,59.0,Все работают,Оптимальное
18.5,27.87,27.08,371.43,45.73,6592.06,61.0,Все работают,Оптимальное
99.38,95.65,65.05,560.78,98.81,6034.93,466.0,Все работают,Критическое с риском отказа
68.86,17.74,98.46,70.71,88.19,4791.06,32.0,Некоторые остановлены,Критическое
27.28,14.67,20.89,114.1,31.66,3985.75,47.0,Все работают,Оптимальное
18.55,9.72,31.27,179.81,4.19,6837.81,68.0,Все работают,Оптимальное
45.83,41.54,32.72,665.15,17.34,8138.2,163.0,Все работают,Хорошее
43.0,76.83,36.55,64.04,94.87,9181.22,494.0,Все работают,Критическое
13.17,19.33,33.68,93.78,23.53,7124.42,48.0,Все работают,Оптимальное
5.15,33.19,48.81,505.59,57.57,5729.97,91.0,Все работают,Оптимальное
52.75,41.07,69.49,344.68,79.31,2831.04,106.0,Все работают,Хорошее
0.38,41.22,49.93,981.84,0.18,8413.18,166.0,Все работают,Хорошее
87.83,53.91,95.79,57.74,81.27,8294.5,31.0,Все работают,Критическое
61.82,66.28,74.25,694.01,92.58,9191.34,321.0,Некоторые остановлены,Критическое
19.5,37.84,103.87,2.88,53.5,9885.03,88.0,Все работают,Критическое с риском отказа
2.19,69.63,30.48,67.99,12.61,8680.82,44.0,Все работают,Хорошее
46.58,38.16,50.89,68.43,6.95,8637.5,161.0,Все работают,Хорошее
44.59,56.15,73.7,59.31,71.95,2985.08,176.0,Все работают,Хорошее
68.34,49.26,74.13,33.05,57.8,186.36,322.0,Все работают,Критическое
88.91,16.01,69.07,483.57,96.61,9117.81,399.0,Все работают,Критическое
40.74,22.58,53.79,783.34,77.98,1917.34,100.0,Все работают,Хорошее
20.34,34.2,31.34,173.09,67.44,2366.94,79.0,Все работают,Оптимальное
9.99,31.89,39.2,750.7,59.01,7507.13,79.0,Все работают,Оптимальное
61.07,4.45,79.96,754.55,95.61,9272.94,422.0,Все работают,Критическое
13.18,20.1,21.48,405.18,59.33,3001.78,67.0,Все работают,Оптимальное
85.4,65.12,49.56,15.6,89.01,720.61,361.0,Все работают,Критическое
10.51,29.08,36.53,612.61,52.53,7318.22,32.0,Все работают,Оптимальное
5.59,31.6,80.55,53.48,71.25,9114.15,188.0,Некоторые остановлены,Критическое
18.54,31.6,43.29,982.51,19.27,7170.2,84.0,Все работают,Оптимальное
52.59,9.14,25.57,72.15,43.64,8968.46,112.0,Все работают,Хорошее
20.71,61.87,84.99,21.95,95.36,8645.72,62.0,Все работают,Критическое
22.84,6.38,25.77,889.28,61.57,2981.03,71.0,Все работают,Оптимальное
62.43,42.62,39.66,37.64,65.14,2524.48,223.0,Некоторые остановлены,Критическое
18.75,29.49,40.13,557.91,0.28,1033.94,85.0,Все работают,Оптимальное
26.73,7.8,30.79,451.39,48.64,1089.91,47.0,Все работают,Оптимальное
14.39,51.58,65.22,53.58,84.81,5586.74,168.0,Все работают,Хорошее
9.31,24.02,42.7,195.16,64.78,5710.53,96.0,Все работают,Оптимальное
58.01,50.44,68.64,66.66,9.03,9127.35,485.0,Некоторые остановлены,Критическое
48.99,49.98,62.69,575.02,8.47,8961.03,65.0,Все работают,Хорошее
16.9,28.83,44.32,405.35,22.25,1867.53,65.0,Все работают,Оптимальное
65.54,11.16,97.71,37.69,89.6,8054.46,130.0,Все работают,Критическое
51.22,2.22,26.8,294.37,81.48,7627.21,89.0,Все работают,Хорошее
36.02,45.3,38.73,55.16,71.56,8451.85,164.0,Все работают,Хорошее
34.79,90.85,64.29,398.47,74.95,9285.66,448.0,Некоторые остановлены,Критическое
27.83,11.88,24.78,898.16,15.72,6778.46,59.0,Все работают,Оптимальное
29.39,8.19,34.13,996.47,23.79,5144.54,88.0,Все работают,Оптимальное
21.6,56.65,41.44,232.98,79.59,3346.66,104.0,Все работают,Хорошее
2.74,33.43,39.16,247.9,31.42,7910.35,86.0,Все работают,Оптимальное
79.92,31.14,94.96,41.59,71.15,9850.04,93.0,Все работают,Критическое
22.83,20.81,43.4,235.81,17.12,1219.44,100.0,Все работают,Оптимальное
8.06,11.99,31.51,876.07,58.29,6229.49,86.0,Все работают,Оптимальное
11.52,12.3,31.12,216.44,42.74,5900.92,85.0,Все работают,Оптимальное
2.37,7.01,38.32,513.16,81.37,883.2,128.0,Все работают,Хорошее
48.69,46.88,35.92,78.72,5.47,8424.37,102.0,Все работают,Хорошее
34.34,45.91,22.11,63.54,48.66,8493.91,138.0,Все работают,Хорошее
0.88,22.65,46.8,779.45,59.6,5307.61,50.0,Все работают,Оптимальное
23.27,5.21,35.36,645.53,4.79,4099.81,52.0,Все работают,Оптимальное
26.84,14.26,38.87,152.79,33.79,5342.43,67.0,Все работают,Оптимальное
26.08,47.27,21.35,70.58,69.67,8435.81,89.0,Все работают,Хорошее
99.32,91.33,59.76,68.74,80.37,8725.18,88.0,Критический сервис остановлен,Критическое с риском отказа
57.27,76.46,98.05,31.45,29.01,2939.49,293.0,Все работают,Критическое
78.0,96.56,99.52,77.38,71.87,9278.21,848.0,Критический сервис остановлен,Критическое с риском отказа
46.6,46.4,63.13,56.01,31.23,8608.02,186.0,Все работают,Хорошее
88.42,82.33,20.79,54.5,92.54,1831.92,109.0,Все работают,Критическое
12.22,7.83,34.98,124.75,68.32,6469.38,74.0,Все работают,Оптимальное
24.45,70.74,47.37,812.16,21.92,9642.96,37.0,Все работают,Критическое
43.77,41.54,26.29,103.76,91.15,9789.4,124.0,Все работают,Критическое
11.33,40.84,26.12,74.62,81.84,4434.39,167.0,Все работают,Хорошее
70.74,34.58,60.97,12.31,91.1,8825.74,411.0,Некоторые остановлены,Критическое
21.59,12.26,46.27,230.54,21.59,2262.82,80.0,Все работают,Оптимальное
31.86,98.73,106.12,47.16,99.33,9558.94,446.0,Все работают,Критическое с риском отказа
10.97,38.74,41.94,421.78,6.3,1838.85,85.0,Все работают,Оптимальное
9.94,69.08,33.77,57.42,84.2,8918.22,37.0,Все работают,Хорошее
26.99,36.53,20.88,641.48,42.76,436.96,77.0,Все работают,Оптимальное
11.42,28.74,76.66,63.36,97.62,9559.6,461.0,Некоторые остановлены,Критическое
7.39,11.75,31.96,422.32,27.72,3151.86,44.0,Все работают,Оптимальное
16.8,12.77,64.54,255.08,23.57,1523.26,144.0,Все работают,Хорошее
10.54,38.62,28.64,439.42,10.51,7459.83,34.0,Все работают,Оптимальное
46.39,26.68,26.96,76.9,35.97,5925.28,182.0,Все работают,Хорошее
37.83,83.22,81.23,73.9,14.96,9760.77,81.0,Все работают,Критическое
18.08,12.24,42.04,985.04,12.42,4783.47,84.0,Все работают,Оптимальное
92.4,71.62,88.83,1.53,8.84,9338.88,964.0,Все работают,Критическое с риском отказа
30.33,30.24,43.61,79.19,24.28,3762.56,110.0,Все работают,Хорошее
80.88,98.34,87.64,0.63,2.98,2973.09,641.0,Все работают,Критическое с риском отказа
0.62,15.53,35.71,873.18,68.76,6002.16,45.0,Все работают,Оптимальное
67.2,89.11,71.38,35.57,87.75,9623.03,188.0,Некоторые остановлены,Критическое
17.87,97.36,117.71,46.64,94.12,8513.96,384.0,Критический сервис остановлен,Критическое с риском отказа
29.56,26.07,45.95,384.1,63.37,7614.96,54.0,Все работают,Оптимальное
9.0,1.81,20.51,122.13,39.65,5356.17,40.0,Все работают,Оптимальное
37.16,21.7,46.27,77.93,79.18,8276.23,73.0,Все работают,Хорошее
26.15,9.73,61.54,96.18,31.23,8642.68,199.0,Все работают,Хорошее
24.9,41.47,43.04,929.31,65.05,5244.11,244.0,Некоторые остановлены,Критическое
4.24,86.32,87.57,39.02,80.94,5033.41,194.0,Все работают,Критическое
12.87,9.68,42.16,239.16,45.87,6556.61,92.0,Все работают,Оптимальное
51.69,9.6,72.82,19.13,93.53,7572.38,309.0,Все работают,Критическое
8.79,22.82,25.83,845.39,40.95,7142.15,84.0,Все работают,Оптимальное
24.33,67.75,97.11,12.35,77.35,5101.98,564.0,Все работают,Критическое с риском отказа
91.18,76.75,108.22,4.89,98.32,8749.26,311.0,Критический сервис остановлен,Критическое с риском отказа
14.41,26.12,32.63,208.22,69.47,6473.31,38.0,Все работают,Оптимальное
25.56,25.15,27.39,900.5,1.72,4156.61,68.0,Все работают,Оптимальное
10.1,36.86,25.65,973.32,4.22,2380.69,88.0,Все работают,Оптимальное
59.12,62.83,73.29,59.16,80.22,613.44,40.0,Все работают,Хорошее
63.12,89.77,53.17,526.29,97.95,6180.82,365.0,Некоторые остановлены,Критическое
20.32,5.41,39.19,909.08,15.18,1203.02,62.0,Все работают,Оптимальное
4.13,33.02,31.16,503.43,35.92,1267.76,93.0,Все работают,Оптимальное
25.12,82.22,57.45,71.95,91.19,3197.07,374.0,Все работают,Критическое
55.92,17.45,60.45,563.58,51.34,8517.59,35.0,Все работают,Хорошее
56.23,14.67,90.57,12.06,7.62,5154.64,360.0,Все работают,Критическое
61.71,72.46,60.97,642.78,95.44,9185.26,37.0,Все работают,Критическое
38.32,43.78,37.98,686.59,83.0,3240.61,46.0,Все работают,Хорошее
23.95,8.36,25.78,949.48,16.95,7991.27,87.0,Все работают,Оптимальное
3.82,0.39,41.97,0.22,99.62,752.88,0.0,Все работают,Критическое с риском отказа
34.91,10.65,68.4,66.0,47.78,9274.11,7.0,Все работают,Критическое с риском отказа
13.65,20.82,32.26,925.79,73.31,8358.16,54.0,Все работают,Хорошее
25.89,70.06,57.27,61.05,72.75,8148.83,368.0,Все работают,Критическое
69.9,23.39,46.16,30.09,23.05,9313.11,112.0,Все работают,Критическое
3.3,11.97,49.14,772.29,33.78,829.55,60.0,Все работают,Оптимальное
25.66,88.02,79.52,7.82,86.07,9566.4,751.0,Некоторые остановлены,Критическое с риском отказа
0.45,24.02,40.18,963.25,38.23,2751.27,42.0,Все работают,Оптимальное
29.82,26.16,31.78,213.84,14.17,7699.25,30.0,Все работают,Оптимальное
70.49,42.89,98.69,491.29,87.96,8494.94,468.0,Все работают,Критическое
26.08,2.68,24.67,85.45,68.85,3681.69,90.0,Все работают,Оптимальное
20.23,21.02,35.62,303.98,12.15,6370.9,89.0,Все работают,Оптимальное
21.15,65.76,72.88,316.67,73.24,8755.43,132.0,Все работают,Хорошее
18.1,53.56,68.21,580.52,33.26,8057.65,200.0,Все работают,Хорошее
26.99,11.11,23.9,754.51,44.98,5006.61,30.0,Все работают,Оптимальное
84.07,94.89,54.25,34.46,99.06,8432.05,244.0,Критический сервис остановлен,Критическое с риском отказа
84.6,66.13,28.56,30.0,80.94,8458.1,165.0,Все работают,Критическое
16.07,17.35,26.7,133.23,13.29,7421.64,46.0,Все работают,Оптимальное
55.37,88.13,99.44,40.57,22.36,8902.54,289.0,Критический сервис остановлен,Критическое с риском отказа
54.75,68.02,42.05,206.7,15.85,5374.14,32.0,Все работают,Хорошее
35.91,37.4,69.66,499.92,66.72,8578.72,46.0,Все работают,Хорошее
21.89,32.53,31.58,86.97,54.6,3379.27,51.0,Все работают,Оптимальное
15.82,60.4,34.86,64.13,12.69,8097.66,91.0,Все работают,Хорошее
34.1,97.45,108.0,75.31,94.51,9602.21,262.0,Все работают,Критическое с риском отказа
44.93,43.24,58.45,689.0,42.36,4070.31,100.0,Все работают,Хорошее
14.32,31.31,25.41,786.71,34.23,5802.52,30.0,Все работают,Оптимальное
71.51,63.56,95.1,689.29,95.06,9874.01,393.0,Все работают,Критическое
17.09,32.29,34.48,844.36,24.86,778.62,45.0,Все работают,Оптимальное
21.02,30.33,40.7,479.99,44.44,322.33,83.0,Все работают,Оптимальное
2.02,43.87,66.69,269.07,83.08,6880.4,99.0,Все работают,Хорошее
50.35,98.56,79.48,5.2,99.85,9148.61,453.0,Критический сервис остановлен,Критическое с риском отказа
4.91,55.27,34.44,62.26,82.24,7409.12,43.0,Все работают,Хорошее
14.94,38.82,46.75,200.79,65.21,5276.94,80.0,Все работают,Оптимальное
40.32,68.57,47.42,65.21,78.85,1170.78,377.0,Критический сервис остановлен,Критическое с риском отказа
39.04,2.04,45.58,50.53,2.94,1074.54,46.0,Все работают,Хорошее
93.03,47.52,113.87,54.85,59.76,9411.11,86.0,Критический сервис остановлен,Критическое с риском отказа
17.99,7.3,44.5,791.69,46.19,3743.4,100.0,Все работают,Оптимальное
51.57,46.34,74.73,892.2,72.11,8904.2,60.0,Все работают,Хорошее
5.82,4.18,29.11,419.31,15.35,5114.49,94.0,Все работают,Оптимальное
55.14,69.45,118.87,59.31,71.53,9950.39,44.0,Все работают,Критическое с риском отказа
17.08,25.27,40.2,594.42,50.2,6357.02,50.0,Все работают,Оптимальное
26.39,25.17,25.42,728.39,5.91,3343.61,85.0,Все работают,Оптимальное
10.99,12.29,33.59,372.57,69.56,788.75,43.0,Все работают,Оптимальное
39.43,3.6,65.32,205.28,82.66,8827.33,56.0,Все работают,Хорошее
58.46,1.72,69.66,77.81,29.55,8568.49,41.0,Все работают,Хорошее
1.26,15.48,22.84,580.93,25.62,7262.93,75.0,Все работают,Оптимальное
16.07,14.98,48.66,688.03,73.69,6642.67,100.0,Все работают,Хорошее
93.9,2.9,94.51,704.39,3.15,724.61,6.0,Все работают,Критическое с риском отказа
95.68,92.66,31.32,15.97,82.8,5437.34,418.0,Некоторые остановлены,Критическое с риском отказа
35.53,26.15,57.07,67.52,81.42,3607.46,64.0,Все работают,Хорошее
27.8,67.33,51.72,76.6,73.71,8068.9,78.0,Все работают,Хорошее
25.11,99.72,108.28,17.03,98.66,8470.13,175.0,Все работают,Критическое с риском отказа
23.23,36.79,31.22,736.99,13.77,5794.98,81.0,Все работают,Оптимальное
27.46,9.08,49.58,50.85,83.59,2504.49,91.0,Все работают,Хорошее
18.67,7.39,40.0,540.39,44.71,6233.02,65.0,Все работают,Оптимальное
92.91,55.44,55.25,69.34,86.08,1868.16,245.0,Критический сервис остановлен,Критическое с риском отказа
79.83,87.04,20.61,27.57,90.39,5264.7,297.0,Все работают,Критическое
16.48,3.86,31.13,523.56,62.82,3943.26,72.0,Все работают,Оптимальное
75.36,75.54,39.39,12.92,81.22,1494.35,230.0,Все работают,Критическое
20.12,7.28,49.37,982.69,19.64,5362.31,48.0,Все работают,Оптимальное
22.88,39.57,22.57,896.78,64.84,5574.92,35.0,Все работают,Оптимальное
21.79,33.89,23.81,985.99,3.05,5573.4,75.0,Все работают,Оптимальное
88.81,76.18,39.84,40.39,0.18,8957.05,494.0,Все работают,Критическое
15.05,8.31,25.4,762.68,11.32,3047.21,83.0,Все работают,Оптимальное
30.49,67.12,65.25,57.02,73.5,2058.14,192.0,Все работают,Хорошее
16.67,67.44,57.19,668.07,81.38,7581.96,110.0,Все работают,Хорошее
22.15,15.23,27.14,721.19,12.43,6564.11,97.0,Все работают,Оптимальное
12.34,31.17,37.92,618.76,0.47,1116.81,76.0,Все работают,Оптимальное
48.08,9.27,21.08,282.78,80.96,8582.77,157.0,Все работают,Хорошее
0.79,90.79,56.11,55.85,99.81,6405.48,495.0,Критический сервис остановлен,Критическое с риском отказа
62.93,95.28,56.65,856.2,79.57,9674.36,2.0,Некоторые остановлены,Критическое с риском отказа
23.42,78.7,74.26,74.38,75.25,9943.35,193.0,Некоторые остановлены,Критическое
13.95,12.48,35.94,967.77,11.42,6639.63,34.0,Все работают,Оптимальное
66.0,85.14,47.32,47.93,75.44,9600.28,141.0,Все работают,Критическое
25.75,7.5,34.33,765.87,28.25,3246.06,68.0,Все работают,Оптимальное
94.61,35.84,56.13,522.51,34.45,1536.76,423.0,Критический сервис остановлен,Критическое с риском отказа
74.78,78.45,65.08,59.75,83.98,8269.78,723.0,Все работают,Критическое с риском отказа
98.58,95.63,23.42,124.02,85.52,9280.24,184.0,Критический сервис остановлен,Критическое с риском отказа
8.58,34.52,28.74,786.83,0.33,4566.29,77.0,Все работают,Оптимальное
40.27,2.39,51.86,656.15,71.11,462.83,64.0,Все работают,Хорошее
40.07,26.63,52.4,550.21,83.59,102.97,69.0,Все работают,Хорошее
27.14,35.81,40.3,76.89,75.64,8402.72,137.0,Все работают,Хорошее
24.85,25.76,28.57,569.94,53.3,603.25,85.0,Все работают,Оптимальное
47.9,29.48,66.36,51.41,61.38,8055.27,37.0,Все работают,Хорошее
65.41,33.93,54.09,63.86,36.59,8552.68,414.0,Все работают,Критическое
8.64,29.42,23.52,183.55,0.83,6668.68,58.0,Все работают,Оптимальное
2.82,57.54,91.93,704.54,72.65,9785.14,38.0,Все работают,Критическое
22.73,41.15,44.87,69.25,77.04,6292.47,144.0,Все работают,Хорошее
16.51,62.01,44.5,1.2,99.23,4605.21,81.0,Все работают,Критическое с риском отказа
52.7,38.04,68.74,64.92,84.0,8839.84,102.0,Все работают,Хорошее
21.33,7.37,47.61,602.42,80.65,9726.94,94.0,Некоторые остановлены,Критическое
42.82,9.38,39.62,351.97,99.71,9818.44,6.0,Критический сервис остановлен,Критическое с риском отказа
83.2,43.45,21.95,72.26,97.2,8977.66,167.0,Некоторые остановлены,Критическое
10.59,35.49,24.54,770.27,29.81,6478.0,51.0,Все работают,Оптимальное
72.28,76.29,95.38,687.82,90.93,8416.89,475.0,Некоторые остановлены,Критическое
12.83,38.65,35.48,751.51,27.17,5255.1,59.0,Все работают,Оптимальное
41.22,34.99,66.82,770.49,18.91,8457.23,110.0,Все работают,Хорошее
10.27,50.57,48.17,573.13,45.25,8556.42,131.0,Все работают,Хорошее
7.92,39.3,38.87,969.52,46.12,6474.27,82.0,Все работают,Оптимальное
86.88,98.34,116.48,2.5,90.36,9518.0,159.0,Все работают,Критическое с риском отказа
41.07,24.11,23.63,70.7,43.41,8271.94,76.0,Все работают,Хорошее
60.11,15.19,66.34,497.99,79.51,9426.98,228.0,Все работают,Критическое
48.02,24.53,44.18,267.27,83.85,8744.45,63.0,Все работают,Хорошее
15.45,38.64,34.34,515.45,66.52,1821.24,94.0,Все работают,Оптимальное
16.57,3.57,29.77,974.92,41.81,5765.91,74.0,Все работают,Оптимальное
60.58,95.89,100.11,6.61,91.02,8442.07,158.0,Критический сервис остановлен,Критическое с риском отказа
33.83,37.67,69.12,54.49,71.57,8899.31,139.0,Все работают,Хорошее
22.21,28.6,36.51,398.67,51.03,1862.65,37.0,Все работают,Оптимальное
23.92,3.09,27.0,705.34,69.12,5196.38,46.0,Все работают,Оптимальное
49.97,69.35,60.09,58.57,0.15,146.78,163.0,Все работают,Хорошее
52.7,91.29,31.63,11.58,88.45,9768.5,341.0,Все работают,Критическое
20.59,0.48,33.57,477.55,56.95,6799.75,70.0,Все работают,Оптимальное
15.98,28.83,40.19,229.68,46.71,5015.94,98.0,Все работают,Оптимальное
60.0,77.95,93.16,22.52,53.66,704.01,484.0,Некоторые остановлены,Критическое
24.32,96.42,87.98,70.12,89.3,7899.86,3.0,Критический сервис остановлен,Критическое с риском отказа
61.1,78.6,80.29,12.46,71.92,8600.73,409.0,Некоторые остановлены,Критическое
7.58,31.33,41.73,671.17,67.08,854.01,82.0,Все работают,Оптимальное
24.31,9.59,40.95,207.43,17.17,2107.41,98.0,Все работают,Оптимальное
25.93,98.7,28.72,4.3,98.2,8542.67,271.0,Все работают,Критическое с риском отказа
21.92,96.88,35.52,48.77,89.53,8352.21,487.0,Критический сервис остановлен,Критическое с риском отказа
24.38,0.77,42.77,669.42,61.11,5982.48,88.0,Все работают,Оптимальное
37.42,60.04,37.26,276.88,76.14,8495.95,80.0,Все работают,Хорошее
42.12,32.31,45.89,66.01,86.87,9355.72,487.0,Некоторые остановлены,Критическое
5.88,29.51,22.62,297.42,11.47,6601.54,73.0,Все работают,Оптимальное
59.06,12.68,59.25,868.4,76.59,8349.57,107.0,Все работают,Хорошее
13.9,13.92,46.09,325.49,10.81,7885.59,48.0,Все работают,Оптимальное
18.8,10.66,56.27,447.51,89.2,8924.93,357.0,Все работают,Критическое
73.81,52.84,99.28,71.96,34.31,9809.89,122.0,Все работают,Критическое
73.64,66.24,52.55,74.76,0.11,4944.9,158.0,Все работают,Критическое
8.39,4.84,24.71,457.69,61.14,5624.34,37.0,Все работают,Оптимальное
36.0,22.11,57.52,65.72,5.61,6642.3,154.0,Все работают,Хорошее
0.85,17.83,44.52,423.07,12.96,2277.52,72.0,Все работают,Оптимальное
12.07,27.58,92.08,58.15,83.2,9703.41,156.0,Некоторые остановлены,Критическое
12.25,36.09,27.83,383.8,28.37,2459.65,87.0,Все работают,Оптимальное
7.87,31.96,48.28,134.79,69.63,5000.75,50.0,Все работают,Оптимальное
36.53,54.59,114.58,2.72,99.41,8102.46,8.0,Некоторые остановлены,Критическое с риском отказа
70.58,52.43,36.51,70.74,72.99,1115.59,313.0,Некоторые остановлены,Критическое
21.75,40.7,94.66,50.36,96.05,6560.63,199.0,Все работают,Критическое
42.3,35.93,43.86,71.32,50.72,8319.94,106.0,Все работают,Хорошее
4.95,41.19,38.22,883.82,83.77,4420.38,172.0,Все работают,Хорошее
12.64,24.2,46.93,214.69,28.45,5381.98,38.0,Все работают,Оптимальное
95.2,21.95,119.34,468.8,3.38,8659.65,302.0,Все работают,Критическое с риском отказа
21.31,67.71,70.55,57.67,75.28,8699.6,44.0,Все работают,Хорошее
15.95,51.72,96.83,12.17,95.1,9822.41,51.0,Все работают,Критическое
18.01,16.1,29.24,117.12,35.79,192.58,82.0,Все работают,Оптимальное
59.67,22.65,44.67,454.84,2.98,6080.59,45.0,Все работают,Хорошее
1.07,71.46,33.47,16.2,90.16,9886.93,245.0,Все работают,Критическое
41.18,12.32,74.55,841.64,19.56,8331.75,64.0,Все работают,Хорошее
94.73,51.84,78.13,8.07,98.41,9737.85,49.0,Все работают,Критическое с риском отказа
2.03,1.61,49.02,169.33,30.58,6872.92,80.0,Все работают,Оптимальное
70.14,84.98,110.3,48.19,90.4,9437.7,130.0,Критический сервис остановлен,Критическое с риском отказа
87.74,7.77,60.31,617.45,84.61,8554.26,97.0,Некоторые остановлены,Критическое
22.64,18.66,32.42,752.56,18.03,6759.29,64.0,Все работают,Оптимальное
32.22,3.32,50.33,73.86,5.94,8734.1,56.0,Все работают,Хорошее
77.47,90.72,73.53,19.43,63.81,9739.1,39.0,Некоторые остановлены,Критическое
23.92,28.94,73.69,63.76,84.97,8338.43,194.0,Все работают,Хорошее
4.14,67.64,56.03,67.63,73.55,8220.78,71.0,Все работают,Хорошее
27.89,4.24,27.46,79.07,70.46,4912.79,83.0,Все работают,Хорошее
20.82,28.34,48.61,88.03,36.82,6846.48,97.0,Все работают,Оптимальное
40.88,68.87,46.68,57.06,13.01,8478.24,166.0,Все работают,Хорошее
72.23,48.16,77.32,249.13,76.47,33.11,227.0,Критический сервис остановлен,Критическое с риском отказа
29.74,67.19,29.89,96.36,4.15,8474.32,107.0,Все работают,Хорошее
93.9,10.68,43.01,1.31,71.39,9148.29,47.0,Все работают,Критическое с риском отказа
7.26,26.85,45.47,914.34,30.67,7793.14,63.0,Все работают,Оптимальное
55.19,71.78,41.75,279.64,73.82,740.66,110.0,Некоторые остановлены,Критическое
7.04,23.01,57.84,67.39,72.44,1511.69,188.0,Все работают,Хорошее
14.31,19.21,37.16,126.11,9.44,59.95,49.0,Все работают,Оптимальное
17.28,42.44,83.36,37.17,89.04,9550.06,122.0,Некоторые остановлены,Критическое
21.95,23.52,58.27,64.34,47.7,8552.66,42.0,Все работают,Хорошее
19.35,22.27,26.3,452.55,18.99,490.25,65.0,Все работают,Оптимальное
6.5,47.64,66.07,51.09,24.7,8887.01,33.0,Все работают,Хорошее
19.58,50.34,53.57,62.97,97.52,9187.87,313.0,Все работают,Критическое
5.85,33.02,26.49,547.63,67.89,3383.1,63.0,Все работают,Оптимальное
16.39,28.09,23.75,643.36,48.0,752.09,34.0,Все работают,Оптимальное
33.11,18.6,102.51,47.7,75.06,8808.09,720.0,Критический сервис остановлен,Критическое с риском отказа
39.77,1.44,44.97,75.34,28.31,1638.75,77.0,Все работают,Хорошее
38.57,57.02,89.15,963.76,93.62,9397.86,59.0,Некоторые остановлены,Критическое
99.4,58.46,118.71,449.51,99.0,9417.53,45.0,Все работают,Критическое с риском отказа
66.75,94.76,51.33,24.73,38.94,8521.25,111.0,Все работают,Критическое
29.71,1.72,47.15,265.74,6.45,4578.44,79.0,Все работают,Оптимальное
23.05,16.81,63.26,751.49,73.26,6062.2,132.0,Все работают,Хорошее
3.06,12.6,21.62,725.15,32.0,3735.92,81.0,Все работают,Оптимальное
29.47,54.72,25.55,54.43,8.23,8194.22,141.0,Все работают,Хорошее
25.13,18.44,57.74,626.99,64.41,8359.22,472.0,Некоторые остановлены,Критическое
5.12,28.61,91.37,60.45,34.6,3077.84,312.0,Некоторые остановлены,Критическое
16.39,5.65,89.84,71.79,23.76,2899.05,82.0,Все работают,Критическое
1.08,27.26,27.95,263.33,50.39,5614.14,77.0,Все работают,Оптимальное
19.16,21.47,46.41,392.53,60.0,2914.62,49.0,Все работают,Оптимальное
66.01,76.18,89.41,8.73,58.16,8255.09,2.0,Все работают,Критическое с риском отказа
1.38,11.83,21.46,677.91,59.66,6573.91,94.0,Все работают,Оптимальное
36.78,23.39,84.32,910.18,99.89,5698.47,148.0,Некоторые остановлены,Критическое с риском отказа
75.81,78.22,88.06,78.52,92.13,8145.94,93.0,Все работают,Критическое
24.7,93.15,85.92,737.94,99.03,9317.13,42.0,Все работают,Критическое с риском отказа
7.86,21.88,68.33,63.0,71.83,124.83,41.0,Все работают,Хорошее
26.03,11.0,22.41,196.22,39.61,1153.09,37.0,Все работают,Оптимальное
29.51,35.24,74.21,791.31,90.67,3416.13,35.0,Некоторые остановлены,Критическое
14.39,4.69,25.24,806.55,6.6,6513.81,60.0,Все работают,Оптимальное
14.75,16.48,23.65,555.52,30.69,801.15,91.0,Все работают,Оптимальное
0.05,33.98,42.1,421.89,21.21,5103.95,44.0,Все работают,Оптимальное
12.31,87.92,79.03,849.25,2.7,523.97,376.0,Некоторые остановлены,Критическое
47.39,57.43,39.47,100.37,78.1,3761.5,163.0,Все работают,Хорошее
6.16,8.89,28.71,257.32,65.4,4370.1,89.0,Все работают,Оптимальное
12.36,31.12,40.41,990.7,20.84,4348.92,39.0,Все работают,Оптимальное
57.11,59.24,65.45,71.15,1.2,7870.52,87.0,Все работают,Хорошее
0.26,5.57,26.77,306.75,66.07,1558.41,58.0,Все работают,Оптимальное
42.54,99.19,48.58,463.22,99.1,9018.07,275.0,Все работают,Критическое с риском отказа
18.81,19.22,45.59,420.01,45.53,6151.37,65.0,Все работают,Оптимальное
71.28,75.9,88.55,19.16,87.73,8602.73,140.0,Некоторые остановлены,Критическое
10.29,18.59,47.51,838.95,5.4,6876.83,68.0,Все работают,Оптимальное
13.52,60.1,46.09,740.41,38.79,6709.08,150.0,Все работают,Хорошее
2.82,28.22,21.22,748.8,20.14,3261.1,44.0,Все работают,Оптимальное
94.51,8.37,107.26,34.12,21.16,9868.24,148.0,Критический сервис остановлен,Критическое с риском отказа
10.82,47.97,42.98,919.05,49.79,8353.23,92.0,Все работают,Хорошее
14.91,53.98,44.03,115.02,23.42,8276.17,33.0,Все работают,Хорошее
27.32,24.54,49.46,197.69,59.01,5589.47,31.0,Все работают,Оптимальное
3.96,36.4,24.57,453.74,11.61,457.55,82.0,Все работают,Оптимальное
56.42,55.89,52.42,67.59,18.14,8531.73,31.0,Все работают,Хорошее
16.85,4.49,52.35,395.63,84.25,8269.89,96.0,Все работают,Хорошее
5.84,58.06,39.36,67.61,54.92,8582.86,123.0,Все работают,Хорошее
5.15,32.73,27.53,554.27,51.02,4175.98,47.0,Все работают,Оптимальное
4.2,29.86,41.32,293.7,56.48,3426.03,98.0,Все работают,Оптимальное
2.46,22.18,36.02,190.97,52.21,1039.14,42.0,Все работают,Оптимальное
20.53,41.47,26.32,506.47,1.78,8177.39,84.0,Все работают,Хорошее
16.93,38.74,44.0,739.44,12.08,5770.55,79.0,Все работают,Оптимальное
91.74,97.42,95.4,235.63,98.56,6115.09,70.0,Критический сервис остановлен,Критическое с риском отказа
47.13,34.96,45.29,51.25,47.51,8323.69,80.0,Все работают,Хорошее
33.63,4.76,36.74,59.8,18.43,8142.99,100.0,Все работают,Хорошее
40.09,40.71,28.46,821.0,70.91,8192.15,131.0,Все работают,Хорошее
3.69,20.94,36.0,51.06,20.73,8930.98,163.0,Все работают,Хорошее
1.92,25.41,50.58,67.75,78.44,8604.65,169.0,Все работают,Хорошее
16.35,21.62,25.81,519.91,55.78,2311.28,41.0,Все работают,Оптимальное
76.24,96.83,81.7,5.97,89.77,9030.22,230.0,Все работают,Критическое с риском отказа
44.13,43.6,48.11,77.89,9.99,8350.56,53.0,Все работают,Хорошее
4.64,2.22,50.32,934.58,25.81,336.25,127.0,Все работают,Хорошее
57.46,40.19,64.23,69.79,72.9,2336.99,107.0,Все работают,Хорошее
14.98,28.56,47.92,212.69,35.83,6978.88,56.0,Все работают,Оптимальное
75.15,98.66,107.92,5.03,72.07,8063.47,691.0,Некоторые остановлены,Критическое с риском отказа
45.49,48.25,42.47,76.05,16.74,8759.71,45.0,Все работают,Хорошее
23.24,25.13,34.26,131.77,55.29,4512.71,46.0,Все работают,Оптимальное
15.33,3.44,25.93,976.75,22.78,6061.71,41.0,Все работают,Оптимальное
65.6,67.53,63.73,16.25,92.62,9134.2,94.0,Все работают,Критическое
17.85,13.7,62.57,33.27,99.27,8146.04,195.0,Критический сервис остановлен,Критическое с риском отказа
26.44,26.21,30.62,782.96,15.55,6048.55,72.0,Все работают,Оптимальное
0.53,36.74,44.7,718.8,21.92,5954.12,90.0,Все работают,Оптимальное
10.8,23.8,27.92,259.56,58.5,2427.1,41.0,Все работают,Оптимальное
34.69,61.86,51.71,857.74,81.66,8881.26,83.0,Все работают,Хорошее
4.73,23.41,88.89,75.93,92.83,9715.6,204.0,Все работают,Критическое
9.9,0.62,37.17,601.18,7.05,5107.45,32.0,Все работают,Оптимальное
5.95,9.67,70.59,69.48,77.82,4123.44,97.0,Все работают,Хорошее
26.8,5.59,37.17,472.62,46.74,2228.27,31.0,Все работают,Оптимальное
16.64,17.26,31.52,640.63,34.44,14.51,75.0,Все работают,Оптимальное
3.41,71.22,63.47,707.19,83.19,6882.34,411.0,Все работают,Критическое
6.31,42.48,25.58,76.92,75.72,8163.12,90.0,Все работают,Хорошее
53.39,74.49,36.97,70.34,97.97,9259.79,410.0,Некоторые остановлены,Критическое
98.56,51.43,57.77,2.67,94.83,8803.56,8.0,Все работают,Критическое с риском отказа
96.14,9.69,86.87,668.69,82.46,9516.88,62.0,Все работают,Критическое с риском отказа
98.86,96.66,23.2,4.64,76.09,3353.98,97.0,Все работают,Критическое с риском отказа
20.19,15.05,25.09,194.66,13.07,6952.91,32.0,Все работают,Оптимальное
33.09,82.49,115.8,37.86,98.97,1988.71,87.0,Все работают,Критическое с риском отказа
31.39,51.29,54.41,240.25,56.91,313.07,165.0,Все работают,Хорошее
88.69,55.67,41.83,972.59,96.77,3628.93,325.0,Некоторые остановлены,Критическое
67.37,81.93,29.41,267.34,78.47,7033.44,250.0,Некоторые остановлены,Критическое
58.52,82.83,31.45,254.02,96.47,9187.2,319.0,Некоторые остановлены,Критическое
58.07,67.96,42.65,779.72,74.83,8049.44,160.0,Все работают,Хорошее
37.84,69.09,47.43,963.58,46.45,8438.73,85.0,Все работают,Хорошее
69.82,75.36,55.59,46.64,79.78,8550.58,70.0,Некоторые остановлены,Критическое
99.2,95.56,73.55,50.37,79.25,5622.57,95.0,Все работают,Критическое с риском отказа
18.25,42.27,46.84,188.84,84.52,3588.07,133.0,Все работают,Хорошее
23.49,37.78,26.27,292.93,8.83,6015.57,49.0,Все работают,Оптимальное
17.77,38.55,95.68,23.94,92.77,1980.78,280.0,Некоторые остановлены,Критическое
13.55,2.76,20.29,965.54,1.63,7951.12,49.0,Все работают,Оптимальное
52.46,8.35,45.6,70.67,79.8,8043.81,35.0,Все работают,Хорошее
3.19,12.33,24.33,526.75,61.4,4794.97,88.0,Все работают,Оптимальное
26.3,27.18,22.19,298.51,32.66,2262.64,44.0,Все работают,Оптимальное
4.12,23.17,36.34,249.8,13.22,5261.48,79.0,Все работают,Оптимальное
27.87,21.06,44.87,204.28,20.39,6834.96,44.0,Все работают,Оптимальное
27.91,4.15,21.43,176.89,61.62,3069.67,43.0,Все работают,Оптимальное
19.65,8.71,39.16,223.1,45.24,1971.03,60.0,Все работают,Оптимальное
19.93,12.55,36.23,681.13,5.79,7107.96,49.0,Все работают,Оптимальное
22.49,23.4,48.89,589.1,14.91,2201.88,42.0,Все работают,Оптимальное
8.62,29.65,48.97,175.49,45.42,3096.09,43.0,Все работают,Оптимальное
6.2,36.75,32.5,137.38,47.12,7530.23,93.0,Все работают,Оптимальное
24.73,99.92,109.4,55.56,78.85,9229.33,30.0,Некоторые остановлены,Критическое с риском отказа
11.33,4.93,49.75,512.55,2.32,4680.35,64.0,Все работают,Оптимальное
65.49,94.58,29.2,46.61,86.58,9278.53,483.0,Все работают,Критическое
21.89,31.82,31.61,600.97,21.08,5002.89,51.0,Все работают,Оптимальное
99.69,88.02,105.51,6.85,43.64,8640.23,638.0,Критический сервис остановлен,Критическое с риском отказа
49.59,39.78,73.66,52.53,25.54,5122.81,155.0,Все работают,Хорошее
25.46,25.53,42.78,110.64,24.17,1585.62,71.0,Все работают,Оптимальное
32.79,40.36,68.64,448.98,27.57,8376.23,177.0,Все работают,Хорошее
26.41,25.05,46.37,906.7,26.68,1816.33,64.0,Все работают,Оптимальное
17.33,36.77,40.76,349.88,42.49,1541.07,85.0,Все работают,Оптимальное
91.03,76.71,41.12,9.79,88.8,8776.2,2.0,Все работают,Критическое с риском отказа
16.52,63.26,62.86,70.35,82.98,6200.47,67.0,Все работают,Хорошее
26.82,13.03,40.19,817.8,64.64,6656.81,91.0,Все работают,Оптимальное
35.49,83.01,39.28,32.39,82.77,9575.51,410.0,Все работают,Критическое
57.67,83.72,53.99,20.86,39.02,8878.24,422.0,Все работают,Критическое
86.98,59.0,62.57,46.96,57.87,8033.41,397.0,Все работают,Критическое
11.83,25.64,48.84,817.07,73.71,8641.97,49.0,Все работают,Хорошее
7.6,12.51,47.84,733.81,7.85,4412.08,39.0,Все работают,Оптимальное
35.65,50.26,50.12,54.8,77.73,8797.98,191.0,Все работают,Хорошее
20.16,39.73,35.86,449.75,15.6,614.94,100.0,Все работают,Оптимальное
98.92,98.74,82.51,385.15,80.83,439.45,230.0,Все работают,Критическое с риском отказа
39.65,61.08,60.96,657.1,73.34,4367.23,200.0,Все работают,Хорошее
17.84,61.85,72.27,49.65,70.28,9604.5,33.0,Все работают,Критическое
26.65,30.76,105.26,1.74,1.91,8298.77,463.0,Все работают,Критическое с риском отказа
64.66,69.97,76.98,272.39,87.02,8341.23,113.0,Все работают,Критическое
57.65,81.29,81.88,636.86,3.43,852.58,460.0,Все работают,Критическое
94.31,85.79,114.78,16.12,88.66,9939.26,71.0,Критический сервис остановлен,Критическое с риском отказа
86.4,53.33,59.75,69.36,88.57,9959.67,74.0,Некоторые остановлены,Критическое
55.0,94.67,57.78,10.03,82.72,9823.26,190.0,Все работают,Критическое
67.85,81.43,57.82,38.44,16.89,7762.25,37.0,Все работают,Критическое
29.0,26.62,33.08,190.76,1.57,6694.73,40.0,Все работают,Оптимальное
15.27,23.93,34.72,808.34,11.25,7918.33,49.0,Все работают,Оптимальное
33.47,42.83,37.16,587.69,55.35,8099.88,83.0,Все работают,Хорошее
91.99,58.94,107.46,75.1,75.87,8140.69,8.0,Критический сервис остановлен,Критическое с риском отказа
10.62,33.46,56.7,625.1,84.66,8794.97,45.0,Все работают,Хорошее
15.6,1.63,35.17,196.62,69.18,1680.48,97.0,Все работают,Оптимальное
24.24,23.17,24.08,130.06,44.16,4574.51,93.0,Все работают,Оптимальное
19.15,10.6,76.79,23.88,82.57,4330.5,76.0,Некоторые остановлены,Критическое
68.42,95.9,20.01,54.43,52.55,8191.47,559.0,Критический сервис остановлен,Критическое с риском отказа
39.34,61.76,67.19,454.06,78.64,6533.6,192.0,Все работают,Хорошее
17.68,24.43,28.59,992.82,49.44,5647.5,98.0,Все работают,Оптимальное
23.01,31.89,38.04,683.78,63.77,4125.23,95.0,Все работают,Оптимальное
14.74,4.61,26.77,535.8,42.56,5864.84,50.0,Все работают,Оптимальное
96.71,23.05,98.81,5.31,96.58,8201.36,5.0,Некоторые остановлены,Критическое с риском отказа
7.22,9.4,43.7,492.55,47.9,7614.06,96.0,Все работают,Оптимальное
59.9,97.35,75.56,2.58,84.64,5171.62,306.0,Все работают,Критическое с риском отказа
26.16,19.83,46.72,502.79,24.25,6563.49,66.0,Все работают,Оптимальное
2.22,87.58,89.5,598.34,11.98,9597.78,221.0,Все работают,Критическое
46.65,53.24,49.31,71.73,38.84,5704.24,200.0,Все работают,Хорошее
8.44,13.1,31.55,129.21,66.96,7271.36,51.0,Все работают,Оптимальное
44.21,20.71,96.82,49.53,5.86,7618.65,357.0,Некоторые остановлены,Критическое
14.69,52.65,21.35,78.48,32.5,5882.54,137.0,Все работают,Хорошее
1.26,14.57,22.81,612.27,21.35,943.16,34.0,Все работают,Оптимальное
26.72,1.2,45.15,518.44,61.01,6685.42,42.0,Все работают,Оптимальное
56.74,54.53,31.48,113.94,81.09,848.42,39.0,Все работают,Хорошее
98.49,38.97,89.6,21.07,99.24,9558.06,129.0,Некоторые остановлены,Критическое с риском отказа
91.25,99.11,73.02,654.65,33.77,8587.1,869.0,Критический сервис остановлен,Критическое с риском отказа
17.33,65.47,92.09,266.81,97.59,9852.9,175.0,Все работают,Критическое
24.25,38.58,42.04,873.39,55.26,3321.62,73.0,Все работают,Оптимальное
18.28,7.91,39.36,731.67,12.44,4512.58,43.0,Все работают,Оптимальное
5.03,66.01,72.92,1.26,85.85,4757.86,73.0,Некоторые остановлены,Критическое с риском отказа
70.23,13.27,80.35,527.77,40.63,6135.86,377.0,Некоторые остановлены,Критическое
13.73,11.36,22.0,783.53,57.42,5165.23,85.0,Все работают,Оптимальное
6.44,15.1,27.96,756.29,2.79,5612.97,36.0,Все работают,Оптимальное
10.62,64.81,40.88,155.06,88.02,9730.85,166.0,Все работают,Критическое
44.89,45.49,55.97,525.63,49.29,4755.47,162.0,Все работают,Хорошее
30.77,61.95,46.35,52.28,58.61,8925.02,187.0,Все работают,Хорошее
37.58,96.06,54.38,932.82,12.0,9766.64,163.0,Все работают,Критическое с риском отказа
20.88,20.61,66.99,64.83,80.42,5813.68,169.0,Все работают,Хорошее
50.9,19.8,56.32,622.51,72.44,1290.05,108.0,Все работают,Хорошее
78.02,38.24,32.07,16.61,19.56,8675.17,384.0,Все работают,Критическое
90.2,93.04,116.01,39.16,98.41,9127.44,78.0,Критический сервис остановлен,Критическое с риском отказа
95.72,96.41,38.53,322.62,86.01,6250.49,484.0,Все работают,Критическое с риском отказа
20.26,54.74,95.41,453.75,88.14,9725.39,425.0,Некоторые остановлены,Критическое
12.72,7.09,34.5,376.94,10.75,4570.14,55.0,Все работают,Оптимальное
80.23,78.04,84.46,31.34,72.72,3942.2,35.0,Некоторые остановлены,Критическое
15.04,17.33,21.18,616.42,9.56,6279.15,80.0,Все работают,Оптимальное
14.7,69.42,25.6,51.6,56.88,8262.15,149.0,Все работают,Хорошее
53.41,60.87,39.51,15.98,31.66,417.06,219.0,Все работают,Критическое
99.13,93.69,47.79,415.65,22.21,9050.32,30.0,Критический сервис остановлен,Критическое с риском отказа
38.47,8.53,42.49,59.05,22.57,8078.76,193.0,Все работают,Хорошее
23.63,85.95,88.37,850.76,95.06,8283.6,246.0,Все работают,Критическое
73.84,67.58,57.3,76.48,84.06,8041.28,390.0,Некоторые остановлены,Критическое
3.41,42.15,36.81,50.21,79.58,8433.41,63.0,Все работают,Хорошее
37.06,43.01,27.06,78.51,11.65,8810.1,142.0,Все работают,Хорошее
59.95,30.62,24.25,41.39,30.7,4551.6,71.0,Все работают,Критическое
56.09,6.06,93.0,397.21,77.47,8222.64,147.0,Все работают,Критическое
22.45,32.59,32.96,603.31,3.0,2118.53,78.0,Все работают,Оптимальное
36.49,47.25,73.45,947.04,77.26,8112.72,97.0,Все работают,Хорошее
23.39,5.2,46.83,221.01,35.2,8456.65,301.0,Некоторые остановлены,Критическое
20.88,19.35,24.73,336.31,28.82,6797.39,93.0,Все работают,Оптимальное
55.95,14.92,57.07,65.95,9.3,8575.1,30.0,Все работают,Хорошее
27.04,12.26,27.71,427.78,8.65,2474.07,41.0,Все работают,Оптимальное
6.56,6.97,27.67,59.75,30.45,8396.9,87.0,Все работают,Хорошее
92.21,42.35,100.96,27.49,73.32,8315.47,0.0,Все работают,Критическое с риском отказа
32.64,63.5,73.19,940.0,85.44,9759.02,392.0,Некоторые остановлены,Критическое
96.28,95.33,116.89,4.19,64.29,1243.47,2.0,Все работают,Критическое с риском отказа
13.58,33.48,27.13,965.73,19.26,744.46,62.0,Все работают,Оптимальное
88.78,65.33,81.8,602.86,86.86,9902.49,37.0,Все работают,Критическое
78.07,44.35,57.5,71.48,86.06,9332.46,175.0,Все работают,Критическое
8.0,16.17,38.65,69.66,76.86,6401.77,199.0,Все работают,Хорошее
26.75,36.86,20.84,447.64,83.9,2883.89,152.0,Все работают,Хорошее
24.85,24.97,38.52,499.57,84.26,8736.95,175.0,Все работают,Хорошее
4.49,10.36,37.74,42.9,77.44,6226.2,95.0,Некоторые остановлены,Критическое
99.74,77.85,36.07,4.77,74.17,9017.07,4.0,Некоторые остановлены,Критическое с риском отказа
29.0,82.58,95.23,18.53,56.6,8331.76,383.0,Все работают,Критическое
19.72,30.57,20.51,646.36,8.34,407.4,71.0,Все работают,Оптимальное
26.65,17.29,45.92,519.42,63.68,4199.59,81.0,Все работают,Оптимальное
87.44,86.48,83.48,48.9,87.98,8311.18,297.0,Все работают,Критическое
61.23,19.97,105.62,5.71,99.13,9912.02,69.0,Некоторые остановлены,Критическое с риском отказа
31.88,27.71,29.17,51.02,81.05,2052.83,181.0,Все работают,Хорошее
9.86,37.35,47.81,684.08,13.4,5635.59,38.0,Все работают,Оптимальное
16.84,23.98,44.04,578.13,72.54,9788.74,477.0,Все работают,Критическое
58.92,66.23,22.56,142.35,78.25,4936.01,107.0,Все работают,Хорошее
81.42,27.05,68.43,45.5,81.34,9526.69,381.0,Все работают,Критическое
47.09,56.64,48.12,67.89,14.47,7004.77,139.0,Все работают,Хорошее
99.07,76.28,73.86,66.02,74.74,9557.95,179.0,Все работают,Критическое с риском отказа
29.43,5.08,42.31,130.52,51.8,1816.76,54.0,Все работают,Оптимальное
18.56,1.22,43.1,839.43,52.03,4866.65,38.0,Все работают,Оптимальное
22.06,16.67,47.87,467.03,48.1,7310.52,66.0,Все работают,Оптимальное
58.72,58.19,20.03,397.26,78.01,7496.43,66.0,Все работают,Хорошее
15.26,25.44,34.02,150.41,1.1,2588.49,76.0,Все работают,Оптимальное
5.52,16.98,32.31,398.57,44.57,3872.25,45.0,Все работают,Оптимальное
3.62,51.93,49.41,53.87,41.03,8623.4,126.0,Все работают,Хорошее
48.18,46.26,43.05,699.62,57.77,8705.76,53.0,Все работают,Хорошее
23.71,18.3,21.7,168.14,50.7,1135.67,62.0,Все работают,Оптимальное
6.3,89.65,84.93,28.97,39.7,9175.17,163.0,Все работают,Критическое
33.14,12.96,42.64,77.37,34.55,3731.98,159.0,Все работают,Хорошее
4.13,97.02,80.0,74.2,78.86,7118.93,73.0,Все работают,Критическое с риском отказа
31.61,74.54,62.03,48.29,82.08,9631.68,203.0,Некоторые остановлены,Критическое
88.06,85.69,69.66,922.74,76.29,1615.48,233.0,Некоторые остановлены,Критическое
4.34,89.85,45.47,913.72,18.17,8927.26,61.0,Некоторые остановлены,Критическое
32.94,67.25,74.41,50.5,79.5,7653.13,75.0,Все работают,Хорошее
22.29,25.83,34.19,191.79,11.23,3951.68,74.0,Все работают,Оптимальное
97.82,97.95,51.65,32.97,98.46,609.61,38.0,Некоторые остановлены,Критическое с риском отказа
13.91,37.35,22.37,745.5,8.46,6704.28,43.0,Все работают,Оптимальное
33.61,49.96,53.17,77.71,52.93,4724.12,197.0,Все работают,Хорошее
33.14,51.17,112.66,56.87,90.24,7106.04,357.0,Все работают,Критическое с риском отказа
30.58,32.06,52.65,6.32,78.71,8252.72,93.0,Некоторые остановлены,Критическое с риском отказа
5.14,95.47,101.22,61.5,99.42,8132.11,797.0,Все работают,Критическое с риском отказа
39.66,47.96,30.5,973.88,82.16,4978.6,31.0,Все работают,Хорошее
8.02,15.41,33.79,947.66,28.11,2658.96,73.0,Все работают,Оптимальное
29.7,27.73,58.53,55.51,31.42,8549.08,36.0,Все работают,Хорошее
97.87,9.34,91.69,594.71,74.2,2000.9,437.0,Критический сервис остановлен,Критическое с риском отказа
82.77,22.09,30.19,61.64,78.5,8150.84,51.0,Некоторые остановлены,Критическое
64.92,62.8,81.18,33.96,81.41,9658.89,636.0,Все работают,Критическое с риском отказа
38.48,5.86,42.64,186.55,79.24,2147.49,179.0,Все работают,Хорошее
5.38,17.12,35.84,753.39,56.64,5783.06,51.0,Все работают,Оптимальное
13.34,35.35,35.79,405.44,62.7,6857.59,82.0,Все работают,Оптимальное
2.39,97.6,94.74,47.91,94.36,8838.37,180.0,Все работают,Критическое с риском отказа
77.29,5.07,93.14,10.8,86.89,8843.81,477.0,Все работают,Критическое
18.04,22.58,65.99,889.32,71.74,6433.88,123.0,Все работают,Хорошее
3.98,24.77,68.74,53.36,81.27,1343.32,162.0,Все работают,Хорошее
5.39,55.64,20.42,77.32,77.2,6955.89,32.0,Все работают,Хорошее
44.6,41.52,67.06,135.78,84.87,8766.01,176.0,Все работают,Хорошее
69.87,95.33,102.33,52.77,98.01,8943.76,192.0,Все работают,Критическое с риском отказа
55.43,65.74,26.09,50.04,80.5,8290.57,180.0,Все работают,Хорошее
4.55,49.15,63.87,79.7,78.02,5150.23,190.0,Все работают,Хорошее
99.96,95.47,74.17,5.46,99.85,8484.36,7.0,Все работают,Критическое с риском отказа
71.73,45.1,25.91,38.05,90.3,5755.51,916.0,Все работают,Критическое с риском отказа
20.16,0.86,43.26,482.76,51.23,7580.42,65.0,Все работают,Оптимальное
97.24,57.8,83.02,7.82,83.37,6005.77,109.0,Критический сервис остановлен,Критическое с риском отказа
5.55,0.63,23.09,115.78,44.22,5020.95,97.0,Все работают,Оптимальное
19.31,23.92,55.92,368.79,81.91,8925.04,130.0,Все работают,Хорошее
14.65,46.02,32.41,79.66,37.17,8258.19,118.0,Все работают,Хорошее
30.24,45.92,46.51,881.98,17.39,8947.08,45.0,Все работают,Хорошее
56.55,50.68,67.1,73.78,32.37,8434.98,168.0,Все работают,Хорошее
32.33,0.64,35.71,5.15,98.05,3255.5,59.0,Критический сервис остановлен,Критическое с риском отказа
17.56,33.26,42.86,743.8,6.87,174.89,51.0,Все работают,Оптимальное
43.65,20.58,24.0,223.21,36.84,8221.37,197.0,Все работают,Хорошее
43.79,64.72,71.73,665.94,83.28,8714.93,199.0,Все работают,Хорошее
21.38,16.87,45.17,780.31,38.93,7679.68,94.0,Все работают,Оптимальное
9.9,34.27,27.11,626.56,30.97,7670.14,63.0,Все работают,Оптимальное
2.34,52.19,64.54,175.3,83.51,7257.4,115.0,Все работают,Хорошее
1.23,31.61,34.87,119.01,42.98,4587.92,96.0,Все работают,Оптимальное
42.75,51.9,68.84,813.14,81.09,8202.94,95.0,Все работают,Хорошее
35.2,65.64,51.37,73.33,11.43,2745.96,42.0,Все работают,Хорошее
91.01,23.3,115.51,34.38,73.7,8316.65,1.0,Некоторые остановлены,Критическое с риском отказа
48.33,44.11,58.07,55.8,83.14,8598.83,58.0,Все работают,Хорошее
28.41,51.63,65.09,944.35,52.83,4702.82,164.0,Все работают,Хорошее
46.6,27.56,96.02,58.48,39.61,9033.64,140.0,Некоторые остановлены,Критическое
10.76,67.87,45.53,293.83,79.17,8843.28,57.0,Все работают,Хорошее
58.02,6.11,43.91,69.24,82.64,2159.06,94.0,Все работают,Хорошее
30.12,84.56,51.31,18.49,15.22,9006.98,151.0,Все работают,Критическое
46.02,71.83,51.08,21.98,55.54,8559.12,435.0,Некоторые остановлены,Критическое
26.99,6.07,33.8,796.97,10.77,1489.81,43.0,Все работают,Оптимальное
18.5,37.29,39.68,843.18,14.81,7991.6,54.0,Все работают,Оптимальное
0.71,3.71,36.94,566.36,23.48,4317.03,54.0,Все работают,Оптимальное
27.91,79.45,98.78,760.89,95.23,4813.13,83.0,Некоторые остановлены,Критическое
62.4,95.16,108.76,6.02,74.72,9164.11,3.0,Все работают,Критическое с риском отказа
29.27,0.96,60.87,580.59,98.82,4591.11,281.0,Все работают,Критическое с риском отказа
42.56,96.41,59.0,4.65,88.63,8518.23,200.0,Все работают,Критическое с риском отказа
33.03,18.42,72.19,181.06,83.74,8479.31,154.0,Все работают,Хорошее
87.89,63.85,43.1,33.19,69.12,8789.3,55.0,Некоторые остановлены,Критическое
92.05,9.94,106.16,413.41,98.24,8151.4,146.0,Критический сервис остановлен,Критическое с риском отказа
34.4,33.2,99.79,628.35,85.61,7305.21,477.0,Все работают,Критическое
13.78,51.66,36.38,25.66,86.38,5632.18,193.0,Все работают,Критическое
14.11,43.67,78.21,865.55,83.87,8402.49,347.0,Все работают,Критическое
73.04,99.37,106.42,44.13,93.02,2106.69,918.0,Все работают,Критическое с риском отказа
58.98,19.2,61.34,21.65,76.59,8289.09,41.0,Некоторые остановлены,Критическое
0.31,38.88,23.92,425.87,13.58,7485.64,79.0,Все работают,Оптимальное
32.55,21.76,57.68,26.54,21.58,9289.01,74.0,Некоторые остановлены,Критическое
10.57,34.91,38.32,639.81,28.32,2647.36,66.0,Все работают,Оптимальное
27.4,30.68,30.31,249.4,40.09,3937.0,84.0,Все работают,Оптимальное
16.52,33.24,49.3,244.78,50.92,4139.96,71.0,Все работают,Оптимальное
22.69,15.49,71.21,559.43,71.49,8661.48,154.0,Все работают,Хорошее
47.21,57.12,65.06,78.16,61.38,1798.65,72.0,Все работают,Хорошее
16.15,5.39,32.55,957.69,4.01,5061.12,32.0,Все работают,Оптимальное
52.95,45.45,57.05,867.61,78.79,8746.17,77.0,Все работают,Хорошее
95.96,98.69,104.11,175.77,98.08,5439.74,606.0,Некоторые остановлены,Критическое с риском отказа
1.99,12.89,61.53,293.77,63.78,8490.34,86.0,Все работают,Хорошее
38.91,21.97,37.79,69.65,42.19,922.07,124.0,Все работают,Хорошее
30.09,57.94,52.03,274.05,28.91,8247.14,64.0,Все работают,Хорошее
77.72,93.9,40.9,36.45,73.07,8451.14,334.0,Все работают,Критическое
61.82,56.64,89.98,4.69,4.49,4844.03,37.0,Все работают,Критическое с риском отказа
19.11,4.29,47.68,55.63,50.65,1199.91,139.0,Все работают,Хорошее
53.17,35.01,69.68,223.29,74.45,3945.83,46.0,Все работают,Хорошее
13.31,79.05,45.56,20.81,52.4,8530.75,183.0,Все работают,Критическое
31.05,14.04,33.76,57.37,14.74,443.58,177.0,Все работают,Хорошее
48.97,35.73,68.3,153.11,75.67,5235.21,478.0,Некоторые остановлены,Критическое
95.98,63.98,64.89,11.88,85.26,7757.24,170.0,Критический сервис остановлен,Критическое с риском отказа
82.03,42.07,89.41,438.31,88.74,3684.01,77.0,Все работают,Критическое
33.7,65.61,44.45,69.96,66.38,8456.8,180.0,Все работают,Хорошее
12.17,44.84,41.57,930.21,78.38,8252.38,169.0,Все работают,Хорошее
7.54,99.69,53.69,57.54,99.73,1638.51,170.0,Все работают,Критическое с риском отказа
39.22,29.11,89.26,22.32,24.02,8071.75,90.0,Некоторые остановлены,Критическое
90.64,97.07,53.38,532.78,97.92,8312.27,49.0,Все работают,Критическое с риском отказа
52.84,50.57,40.81,76.22,32.06,5679.66,43.0,Все работают,Хорошее
92.68,40.22,62.03,0.83,91.66,390.03,430.0,Некоторые остановлены,Критическое с риском отказа
29.47,26.02,22.78,254.66,36.18,2125.67,54.0,Все работают,Оптимальное
4.79,61.34,52.53,70.24,34.6,8764.9,35.0,Все работают,Хорошее
56.7,3.87,30.3,949.36,82.91,8527.17,102.0,Все работают,Хорошее
32.86,57.43,59.4,73.77,97.39,8180.7,127.0,Все работают,Критическое
66.35,83.3,96.68,71.28,93.93,8867.18,312.0,Некоторые остановлены,Критическое
52.19,47.75,63.59,949.74,80.84,8006.82,127.0,Все работают,Хорошее
50.58,58.5,94.01,283.05,74.97,9251.81,249.0,Все работают,Критическое
52.77,80.88,30.03,24.82,97.72,9260.37,94.0,Все работают,Критическое
1.47,2.37,67.33,66.96,83.91,8881.49,34.0,Все работают,Хорошее
43.9,29.65,87.96,70.96,82.21,8507.33,30.0,Все работают,Критическое
52.82,40.13,81.43,47.02,96.13,8490.71,239.0,Некоторые остановлены,Критическое
14.37,69.41,33.64,224.37,82.27,4717.58,104.0,Все работают,Хорошее
34.71,14.27,31.05,74.19,71.85,5208.11,187.0,Все работают,Хорошее
24.76,57.6,59.43,67.94,79.61,8259.01,93.0,Все работают,Хорошее
6.07,53.16,24.26,328.84,63.26,8277.06,193.0,Все работают,Хорошее
7.02,34.35,34.26,215.56,16.51,6444.99,73.0,Все работают,Оптимальное
44.66,49.97,61.55,75.94,77.79,2093.45,146.0,Все работают,Хорошее
57.91,60.34,69.65,867.72,69.88,4299.44,138.0,Все работают,Хорошее
5.0,17.04,45.31,508.45,34.57,5621.98,94.0,Все работают,Оптимальное
75.45,52.26,31.75,42.95,73.49,8566.74,50.0,Некоторые остановлены,Критическое
19.65,69.23,23.69,67.21,65.32,7452.19,104.0,Все работают,Хорошее
0.03,32.85,26.4,372.23,42.41,6207.73,57.0,Все работают,Оптимальное
26.87,9.69,42.63,317.21,50.32,2149.5,52.0,Все работают,Оптимальное
16.18,54.95,70.51,61.83,25.27,8864.63,168.0,Все работают,Хорошее
55.31,18.89,58.96,79.4,83.68,2290.99,72.0,Все работают,Хорошее
37.36,23.66,27.83,61.58,82.97,8024.58,71.0,Все работают,Хорошее
29.61,0.21,55.64,65.0,71.41,8021.53,198.0,Все работают,Хорошее
14.55,4.1,96.53,55.38,73.48,8422.22,155.0,Все работают,Критическое
36.83,57.47,23.56,66.87,84.5,1869.43,184.0,Все работают,Хорошее
67.36,79.14,90.99,808.76,24.73,6387.84,65.0,Некоторые остановлены,Критическое
11.63,12.12,39.27,115.55,1.32,286.16,81.0,Все работают,Оптимальное
16.95,28.23,37.25,78.81,83.35,8507.31,164.0,Все работают,Хорошее
22.68,14.53,42.22,782.92,48.93,1724.54,51.0,Все работают,Оптимальное
25.04,60.15,30.87,525.49,73.97,9851.37,57.0,Все работают,Критическое
49.24,18.69,68.09,786.12,77.76,1788.59,87.0,Все работают,Хорошее
0.09,33.99,36.63,600.91,34.38,3737.35,87.0,Все работают,Оптимальное
20.22,4.26,49.2,898.33,69.21,2643.89,83.0,Все работают,Оптимальное
7.98,18.89,20.93,668.8,10.74,658.13,85.0,Все работают,Оптимальное
62.73,7.48,55.57,57.75,77.76,2750.67,184.0,Некоторые остановлены,Критическое
26.99,36.4,35.17,131.58,59.58,4912.78,92.0,Все работают,Оптимальное
12.31,15.76,35.03,703.35,56.05,4000.07,48.0,Все работают,Оптимальное
78.15,92.92,51.79,66.21,95.48,7339.72,280.0,Некоторые остановлены,Критическое
26.77,63.25,29.82,72.54,11.22,1973.91,158.0,Все работают,Хорошее
11.42,15.74,57.22,79.55,17.48,6274.35,114.0,Все работают,Хорошее
32.05,57.9,37.78,346.77,81.53,8293.11,126.0,Все работают,Хорошее
19.78,0.23,27.56,545.55,17.55,7900.52,63.0,Все работают,Оптимальное
14.55,96.43,108.5,767.05,86.73,6194.84,101.0,Некоторые остановлены,Критическое с риском отказа
22.43,80.94,74.67,25.34,72.58,9466.65,251.0,Все работают,Критическое
1.27,10.64,37.95,559.62,1.46,3379.15,81.0,Все работают,Оптимальное
24.93,24.89,34.3,245.86,40.14,6919.36,79.0,Все работают,Оптимальное
31.44,44.15,29.38,75.51,78.52,3680.99,183.0,Все работают,Хорошее
6.72,0.65,31.64,716.07,43.73,4198.34,84.0,Все работают,Оптимальное
19.89,81.58,97.52,0.31,81.98,8543.67,158.0,Некоторые остановлены,Критическое с риском отказа
33.28,24.77,21.65,59.32,77.7,8155.27,101.0,Все работают,Хорошее
30.3,36.29,83.86,24.91,77.69,9248.13,86.0,Все работают,Критическое
24.52,11.58,27.47,128.47,20.87,3040.48,51.0,Все работают,Оптимальное
66.04,62.29,119.36,7.44,94.7,2426.17,58.0,Все работают,Критическое с риском отказа
11.33,12.76,31.74,573.23,14.42,5346.98,75.0,Все работают,Оптимальное
3.93,19.05,46.1,220.85,10.31,4566.49,37.0,Все работают,Оптимальное
87.23,48.62,114.36,379.68,84.44,1402.38,510.0,Критический сервис остановлен,Критическое с риском отказа
22.51,27.06,36.06,899.83,60.88,713.4,61.0,Все работают,Оптимальное
10.6,22.52,53.33,437.12,66.92,154.39,82.0,Все работают,Хорошее
7.52,11.75,20.01,248.41,72.7,8283.26,145.0,Все работают,Хорошее
22.98,52.24,73.78,67.46,6.89,8693.33,66.0,Все работают,Хорошее
20.42,78.32,75.33,13.57,80.06,8863.07,0.0,Все работают,Критическое с риском отказа
94.82,53.9,102.47,77.0,81.96,9449.72,4.0,Критический сервис остановлен,Критическое с риском отказа
10.77,11.09,55.39,887.06,80.12,8553.7,69.0,Все работают,Хорошее
11.4,49.69,22.38,453.16,78.63,8692.4,97.0,Все работают,Хорошее
15.59,1.98,43.7,469.3,8.67,2444.71,75.0,Все работают,Оптимальное
20.59,30.91,35.5,499.95,41.08,2843.9,94.0,Все работают,Оптимальное
14.69,30.88,47.14,119.92,12.19,4259.14,97.0,Все работают,Оптимальное
80.22,88.51,88.92,71.26,54.87,3254.6,348.0,Критический сервис остановлен,Критическое с риском отказа
18.32,2.63,25.37,750.39,18.83,2773.68,82.0,Все работают,Оптимальное
60.09,51.52,55.65,11.37,93.87,8746.8,396.0,Все работают,Критическое
3.88,14.68,45.47,637.17,0.51,3592.36,88.0,Все работают,Оптимальное
50.93,54.82,59.44,60.94,25.0,8290.45,88.0,Все работают,Хорошее
6.76,24.15,34.45,501.54,56.11,1068.8,75.0,Все работают,Оптимальное
11.03,31.47,39.99,835.32,53.25,4141.7,57.0,Все работают,Оптимальное
22.61,16.87,44.89,387.25,50.06,3812.96,44.0,Все работают,Оптимальное
47.18,10.19,59.93,55.37,83.26,7220.06,171.0,Все работают,Хорошее
21.15,49.6,64.88,230.46,83.82,2510.47,162.0,Все работают,Хорошее
19.61,27.88,29.87,622.44,21.77,1620.26,80.0,Все работают,Оптимальное
97.38,98.36,63.07,79.58,98.28,6379.99,136.0,Все работают,Критическое с риском отказа
16.31,32.29,31.79,274.79,3.38,494.83,81.0,Все работают,Оптимальное
15.81,26.55,38.23,221.26,25.83,7343.88,76.0,Все работают,Оптимальное
40.68,44.35,21.14,325.46,59.88,8230.14,142.0,Все работают,Хорошее
82.16,93.54,43.2,41.3,86.95,9035.1,496.0,Некоторые остановлены,Критическое
93.54,32.13,59.81,820.55,98.71,8582.94,187.0,Все работают,Критическое с риском отказа
16.46,5.69,43.09,918.76,7.53,6890.34,62.0,Все работают,Оптимальное
7.13,12.39,22.29,249.92,67.32,5782.11,85.0,Все работают,Оптимальное
77.98,40.66,29.41,19.74,83.07,8786.15,64.0,Некоторые остановлены,Критическое
22.26,28.69,24.43,525.41,65.08,6868.99,81.0,Все работают,Оптимальное
23.12,22.99,48.9,765.5,42.17,1906.26,91.0,Все работают,Оптимальное
76.38,85.81,59.62,896.94,74.44,8068.48,435.0,Все работают,Критическое
36.05,17.36,97.91,692.65,97.28,8036.43,206.0,Все работают,Критическое
74.47,80.19,51.71,76.65,69.58,1889.8,47.0,Некоторые остановлены,Критическое
58.72,69.88,61.72,53.36,74.83,2132.95,116.0,Все работают,Хорошее
5.34,20.91,25.71,228.24,69.35,3584.93,97.0,Все работают,Оптимальное
28.01,14.19,45.3,818.38,51.55,4923.88,99.0,Все работают,Оптимальное
16.44,19.94,30.88,289.3,34.72,6231.14,32.0,Все работают,Оптимальное
26.87,14.16,47.4,195.19,42.42,8586.41,245.0,Все работают,Критическое
49.46,75.28,54.92,74.83,86.56,8423.3,150.0,Все работают,Критическое
29.69,22.43,109.68,5.81,98.97,5020.19,6.0,Все работают,Критическое с риском отказа
76.75,75.66,44.45,67.42,6.5,9654.0,54.0,Все работают,Критическое
60.4,4.06,88.0,19.71,91.87,4613.36,171.0,Некоторые остановлены,Критическое
12.34,14.8,48.98,706.54,19.38,2115.87,92.0,Все работают,Оптимальное
30.29,38.21,55.6,74.07,98.37,9556.81,3.0,Все работают,Критическое с риском отказа
27.61,41.49,57.58,61.12,43.45,2046.96,36.0,Все работают,Хорошее
22.76,49.5,47.71,38.12,75.64,9063.99,355.0,Все работают,Критическое
27.95,84.83,76.03,643.49,95.83,8443.37,84.0,Все работают,Критическое
28.83,29.86,82.66,257.09,90.15,1713.38,384.0,Все работают,Критическое
55.23,48.17,45.65,52.45,65.36,8898.72,169.0,Все работают,Хорошее
9.97,2.36,31.44,401.79,56.31,3544.11,97.0,Все работают,Оптимальное
11.12,16.13,32.84,402.74,5.71,2117.29,50.0,Все работают,Оптимальное
2.65,20.04,48.86,291.98,50.21,1510.02,45.0,Все работают,Оптимальное
11.52,50.26,114.65,78.1,57.54,9046.42,574.0,Критический сервис остановлен,Критическое с риском отказа
11.65,47.25,108.1,3.38,77.53,1545.33,113.0,Критический сервис остановлен,Критическое с риском отказа
17.45,49.53,49.5,2.1,99.17,2301.84,261.0,Некоторые остановлены,Критическое с риском отказа
13.12,35.59,25.56,848.37,17.35,188.71,35.0,Все работают,Оптимальное
16.8,17.18,48.49,782.32,53.5,1030.61,83.0,Все работают,Оптимальное
96.89,65.0,27.39,7.48,99.69,2950.92,9.0,Некоторые остановлены,Критическое с риском отказа
7.49,50.68,48.11,65.14,74.47,7851.45,47.0,Все работают,Хорошее
29.14,26.64,35.16,824.67,5.16,376.54,74.0,Все работают,Оптимальное
7.15,36.15,26.87,290.92,61.37,3402.64,71.0,Все работают,Оптимальное
42.9,75.92,21.14,624.56,37.84,398.92,473.0,Некоторые остановлены,Критическое
93.86,19.36,38.72,2.98,21.27,9875.21,167.0,Критический сервис остановлен,Критическое с риском отказа
5.21,54.19,56.09,62.94,60.49,2972.24,98.0,Все работают,Хорошее
21.52,10.11,28.49,440.62,56.23,4007.72,63.0,Все работают,Оптимальное
14.85,27.64,38.31,736.52,2.7,8279.74,62.0,Все работают,Хорошее
98.1,17.11,52.0,435.42,64.52,8978.07,6.0,Некоторые остановлены,Критическое с риском отказа
10.27,54.05,46.16,64.55,76.06,8521.23,157.0,Все работают,Хорошее
73.33,48.54,97.9,79.33,95.08,8050.01,137.0,Все работают,Критическое
52.87,44.02,35.79,41.16,85.09,8337.67,432.0,Некоторые остановлены,Критическое
82.95,76.72,75.47,43.04,25.63,8954.71,328.0,Некоторые остановлены,Критическое
89.66,74.18,54.95,571.2,18.77,9134.78,168.0,Некоторые остановлены,Критическое
39.28,26.18,56.24,53.89,74.81,5316.04,63.0,Все работают,Хорошее
46.53,40.71,63.53,74.82,79.01,5435.95,150.0,Все работают,Хорошее
97.03,10.94,93.47,5.32,65.18,9435.57,974.0,Некоторые остановлены,Критическое с риском отказа
28.0,16.94,28.37,56.09,17.29,7601.0,145.0,Все работают,Хорошее
24.96,8.27,48.18,711.9,28.99,1238.2,53.0,Все работают,Оптимальное
21.76,22.74,49.94,974.16,49.81,5822.47,46.0,Все работают,Оптимальное
59.27,97.25,106.61,47.35,5.12,9484.74,278.0,Некоторые остановлены,Критическое с риском отказа
76.65,23.72,86.58,941.45,84.83,9983.26,71.0,Все работают,Критическое
4.37,1.59,25.76,402.15,15.78,2953.46,33.0,Все работают,Оптимальное
33.53,66.94,67.46,434.38,21.84,4948.22,71.0,Все работают,Хорошее
15.93,14.81,42.16,185.79,52.68,3505.9,75.0,Все работают,Оптимальное
9.12,34.8,35.45,507.65,26.76,183.81,57.0,Все работают,Оптимальное
71.77,7.63,86.82,690.22,77.33,8809.34,267.0,Все работают,Критическое
47.34,71.53,67.72,4.76,98.73,6248.0,592.0,Критический сервис остановлен,Критическое с риском отказа
97.99,50.04,52.85,7.07,84.6,7010.26,414.0,Критический сервис остановлен,Критическое с риском отказа
25.09,24.38,30.65,271.73,65.23,3480.71,67.0,Все работают,Оптимальное
18.86,81.6,118.13,23.31,99.52,9352.23,8.0,Некоторые остановлены,Критическое с риском отказа
25.71,14.52,45.31,429.39,43.01,7561.93,96.0,Все работают,Оптимальное
0.67,59.22,47.1,55.95,65.66,8238.36,199.0,Все работают,Хорошее
36.17,81.39,71.81,10.96,70.22,3482.86,171.0,Все работают,Критическое
59.55,32.14,35.3,53.54,68.33,8879.04,171.0,Все работают,Хорошее
97.9,80.08,75.12,70.98,98.67,1700.83,665.0,Критический сервис остановлен,Критическое с риском отказа
72.21,69.45,32.53,566.87,81.94,8809.66,168.0,Некоторые остановлены,Критическое
51.16,14.91,95.43,25.95,70.26,9930.15,79.0,Некоторые остановлены,Критическое
18.74,18.26,28.11,652.13,21.09,9212.71,249.0,Некоторые остановлены,Критическое
17.39,12.98,46.69,481.65,60.34,7636.6,90.0,Все работают,Оптимальное
58.93,45.99,39.45,129.03,8.79,6377.76,91.0,Все работают,Хорошее
48.11,45.24,69.97,494.8,27.33,8427.72,106.0,Все работают,Хорошее
0.93,51.96,50.99,500.22,76.86,8775.26,163.0,Все работают,Хорошее
47.29,12.05,29.64,73.8,54.88,8739.8,96.0,Все работают,Хорошее
24.17,25.53,57.02,57.23,84.5,8760.95,80.0,Все работают,Хорошее
46.7,66.53,72.01,71.95,10.3,4157.35,68.0,Все работают,Хорошее
26.02,26.09,38.52,607.79,49.03,6634.16,35.0,Все работают,Оптимальное
30.66,94.68,87.52,880.79,24.48,9566.54,480.0,Все работают,Критическое
25.88,5.5,24.66,570.61,3.6,1101.84,84.0,Все работают,Оптимальное
61.34,68.26,42.38,446.06,7.32,8624.44,131.0,Все работают,Критическое
11.99,68.41,63.16,60.77,82.68,8834.02,80.0,Все работают,Хорошее
14.72,20.21,33.11,917.99,29.15,8717.5,30.0,Все работают,Хорошее
73.14,92.53,37.78,55.88,89.69,8522.13,36.0,Все работают,Критическое
11.13,33.44,35.59,232.74,13.13,6180.96,73.0,Все работают,Оптимальное
98.7,95.52,53.79,3.99,98.68,1319.97,472.0,Некоторые остановлены,Критическое с риском отказа
73.23,95.67,37.63,45.93,99.73,8658.24,126.0,Некоторые остановлены,Критическое с риском отказа
14.26,8.84,49.72,471.32,4.96,4222.74,97.0,Все работают,Оптимальное
11.03,8.24,23.32,631.88,18.2,5741.66,69.0,Все работают,Оптимальное
52.44,66.35,54.27,840.59,50.63,8844.85,194.0,Все работают,Хорошее
16.82,41.8,63.71,62.01,18.38,3473.68,100.0,Все работают,Хорошее
17.27,87.61,49.72,33.51,75.58,8282.03,341.0,Все работают,Критическое
90.42,95.61,66.8,539.31,54.12,2035.23,307.0,Некоторые остановлены,Критическое с риском отказа
53.96,71.41,93.12,76.86,6.11,9719.48,147.0,Критический сервис остановлен,Критическое с риском отказа
38.89,67.84,50.91,37.22,93.87,4120.97,89.0,Все работают,Критическое
19.73,39.6,34.27,870.26,14.3,4856.42,33.0,Все работают,Оптимальное
71.85,11.01,117.77,1.21,82.46,8804.99,161.0,Критический сервис остановлен,Критическое с риском отказа
81.74,59.8,97.3,772.31,44.93,7491.94,349.0,Некоторые остановлены,Критическое
18.52,6.93,30.39,707.52,53.93,5285.88,50.0,Все работают,Оптимальное
30.1,75.3,41.85,19.73,91.27,2154.44,196.0,Все работают,Критическое
13.24,10.44,35.75,332.54,10.25,5390.5,69.0,Все работают,Оптимальное
25.48,25.48,41.51,344.23,19.82,1418.83,67.0,Все работают,Оптимальное
19.62,91.05,49.67,654.92,29.98,9370.5,158.0,Все работают,Критическое
27.3,28.91,34.52,162.88,36.68,6803.52,69.0,Все работают,Оптимальное
18.11,4.47,48.0,894.52,35.56,918.66,65.0,Все работают,Оптимальное
53.79,7.44,30.47,74.0,71.99,8802.72,196.0,Все работают,Хорошее
30.67,79.77,33.08,40.8,90.54,9007.68,72.0,Все работают,Критическое
20.44,24.61,89.13,731.51,92.3,5357.8,273.0,Все работают,Критическое
45.97,5.01,94.25,38.85,70.41,8161.05,245.0,Все работают,Критическое
59.85,22.71,62.5,566.26,73.43,8419.42,64.0,Все работают,Хорошее
14.44,72.3,77.16,93.25,58.12,8236.36,449.0,Некоторые остановлены,Критическое
57.58,43.92,54.91,71.25,44.98,7640.6,48.0,Все работают,Хорошее
58.85,50.12,50.78,66.75,42.92,921.1,56.0,Все работают,Хорошее
79.76,6.99,54.86,77.39,69.96,9489.53,156.0,Все работают,Критическое
29.72,5.74,30.27,643.93,53.72,2308.29,87.0,Все работают,Оптимальное
2.09,48.6,30.98,71.84,69.62,8147.58,159.0,Все работают,Хорошее
13.48,21.05,38.69,155.66,35.76,5842.5,83.0,Все работают,Оптимальное
84.75,68.74,62.78,59.29,82.42,7869.51,491.0,Все работают,Критическое
99.88,55.53,111.12,31.16,99.81,7480.93,472.0,Все работают,Критическое с риском отказа
57.99,41.3,71.93,72.9,28.6,8374.34,134.0,Все работают,Хорошее
1.72,55.51,24.26,52.09,81.11,8949.68,59.0,Все работают,Хорошее
54.6,12.54,60.48,659.34,8.04,2873.6,166.0,Все работают,Хорошее
10.72,31.44,47.89,416.55,16.29,1627.44,64.0,Все работают,Оптимальное
88.44,81.42,84.46,815.12,86.31,9181.1,409.0,Все работают,Критическое
33.92,72.67,57.32,559.65,78.11,9276.14,124.0,Некоторые остановлены,Критическое
4.9,16.4,23.83,58.21,11.0,8191.52,170.0,Все работают,Хорошее
24.47,19.36,46.19,347.48,17.34,6477.32,75.0,Все работают,Оптимальное
36.45,91.12,44.69,998.84,75.17,1317.24,121.0,Некоторые остановлены,Критическое
68.06,78.6,73.33,2.74,99.16,9713.21,113.0,Все работают,Критическое с риском отказа
73.21,86.45,80.68,16.55,83.81,9460.5,177.0,Все работают,Критическое
32.77,9.98,24.11,583.15,84.07,3979.89,79.0,Все работают,Хорошее
3.79,36.63,37.43,829.19,63.23,1533.2,41.0,Все работают,Оптимальное
96.34,84.34,45.25,77.76,83.53,9783.6,7.0,Критический сервис остановлен,Критическое с риском отказа
24.09,37.69,39.52,456.56,24.34,5379.05,58.0,Все работают,Оптимальное
57.08,51.71,70.28,57.72,74.73,7582.12,53.0,Все работают,Хорошее
52.21,42.27,73.48,34.27,99.54,9692.61,914.0,Все работают,Критическое с риском отказа
27.35,8.6,20.11,239.86,16.43,4470.05,82.0,Все работают,Оптимальное
31.53,45.14,63.44,74.0,28.18,8354.76,82.0,Все работают,Хорошее
69.69,17.15,73.79,575.09,95.47,9826.7,131.0,Все работают,Критическое
20.35,68.68,23.65,727.91,67.66,8407.36,30.0,Все работают,Хорошее
18.46,22.58,28.7,561.81,48.06,6601.04,68.0,Все работают,Оптимальное
38.67,48.09,55.9,50.16,65.13,3387.07,118.0,Все работают,Хорошее
70.38,4.89,65.83,15.81,38.81,9440.49,31.0,Все работают,Критическое
1.98,37.99,44.82,600.96,57.49,6623.85,38.0,Все работают,Оптимальное
12.35,35.04,40.05,439.48,12.2,2523.47,91.0,Все работают,Оптимальное
21.19,25.76,34.54,955.54,30.09,4651.8,87.0,Все работают,Оптимальное
26.47,67.34,86.08,28.2,84.59,9759.03,55.0,Некоторые остановлены,Критическое
96.72,74.04,103.64,6.54,99.98,8102.14,898.0,Все работают,Критическое с риском отказа
20.71,32.54,24.04,749.62,47.29,1922.21,34.0,Все работают,Оптимальное
83.36,51.43,64.46,23.75,87.66,524.76,93.0,Все работают,Критическое
4.74,25.34,51.82,622.03,74.23,8886.17,118.0,Все работают,Хорошее
44.17,28.4,26.58,52.3,83.47,2593.76,137.0,Все работают,Хорошее
34.26,43.91,38.01,334.41,43.13,8933.1,146.0,Все работают,Хорошее
12.16,9.12,49.99,454.21,42.3,2122.57,74.0,Все работают,Оптимальное
24.41,15.83,27.91,65.43,72.3,8901.91,185.0,Все работают,Хорошее
11.68,0.67,36.15,635.66,9.45,3117.11,60.0,Все работают,Оптимальное
2.82,4.05,25.32,463.37,62.12,1373.7,50.0,Все работают,Оптимальное
,27.47,32.65,669.17,,,,,Оптимальное
,,,,,8463.03,,,Хорошее
,,85.64,,,,,,Критическое
,,55.25,,86.08,1868.16,,Критический сервис остановлен,Критическое с риском отказа
,45.07,,752.94,,8439.28,,,Хорошее
,,,,,3904.0,,,Оптимальное
,11.87,,412.59,,5159.05,,,Оптимальное
,,74.5,,,,,,Хорошее
,21.74,57.99,,79.74,9661.02,478.0,,Критическое
,58.98,104.18,28.78,98.83,7344.05,192.0,Некоторые остановлены,Критическое с риском отказа
52.25,,35.23,,74.67,8219.84,191.0,,Хорошее
75.35,,,,,,90.0,,Критическое
22.63,,,923.31,14.73,,,Все работают,Оптимальное
,78.94,,,,,,,Критическое
,,59.83,,75.9,8819.61,113.0,Все работают,Хорошее
0.1,65.86,,,77.67,8156.81,,Все работают,Хорошее
99.07,76.28,73.86,,74.74,9557.95,179.0,Все работают,Критическое с риском отказа
14.68,,,433.24,40.0,,32.0,Все работают,Оптимальное
,,70.06,50.27,,,,,Критическое
35.97,7.41,57.19,,,2409.81,,,Хорошее
39.94,41.92,,896.91,42.25,193.98,103.0,,Хорошее
,,51.72,54.31,82.09,,174.0,Все работают,Хорошее
14.09,,36.9,807.72,72.83,,701.0,Все работают,Критическое с риском отказа
4.0,40.09,42.12,55.26,,8040.14,,Все работают,Хорошее
,83.05,,735.18,,9612.35,,,Критическое
20.44,17.34,72.53,804.63,,,186.0,,Хорошее
62.68,79.68,,757.04,96.26,9571.99,,Некоторые остановлены,Критическое
2.41,,,,,,70.0,,Оптимальное
,40.8,48.25,936.57,76.11,8527.45,178.0,Все работают,Хорошее
45.28,,37.72,735.18,,,66.0,Все работают,Критическое
31.86,39.19,,,22.11,,,Все работают,Хорошее
78.68,12.38,45.42,,,9488.88,296.0,,Критическое с риском отказа
,,,786.83,,,,,Оптимальное
,,,62.7,,,62.0,,Хорошее
89.93,,20.41,52.29,91.61,8828.12,,,Критическое
,,,,11.77,,64.0,,Критическое
,41.49,,,,,,,Хорошее
,6.97,,,30.45,,,,Хорошее
,35.24,65.68,66.41,48.07,7764.55,160.0,Все работают,Хорошее
33.56,36.43,,51.5,78.53,,,,Хорошее
95.79,,,,98.63,7877.66,,Все работают,Критическое с риском отказа
91.61,97.33,49.71,,,8596.67,84.0,,Критическое с риском отказа
16.62,,33.59,1.16,99.71,9296.61,268.0,Критический сервис остановлен,Критическое с риском отказа
68.12,61.99,86.69,554.72,,9360.76,66.0,Некоторые остановлены,Критическое
9.08,,,,49.51,5752.94,,,Оптимальное
56.55,3.71,58.17,36.5,,,87.0,Все работают,Критическое
22.16,56.3,34.55,68.12,80.45,1109.18,,Все работают,Хорошее
,,,,56.52,,,,Хорошее
19.99,3.34,,,12.98,1353.81,90.0,,Оптимальное
,,33.04,43.21,91.55,9489.59,,Все работают,Критическое
20.09,48.86,59.08,,73.86,3905.01,105.0,Все работают,Хорошее
45.98,,,,79.24,7922.64,87.0,Все работают,Хорошее
,,,,,,,Все работают,Оптимальное
30.63,,,75.8,83.07,,177.0,Все работают,Хорошее
58.41,81.87,,,91.97,410.33,72.0,Все работают,Критическое
,,,,70.53,,,,Хорошее
55.81,,74.25,69.46,79.3,7985.5,174.0,Все работают,Хорошее
91.18,76.75,108.22,4.89,98.32,,311.0,Критический сервис остановлен,Критическое с риском отказа
,,,,,8952.37,,,Критическое
37.53,,,47.88,,8059.95,146.0,Некоторые остановлены,Критическое
56.14,98.72,110.28,,78.59,9859.45,10.0,,Критическое с риском отказа
,22.45,42.68,,,,,,Оптимальное
,,68.02,,,,,,Хорошее
21.84,,44.17,208.4,14.54,,,,Оптимальное
56.41,59.35,,165.91,,8192.29,,Все работают,Хорошее
1.37,,,0.38,,4626.74,,,Критическое с риском отказа
54.33,65.13,39.34,,74.5,8862.68,92.0,Все работают,Хорошее
23.84,,,,,,,,Оптимальное
23.6,,44.43,,,,,,Оптимальное
,,93.38,,,,,,Критическое
,56.3,34.55,68.12,80.45,1109.18,141.0,Все работают,Хорошее
15.17,,,,10.85,7200.55,,Все работают,Оптимальное
,,96.42,74.28,,2145.41,,,Критическое
27.06,9.28,,373.88,,,94.0,Все работают,Оптимальное
,,39.03,,,4542.98,56.0,Все работают,Оптимальное
,,,195.7,,,,,Хорошее
29.29,,32.23,91.79,36.19,7274.57,97.0,Все работают,Оптимальное
22.75,,66.14,744.15,,8046.73,80.0,Все работают,Хорошее
64.17,32.35,,,50.63,4924.8,426.0,Все работают,Критическое
,,,8.22,,,,,Критическое с риском отказа
,40.71,,,79.01,5435.95,150.0,Все работают,Хорошее
,9.24,,172.82,,5550.12,69.0,Все работают,Оптимальное
,69.82,47.15,,92.09,,462.0,,Критическое
26.27,42.41,,,80.69,,71.0,,Хорошее
,47.25,108.1,,77.53,,113.0,Критический сервис остановлен,Критическое с риском отказа
38.39,50.64,66.8,,,5010.71,105.0,Все работают,Хорошее
64.88,,74.99,,,,,Критический сервис остановлен,Критическое с риском отказа
26.72,,35.15,255.52,,,94.0,Все работают,Оптимальное
19.61,,,,,,,,Оптимальное
29.59,,,344.03,,1555.48,50.0,Все работают,Оптимальное
,36.43,34.87,,,,,Все работают,Хорошее
6.75,,33.05,215.26,47.97,2093.11,,Все работают,Оптимальное
,15.19,,,,,,Все работают,Критическое
70.49,42.89,98.69,491.29,87.96,8494.94,468.0,,Критическое
35.06,4.49,91.21,,80.46,8234.23,409.0,Некоторые остановлены,Критическое
,25.82,,,61.57,,38.0,Все работают,Оптимальное
,17.52,33.05,339.27,,,38.0,Все работают,Оптимальное
,,,,,2899.04,122.0,,Хорошее
2.17,32.96,39.27,,60.12,,,Все работают,Оптимальное
12.44,2.13,,,2.56,,99.0,Все работают,Оптимальное
33.14,,42.64,,34.55,3731.98,159.0,,Хорошее
,28.34,39.04,515.77,39.01,521.4,,,Оптимальное
21.86,12.98,41.59,,21.04,540.43,,Все работают,Оптимальное
,47.97,,919.05,49.79,8353.23,,Все работают,Хорошее
,23.42,,572.68,96.89,3434.85,40.0,Некоторые остановлены,Критическое
,,,,66.51,,,Все работают,Оптимальное
40.84,93.96,,966.86,77.4,9632.94,174.0,,Критическое
60.34,79.97,87.56,,83.91,,321.0,,Критическое
76.74,57.88,36.87,91.69,0.55,8878.24,344.0,,Критическое
,,,,,7072.21,,,Оптимальное
22.35,4.78,34.67,,17.94,7399.84,,Все работают,Оптимальное
,35.94,,,,5486.11,,Все работают,Оптимальное
50.9,,,,72.44,,,Все работают,Хорошее
26.92,,,,,,,Все работают,Оптимальное
,33.32,,74.99,80.94,4908.81,,,Хорошее
,7.93,35.05,989.41,8.41,5174.3,62.0,Все работают,Оптимальное
23.28,37.6,45.17,922.44,19.97,,,,Оптимальное
,,,,,,45.0,Все работают,Хорошее
25.87,,31.83,,,7523.21,,,Оптимальное
,,,,9.31,,60.0,,Хорошее
3.66,6.36,41.77,,20.79,2423.31,73.0,Все работают,Оптимальное
2.76,35.38,,,69.4,5291.34,49.0,Все работают,Оптимальное
13.14,5.73,42.24,,14.02,,,Все работают,Оптимальное
83.44,,39.68,17.92,,9799.08,168.0,,Критическое
18.83,,,,,3042.92,79.0,Все работают,Оптимальное
,12.12,39.27,,,286.16,,Все работают,Оптимальное
,,64.89,,,,,,Критическое с риском отказа
1.01,20.2,38.86,,5.67,3524.17,62.0,,Оптимальное
10.13,14.3,42.97,,55.68,7120.09,185.0,Все работают,Хорошее
3.06,36.28,,,,,92.0,Все работают,Оптимальное
,39.41,,,,7187.72,,Все работают,Оптимальное
,65.83,,,20.48,8278.72,99.0,Все работают,Хорошее
9.16,,,723.95,57.8,1984.13,,Все работают,Оптимальное
,,,193.89,,419.86,,,Оптимальное
61.29,,83.79,,,9774.84,,,Критическое
82.7,,,,,,,,Критическое с риском отказа
14.16,25.5,31.51,75.53,23.84,,149.0,Все работают,Хорошее
19.83,,,,,,,,Оптимальное
74.34,85.01,75.15,,52.29,9992.6,485.0,Все работают,Критическое
8.1,52.46,65.9,87.18,4.91,8348.66,68.0,,Хорошее
30.0,,,58.99,,,131.0,Все работают,Хорошее
,33.36,,,,,,Все работают,Хорошее
34.66,,22.41,78.6,,8476.57,155.0,,Хорошее
46.69,46.64,22.64,66.99,,8520.93,129.0,Все работают,Хорошее
34.28,50.66,71.73,69.8,1.05,8409.85,,Все работают,Хорошее
90.62,99.88,86.35,9.91,96.13,9345.3,10.0,,Критическое с риском отказа
,,,686.84,32.45,,471.0,Некоторые остановлены,Критическое
26.99,36.53,20.88,641.48,42.76,436.96,77.0,,Оптимальное
,38.31,35.41,915.76,,1817.47,101.0,Все работают,Хорошее
,,27.25,64.94,89.55,9779.93,80.0,Все работают,Критическое
,,52.58,,,8207.4,8.0,,Критическое с риском отказа
,69.68,,60.78,13.27,8133.68,,Все работают,Хорошее
13.86,,,,,4248.02,54.0,,Оптимальное
,59.16,,,,,,,Критическое
,,,,,,98.0,,Хорошее
,18.6,102.51,,,8808.09,,Критический сервис остановлен,Критическое с риском отказа
,,,398.59,,,,,Оптимальное
,,26.39,,,,,Все работают,Хорошее
2.94,,43.2,,63.72,,,Все работают,Оптимальное
,,118.87,59.31,,,,Все работают,Критическое с риском отказа
,,,70.12,4.99,7354.29,135.0,Все работают,Хорошее
12.83,47.09,,75.39,28.06,,169.0,Все работают,Хорошее
,47.46,,505.62,56.56,,,,Хорошее
,48.7,,214.83,,8204.08,180.0,,Хорошее
24.96,,48.18,711.9,28.99,1238.2,53.0,Все работают,Оптимальное
31.72,58.23,28.93,588.74,17.24,,148.0,Все работают,Хорошее
,64.92,,40.15,87.79,2634.17,466.0,Некоторые остановлены,Критическое
,35.26,69.07,,99.46,,158.0,Некоторые остановлены,Критическое с риском отказа
16.59,33.7,21.79,571.26,57.58,,,Все работают,Оптимальное
,,,,24.78,8773.67,,,Критическое
,,,75.77,70.51,,,Некоторые остановлены,Критическое
40.44,65.39,39.34,60.73,,4480.71,33.0,Все работают,Хорошее
45.58,,,,91.31,,171.0,,Критическое
,20.44,58.84,69.84,,8137.04,,Все работают,Хорошее
,,42.73,,27.97,6450.2,,,Хорошее
98.1,17.11,52.0,,,8978.07,,Некоторые остановлены,Критическое с риском отказа
,,,,57.94,,101.0,,Хорошее
28.89,,,520.52,68.22,,64.0,Все работают,Хорошее
8.99,31.42,43.18,243.55,,,36.0,Все работают,Оптимальное
47.88,73.86,93.43,286.78,,9287.48,116.0,Некоторые остановлены,Критическое
,3.87,29.52,,53.72,1783.57,70.0,,Оптимальное
,,,128.95,70.23,,188.0,Все работают,Хорошее
,,,,98.89,,,,Критическое с риском отказа
3.62,,,,,,,,Оптимальное
,28.85,39.74,206.24,,3635.15,79.0,Все работают,Оптимальное
,,,62.41,78.71,,99.0,Все работают,Хорошее
,88.05,,700.74,,9096.67,176.0,,Критическое
10.21,33.25,42.35,888.28,,2715.83,76.0,Все работают,Оптимальное
28.13,,,,,,,,Оптимальное
21.22,12.08,46.96,126.91,59.23,4792.24,,Все работают,Оптимальное
12.91,23.86,,58.78,,,,,Хорошее
,26.29,,929.02,84.76,4043.91,146.0,Все работают,Хорошее
,37.68,,,46.33,4753.63,94.0,Все работают,Оптимальное
8.39,57.19,,,,,326.0,Некоторые остановлены,Критическое
,,,61.59,,,,Все работают,Хорошее
,,,,,5965.46,,,Хорошее
32.19,83.19,108.03,,98.02,8150.49,,Некоторые остановлены,Критическое с риском отказа
,87.54,,56.71,,8805.62,,,Критическое
39.7,75.25,22.02,733.57,,8344.35,,Все работают,Критическое
45.34,31.97,,238.02,80.74,,30.0,Все работают,Хорошее
33.51,7.76,,77.33,42.93,4723.71,58.0,,Хорошее
3.07,50.77,65.09,573.33,78.28,8704.57,,Все работают,Хорошее
14.32,7.92,26.33,482.17,63.08,,,Все работают,Оптимальное
26.94,,,73.61,75.13,2611.13,69.0,Все работают,Хорошее
,,,,92.3,,80.0,,Критическое
49.69,,54.74,,12.0,,,Все работают,Хорошее
,,,,,8628.43,,Все работают,Критическое
,,36.1,550.57,67.56,3484.72,47.0,Все работают,Оптимальное
,1.95,97.43,54.64,,3449.16,,,Критическое
,32.73,,,,,,,Оптимальное
,,94.65,25.32,24.47,,,,Критическое с риском отказа
93.7,77.56,59.19,,,8713.29,601.0,,Критическое с риском отказа
20.57,19.01,36.98,,35.56,5351.0,55.0,Все работают,Оптимальное
,,,,,,,Все работают,Критическое с риском отказа
,,43.84,,,,41.0,,Оптимальное
,,,518.12,,,,,Хорошее
,,33.16,52.97,30.23,8231.2,,Все работают,Хорошее
17.01,15.07,36.16,268.86,,335.09,33.0,,Оптимальное
,39.17,20.2,345.35,,,63.0,,Оптимальное
9.52,,48.99,552.47,56.02,6855.13,,Все работают,Оптимальное
,21.66,,,,948.47,,,Оптимальное
95.0,,,752.27,78.48,,,,Критическое с риском отказа
,,46.32,,,8802.24,182.0,Все работают,Хорошее
,,,,,8453.95,,,Критическое
24.3,,55.27,275.86,53.53,8039.61,165.0,Все работают,Хорошее
61.45,68.54,111.95,5.44,,813.04,137.0,Критический сервис остановлен,Критическое с риском отказа
70.21,,,340.86,,,,,Критическое
25.93,,28.72,4.3,,,271.0,,Критическое с риском отказа
61.54,,,224.41,,,,,Критическое
25.11,38.64,,,,5498.92,73.0,,Оптимальное
,,64.45,,83.27,,,,Критическое
89.73,78.44,99.76,52.15,88.67,778.56,,Все работают,Критическое
58.27,18.69,61.32,503.95,72.96,,,Все работают,Хорошее
,18.6,,,,,,,Критическое с риском отказа
,36.64,44.64,162.92,,2150.6,45.0,,Оптимальное
5.8,21.31,64.98,132.91,,8416.69,232.0,Некоторые остановлены,Критическое
83.72,21.46,113.46,42.9,,,,,Критическое с риском отказа
,,44.25,,,,,,Оптимальное
46.07,66.81,,321.17,,8837.17,221.0,,Критическое
,,55.51,,,2155.09,38.0,,Хорошее
6.13,21.38,23.26,165.78,2.24,214.71,79.0,,Оптимальное
14.13,,48.44,,,,62.0,Все работают,Оптимальное
,16.01,,,,,,Некоторые остановлены,Критическое
36.84,,49.56,26.82,,,82.0,,Критическое
,,41.34,,,8204.08,,,Хорошее
,,57.69,75.72,,5904.25,,,Хорошее
,,39.68,,,,,,Критическое
,,,,72.09,,,,Критическое
49.69,,,63.22,,,42.0,,Критическое
,35.63,,,,,,,Оптимальное
26.12,13.32,35.31,,50.92,822.44,,Все работают,Оптимальное
,,63.2,,,8932.16,178.0,,Хорошее
9.16,,45.73,,,,184.0,Все работают,Хорошее
,7.46,42.01,505.17,,,97.0,,Оптимальное
,66.95,92.75,264.22,,9135.46,,Все работают,Критическое
,,,,70.39,,130.0,Все работают,Критическое
,,41.63,924.27,,,59.0,,Оптимальное
25.88,36.82,33.22,682.58,68.45,,,Все работают,Оптимальное
,,,,58.77,,,,Критическое
16.82,5.69,44.77,579.21,,,85.0,Все работают,Оптимальное
61.07,,79.96,754.55,,9272.94,,Все работают,Критическое
8.72,13.82,37.8,,2.48,6565.25,67.0,,Оптимальное
,,,217.45,30.51,,,Все работают,Оптимальное
,,74.99,0.84,98.59,9301.38,,,Критическое с риском отказа
,,,,79.94,5799.28,,,Хорошее
,2.56,63.15,,,8700.32,,,Хорошее
,,,,99.77,7075.22,2.0,,Критическое с риском отказа
7.07,15.32,55.5,433.28,84.22,8859.1,,Все работают,Хорошее
6.46,,,,29.72,,,Все работают,Оптимальное
,20.28,68.96,960.11,,3031.65,38.0,Все работают,Хорошее
17.07,45.02,36.68,,77.18,8067.17,,Все работают,Хорошее
11.33,40.84,26.12,,81.84,4434.39,,Все работают,Хорошее
73.93,,76.53,,,,382.0,Все работают,Критическое
53.19,16.79,36.62,,,,146.0,Все работают,Хорошее
11.0,,,51.44,,8092.38,,,Хорошее
,,,3.02,,,,,Критическое с риском отказа
3.33,12.98,,596.89,,4453.4,,Все работают,Оптимальное
,,77.72,53.82,72.7,,,,Критическое с риском отказа
92.65,,53.75,45.76,98.21,9843.28,770.0,Критический сервис остановлен,Критическое с риском отказа
,,,,11.47,,,Все работают,Оптимальное
,66.93,,,,,,,Хорошее
,25.15,28.53,417.89,39.28,4741.11,65.0,Все работают,Оптимальное
21.9,3.7,,759.99,62.24,2136.47,,,Оптимальное
21.89,,31.61,600.97,21.08,,,Все работают,Оптимальное
28.05,38.37,43.61,,,2439.3,56.0,Все работают,Оптимальное
3.03,20.41,,,15.61,478.99,,Все работают,Оптимальное
2.9,,63.45,,72.45,1694.79,,Все работают,Хорошее
,,,132.68,,3582.16,52.0,,Оптимальное
21.51,2.93,94.86,,,8433.03,45.0,Некоторые остановлены,Критическое
42.08,,,50.52,72.42,,187.0,Все работают,Хорошее
,74.27,,,,,,,Критическое
,,30.92,,23.18,8535.12,,,Хорошее
8.72,,37.8,,2.48,6565.25,,,Оптимальное
90.62,99.88,86.35,9.91,96.13,9345.3,,Все работают,Критическое с риском отказа
15.05,,67.36,79.6,39.91,,,Все работают,Хорошее
16.39,28.09,,643.36,48.0,752.09,34.0,Все работают,Оптимальное
,20.97,31.45,,,8226.97,114.0,Все работают,Хорошее
,,27.3,996.47,,,,,Хорошее
56.56,,,,,,160.0,,Хорошее
,,,,,,,Все работают,Оптимальное
24.72,,,373.03,11.21,815.86,51.0,Все работают,Оптимальное
,74.76,69.24,,,,44.0,,Критическое
,,,,15.04,,,,Оптимальное
,,,,,,114.0,,Хорошее
18.89,29.75,31.34,564.52,56.75,3997.02,,Все работают,Оптимальное
39.81,92.6,,41.0,,8633.82,175.0,Все работают,Критическое
2.32,44.75,22.29,,,,784.0,,Критическое с риском отказа
13.43,38.9,39.03,670.21,12.86,4542.98,,Все работают,Оптимальное
56.85,,63.09,,84.34,,,Все работают,Критическое
1.59,,60.98,884.99,,8822.31,82.0,,Хорошее
,,106.61,47.35,,,,,Критическое с риском отказа
,26.92,30.27,73.36,98.43,9320.02,10.0,Некоторые остановлены,Критическое с риском отказа
,,72.44,614.08,16.1,8096.37,145.0,,Хорошее
59.98,62.65,44.49,529.35,,8520.45,136.0,Все работают,Хорошее
46.3,,59.04,409.36,,,,Все работают,Хорошее
,41.3,,72.9,,,,Все работают,Хорошее
85.04,,64.49,,89.66,6571.39,197.0,Все работают,Критическое
,,,,,,46.0,Все работают,Оптимальное
18.31,,34.71,157.03,56.89,,,Все работают,Оптимальное
,5.21,,,4.79,,52.0,,Оптимальное
,,106.59,916.51,96.3,78.91,,Все работают,Критическое с риском отказа
4.38,,,621.42,32.69,5909.66,48.0,Все работают,Оптимальное
94.94,79.77,,,99.78,9808.55,,Все работают,Критическое с риском отказа
41.7,7.48,109.56,628.68,72.24,9760.47,,Некоторые остановлены,Критическое с риском отказа
27.61,60.62,,275.62,75.1,8447.62,228.0,Все работают,Критическое
77.29,5.07,,10.8,,8843.81,477.0,,Критическое
,55.74,,,54.99,8806.15,,,Хорошее
,12.22,,,59.04,,,,Оптимальное
,,,,,2108.32,,Все работают,Хорошее
42.12,32.31,45.89,66.01,86.87,9355.72,487.0,,Критическое
31.75,47.35,45.1,369.84,78.85,219.7,129.0,,Хорошее
,0.49,,,44.55,4813.25,,,Оптимальное
,,,,,1617.69,,,Оптимальное
41.21,64.03,43.19,,83.82,8458.75,62.0,Все работают,Хорошее
9.54,38.68,25.18,504.83,18.9,,,Все работают,Оптимальное
,,48.3,,,,,,Оптимальное
,20.87,25.79,556.56,60.68,,47.0,Все работают,Оптимальное
48.22,13.39,25.54,,78.4,8745.1,,,Хорошее
,99.19,,,,,,Все работают,Критическое с риском отказа
8.47,64.75,,766.23,,8282.04,133.0,,Хорошее
,84.05,,,,8964.47,162.0,Некоторые остановлены,Критическое
,46.76,,,,,318.0,Все работают,Критическое с риском отказа
20.65,27.63,30.97,678.35,62.76,2151.5,,Все работают,Оптимальное
,13.03,26.71,691.05,14.2,2482.47,78.0,,Оптимальное
,,41.27,,,,,,Оптимальное
9.91,,32.16,304.54,,5902.5,57.0,Все работают,Оптимальное
,38.64,,158.02,27.09,63.02,96.0,Все работают,Оптимальное
18.5,,26.54,227.63,8.11,,95.0,,Оптимальное
21.22,,45.12,537.7,35.26,4549.74,45.0,Все работают,Оптимальное
54.98,,,15.16,85.15,9807.2,,Все работают,Критическое
18.69,,,,10.92,1216.95,36.0,,Оптимальное
,,45.02,632.87,,,33.0,,Оптимальное
,,,41.59,71.15,9850.04,93.0,Все работают,Критическое
,,,,77.69,,,Все работают,Хорошее
91.76,79.42,,4.67,,5994.72,,Критический сервис остановлен,Критическое с риском отказа
24.74,64.7,74.76,609.43,,8116.92,166.0,Все работают,Хорошее
,,,,,,,Все работают,Оптимальное
40.29,70.42,81.91,716.32,,3382.5,,Все работают,Критическое
,46.29,,,,5454.96,198.0,Все работают,Хорошее
42.9,,21.14,624.56,,,,Некоторые остановлены,Критическое
77.47,73.43,37.72,73.88,79.98,,,Все работают,Критическое
17.85,9.01,,59.05,66.39,8607.45,279.0,Все работают,Критическое
,,42.04,,,,,,Оптимальное
,67.61,,,,,70.0,,Хорошее
,,,,8.8,,,Некоторые остановлены,Критическое
,,,75.91,,,,Некоторые остановлены,Критическое
,,,,,,,Все работают,Оптимальное
,14.44,20.6,,40.38,,40.0,Все работают,Оптимальное
,,,69.78,,9491.31,,Некоторые остановлены,Критическое
84.02,16.41,,303.34,,,,,Критическое
17.17,,,,,,,,Оптимальное
73.58,,,,63.03,9666.37,480.0,,Критическое
34.42,,64.39,,75.77,,,,Хорошее
19.94,16.32,47.4,,80.66,,,,Критическое
,33.07,26.87,,36.44,1516.35,47.0,,Оптимальное
16.19,58.96,,54.87,,,164.0,,Хорошее
20.42,73.2,60.41,,87.38,2991.58,236.0,Некоторые остановлены,Критическое
23.76,26.8,,69.16,81.94,,,,Критическое
60.64,71.78,,25.58,,,,,Критическое
32.33,0.64,35.71,5.15,,3255.5,,,Критическое с риском отказа
,,114.59,,,,,,Критическое с риском отказа
,,37.36,57.52,,2121.24,115.0,Все работают,Хорошее
42.84,26.3,37.87,209.36,74.23,,167.0,Все работают,Хорошее
3.03,20.41,33.58,461.38,,478.99,93.0,,Оптимальное
,76.7,,,,9656.64,91.0,Все работают,Критическое
92.4,,81.6,0.21,43.19,9354.18,3.0,,Критическое с риском отказа
,,30.27,643.93,53.72,,87.0,,Оптимальное
,,53.08,668.29,64.56,8479.57,,,Хорошее
,13.41,25.28,,,4013.64,,,Оптимальное
,75.09,58.85,135.21,35.04,966.03,117.0,Некоторые остановлены,Критическое
26.91,,36.67,140.35,48.47,,40.0,Все работают,Оптимальное
,,,,,8989.28,,,Хорошее
1.58,,,785.63,,2086.32,,Все работают,Оптимальное
61.34,68.26,42.38,446.06,7.32,,131.0,Все работают,Критическое
55.05,,65.3,362.8,52.81,8142.87,84.0,Все работают,Хорошее
14.57,,72.71,25.49,79.36,8443.61,103.0,Все работают,Критическое
,90.32,92.51,,,,,Все работают,Критическое
29.29,9.33,,91.79,,,97.0,Все работают,Оптимальное
27.91,,43.03,262.63,55.45,,,,Оптимальное
,,,,,,115.0,,Хорошее
,,,77.75,,,,Все работают,Хорошее
1.34,,27.49,969.39,60.52,,50.0,,Оптимальное
27.53,,,,,,,,Хорошее
,19.66,36.89,,42.75,,65.0,Все работают,Оптимальное
28.51,,32.01,320.57,61.14,357.57,64.0,Все работают,Оптимальное
,28.4,26.58,52.3,83.47,2593.76,137.0,Все работают,Хорошее
,26.36,33.15,503.21,34.22,7553.27,,,Оптимальное
,30.45,37.29,802.39,43.01,,,,Оптимальное
,,63.46,,,,,,Хорошее
,,,,,5253.12,,,Оптимальное
,,38.51,235.46,,,,,Оптимальное
,68.48,72.54,,,8917.33,,,Хорошее
,81.95,,,,6848.63,,,Критическое
7.54,99.69,,,,,,,Критическое с риском отказа
74.18,83.35,99.07,,19.0,8002.75,,Некоторые остановлены,Критическое
,42.74,32.96,66.69,,,136.0,Все работают,Хорошее
,,,79.91,41.25,8130.68,,Все работают,Хорошее
,34.62,,82.47,4.89,,97.0,Все работают,Оптимальное
,59.06,,751.38,,,,,Хорошее
,,,,,2755.57,126.0,,Хорошее
9.47,,,921.87,,2045.14,100.0,Все работают,Оптимальное
81.14,58.03,75.72,,,,150.0,,Критическое
28.95,86.55,,776.98,,,104.0,,Критическое
,,,,,,,Все работают,Критическое
10.97,38.74,41.94,,6.3,1838.85,85.0,Все работают,Оптимальное
30.67,79.77,33.08,40.8,90.54,9007.68,72.0,,Критическое
,27.88,,,,,,,Оптимальное
20.17,22.21,,745.11,10.55,1105.68,,,Оптимальное
,,59.13,,,,,Все работают,Хорошее
91.34,23.72,,35.0,17.22,9293.45,68.0,Критический сервис остановлен,Критическое с риском отказа
0.6,2.97,,,30.19,,,,Оптимальное
35.66,99.97,,94.75,78.77,,8.0,Все работают,Критическое с риском отказа
,,,,,5943.05,57.0,,Оптимальное
26.32,,54.64,549.78,80.49,,120.0,Все работают,Хорошее
,,,692.29,,,,Все работают,Оптимальное
24.98,34.27,25.49,,12.99,7623.36,69.0,Все работают,Оптимальное
,,,,79.8,81.9,31.0,,Хорошее
57.08,,72.73,908.19,31.23,5579.77,,Все работают,Хорошее
4.54,86.72,,,90.73,743.33,,,Критическое
,40.5,,374.89,82.5,8324.43,69.0,,Хорошее
,,98.36,,,,122.0,,Критическое
46.62,,,50.85,39.69,,,,Хорошее
5.86,20.59,37.49,86.55,,7213.4,,,Оптимальное
20.96,30.52,36.23,,,1966.91,53.0,,Оптимальное
,84.43,,,95.57,,140.0,,Критическое
41.19,80.22,94.73,,,,139.0,,Критическое с риском отказа
,56.43,,18.96,,8703.76,,,Критическое
28.19,64.59,,,,,,,Критическое
,20.26,,958.98,67.19,2768.87,73.0,Все работают,Оптимальное
21.45,21.91,31.18,136.77,65.0,4717.06,,Все работают,Оптимальное
20.09,,44.21,982.16,60.51,,84.0,Все работают,Оптимальное
,,,214.04,,9971.47,,Некоторые остановлены,Критическое
,,54.16,,,9858.1,334.0,,Критическое
,22.74,,,49.81,5822.47,,Все работают,Оптимальное
57.57,20.42,,,,8473.24,164.0,,Хорошее
34.71,14.27,31.05,74.19,71.85,,,Все работают,Хорошее
22.87,,29.84,340.92,15.81,7879.7,38.0,Все работают,Оптимальное
,60.7,,,,,,,Хорошее
,51.35,41.56,228.1,,6954.74,,Все работают,Критическое
,,,,13.34,,,,Оптимальное
6.3,89.65,,,,,,Все работают,Критическое
40.78,61.24,,861.76,57.94,5861.4,,,Хорошее
,92.46,,,,,173.0,Все работают,Критическое
81.74,,97.3,,,7491.94,,Некоторые остановлены,Критическое
2.53,,,,,6771.07,,Все работают,Оптимальное
,,,,26.29,,,,Хорошее
6.87,94.99,,557.45,96.91,,160.0,,Критическое
73.84,,,54.94,94.18,8900.57,71.0,Все работают,Критическое
99.17,95.82,90.65,,58.84,3788.61,370.0,Все работают,Критическое с риском отказа
,,31.44,,,,,,Хорошее
,,,,,,448.0,Все работают,Критическое с риском отказа
4.04,,,,,,,,Оптимальное
6.3,,84.93,28.97,,9175.17,163.0,Все работают,Критическое
19.2,,,816.75,70.66,,82.0,Все работают,Хорошее
,,,,,,,Критический сервис остановлен,Критическое с риском отказа
,,,324.11,,8302.63,,,Хорошее
97.46,99.29,64.99,,,8220.9,10.0,Все работают,Критическое с риском отказа
,,21.55,,,6189.65,,Все работают,Оптимальное
,,102.33,,98.01,8943.76,192.0,Все работают,Критическое с риском отказа
,,,16.95,,,,Все работают,Критическое
18.6,,,,,,,,Хорошее
,47.66,,62.93,70.71,8771.88,93.0,,Хорошее
,67.71,,,,,89.0,Все работают,Хорошее
,,,,,8038.61,,,Критическое
,,,190.39,47.2,4217.76,,,Оптимальное
17.17,,,737.2,22.95,,82.0,Все работают,Оптимальное
12.61,97.88,45.37,,,9855.72,994.0,Критический сервис остановлен,Критическое с риском отказа
,,,527.41,70.45,,,Все работают,Хорошее
,,,638.37,59.11,,,,Оптимальное
,,58.84,69.84,,8137.04,158.0,,Хорошее
,,,560.78,98.81,,466.0,Все работают,Критическое с риском отказа
15.19,27.35,41.73,152.17,21.73,2742.94,54.0,,Оптимальное
26.43,,51.3,,62.67,,95.0,Все работают,Хорошее
21.08,3.6,,233.72,19.08,4418.69,40.0,Все работают,Оптимальное
,36.01,49.49,60.45,73.05,6100.65,,Некоторые остановлены,Критическое
93.25,51.48,,63.06,88.97,8440.23,,Все работают,Критическое с риском отказа
3.7,10.58,46.55,2.57,99.89,,776.0,Критический сервис остановлен,Критическое с риском отказа
19.73,39.6,34.27,870.26,,4856.42,33.0,Все работают,Оптимальное
,,,,16.73,,,,Оптимальное
25.82,,45.28,53.17,74.67,9806.7,42.0,Некоторые остановлены,Критическое
,,,,,,,Некоторые остановлены,Критическое
25.04,,24.01,,67.53,,,,Оптимальное
,6.56,,959.41,21.6,,33.0,,Оптимальное
52.72,65.24,,838.42,18.55,8016.33,79.0,Все работают,Хорошее
29.04,10.41,,,18.23,7828.13,65.0,,Оптимальное
4.35,5.25,95.25,17.67,93.69,,126.0,Все работают,Критическое
,,68.95,,,,,Все работают,Критическое с риском отказа
,,,,,6617.31,,,Хорошее
,,43.98,,57.81,5553.55,,Все работают,Оптимальное
,,,,,2886.85,,Все работают,Хорошее
,58.94,,,,,8.0,,Критическое с риском отказа
54.25,55.55,84.63,79.17,,9275.08,329.0,,Критическое
40.17,27.68,70.03,62.92,,5287.35,,Все работают,Хорошее
3.21,,,,,,,,Оптимальное
,4.15,,,61.62,,,,Оптимальное
,,,,,,60.0,,Критическое с риском отказа
26.82,13.03,,,,6656.81,,Все работают,Оптимальное
,17.28,26.31,,57.77,7433.74,100.0,Все работают,Оптимальное
,,,552.3,55.6,1811.36,74.0,,Оптимальное
,0.48,,,56.95,6799.75,70.0,Все работают,Оптимальное
5.68,,,962.25,3.72,1910.14,341.0,Все работают,Критическое
32.35,9.28,,16.97,,,59.0,,Критическое
5.81,38.4,85.53,46.06,80.56,8137.35,,,Критическое
,,36.61,,30.28,3583.77,77.0,Все работают,Оптимальное
,15.05,49.6,971.27,39.34,,73.0,Все работают,Оптимальное
,,,53.58,,,,,Хорошее
,,,,,8716.24,,,Хорошее
,,,,53.74,,,,Хорошее
82.2,88.68,91.26,,39.34,9486.48,629.0,Критический сервис остановлен,Критическое с риском отказа
,23.01,28.67,433.95,17.18,1873.94,38.0,Все работают,Оптимальное
5.59,,44.64,162.92,2.9,,45.0,,Оптимальное
99.13,93.69,47.79,415.65,22.21,9050.32,,Критический сервис остановлен,Критическое с риском отказа
32.93,,100.04,,52.09,,433.0,Некоторые остановлены,Критическое с риском отказа
26.28,22.15,49.92,219.41,50.22,,86.0,,Оптимальное
,,72.4,555.65,72.65,8777.42,,,Хорошее
,36.77,,,,5476.88,,,Критическое
,,,51.26,,,,,Хорошее
,,,,,8192.4,,Критический сервис остановлен,Критическое с риском отказа
13.38,23.53,46.16,996.79,57.67,,95.0,Все работают,Оптимальное
93.32,85.14,105.59,514.72,83.27,8320.95,,Некоторые остановлены,Критическое с риском отказа
,,,,79.81,,,,Хорошее
,,,763.02,99.02,,,Критический сервис остановлен,Критическое с риском отказа
6.86,,,,,8262.07,,Все работают,Хорошее
,95.52,53.79,,,,,,Критическое с риском отказа
25.2,,26.61,,,,,,Хорошее
,,,,,,33.0,,Хорошее
,,,460.82,64.41,,74.0,Все работают,Оптимальное
,,,,,,318.0,,Критическое с риском отказа
16.62,39.34,23.84,888.36,70.71,8305.5,,Все работают,Хорошее
,38.9,,218.09,,,,,Оптимальное
25.6,27.38,36.21,497.77,,2780.42,64.0,Все работают,Оптимальное
,21.3,,,51.65,,,Все работают,Оптимальное
,,48.71,,,,76.0,,Оптимальное
,,89.25,,,9556.14,,,Критическое
28.99,2.3,,,10.67,1300.88,66.0,Все работают,Оптимальное
13.59,,,,,,,,Оптимальное
,29.96,,294.48,,7827.5,71.0,Все работают,Оптимальное
99.4,,47.63,,,,810.0,,Критическое с риском отказа
57.62,23.87,,,76.03,8942.78,132.0,Все работают,Хорошее
25.53,21.05,,,,,33.0,,Оптимальное
16.25,23.6,35.26,,51.47,,,Все работают,Оптимальное
,,61.45,61.8,,,,,Хорошее
38.37,,,65.24,58.75,8202.54,85.0,Все работают,Хорошее
53.58,45.65,78.56,,86.74,,,Некоторые остановлены,Критическое
,24.87,48.12,136.54,,7354.18,57.0,Все работают,Оптимальное
14.76,22.53,,,,,31.0,Все работают,Оптимальное
6.54,,,,74.13,8704.25,,Все работают,Хорошее
20.07,,,57.48,,8348.95,184.0,Все работают,Хорошее
4.73,,88.89,,92.83,,,Все работают,Критическое
,24.87,,,26.54,,57.0,Все работают,Оптимальное
,37.4,61.84,,98.59,,612.0,,Критическое с риском отказа
,,,73.16,79.88,34.7,,Все работают,Хорошее
,,57.89,79.67,70.55,,,,Хорошее
,35.45,28.96,,,,,,Оптимальное
,,,706.48,,2967.02,31.0,,Оптимальное
6.95,,,,,,85.0,,Оптимальное
,,38.45,,,2087.11,73.0,,Оптимальное
39.34,,,454.06,78.64,,192.0,Все работают,Хорошее
,,,759.64,,7619.27,,,Оптимальное
,90.32,,78.95,95.02,2846.5,30.0,,Критическое
,,29.52,416.33,53.72,,70.0,Все работают,Оптимальное
,,,199.61,,,82.0,,Оптимальное
85.93,33.69,85.43,37.66,,9674.05,,Некоторые остановлены,Критическое
26.7,7.15,29.26,,,,,Все работают,Оптимальное
,,37.36,521.3,45.43,,,Все работают,Оптимальное
57.08,88.69,89.43,,,,476.0,Некоторые остановлены,Критическое
,42.77,,58.83,,,235.0,Некоторые остановлены,Критическое
,,,,56.58,,,,Оптимальное
28.09,14.6,,451.36,,2652.66,217.0,,Критическое
,,43.02,,,,,,Оптимальное
,34.99,20.57,,,5348.58,,,Оптимальное
21.5,2.34,45.41,465.27,4.52,,,,Оптимальное
,11.25,,,48.47,1740.24,40.0,,Оптимальное
25.6,,,,,,,,Оптимальное
,,103.42,,,,,,Критическое с риском отказа
53.79,3.9,59.48,58.86,,8666.87,63.0,Все работают,Хорошее
,32.53,,,,,,,Оптимальное
3.62,,40.88,217.55,60.31,,,Все работают,Оптимальное
63.37,,,,,8866.5,200.0,,Критическое
15.93,,23.2,,63.32,1980.65,,,Оптимальное
1.14,15.81,41.94,223.52,18.36,1123.18,,Все работают,Оптимальное
,67.31,64.9,918.43,,8767.38,82.0,,Хорошее
,41.58,55.98,,,8762.19,,,Хорошее
8.04,,30.71,,14.93,,84.0,Все работают,Оптимальное
,,,,,1182.64,,,Оптимальное
,,,,,,177.0,,Хорошее
,,39.55,78.57,,,,,Хорошее
6.68,55.46,24.67,73.91,,8379.75,138.0,Все работают,Хорошее
,,38.42,919.6,,6217.9,49.0,,Оптимальное
,,25.41,,,6871.29,34.0,Все работают,Оптимальное
7.5,38.01,,318.81,59.1,,41.0,Все работают,Оптимальное
95.89,,,551.56,,8070.93,,Критический сервис остановлен,Критическое с риском отказа
17.69,,,51.72,,,125.0,,Хорошее
27.7,5.37,35.63,770.51,,7253.06,78.0,Все работают,Оптимальное
,82.6,85.47,20.94,76.79,3301.96,480.0,,Критическое
,4.13,,756.93,,,,,Оптимальное
22.07,63.29,31.61,57.42,84.76,7108.83,133.0,,Хорошее
28.18,68.65,,,73.57,4914.9,47.0,,Хорошее
80.23,,,,70.29,3185.54,180.0,Все работают,Критическое с риском отказа
25.04,,,525.49,,9851.37,,Все работают,Критическое
,36.14,88.75,,,665.83,396.0,,Критическое
,,34.23,,,,,,Критическое с риском отказа
,36.11,47.97,670.34,52.26,351.98,47.0,,Оптимальное
50.85,5.78,,791.77,77.71,,87.0,,Хорошее
,,38.27,271.93,,3121.36,81.0,,Оптимальное
,,104.68,,,,,,Критическое с риском отказа
,,93.43,,44.84,,116.0,,Критическое
,,,,,4849.97,75.0,,Оптимальное
,,,,,,85.0,,Оптимальное
,4.94,,,64.02,5036.29,,Все работают,Оптимальное
,,,,21.19,4908.24,,,Оптимальное
,,,60.03,,,,Все работают,Критическое
21.57,36.32,33.01,236.31,14.91,3490.32,,,Оптимальное
94.94,,,,,,,,Критическое с риском отказа
,,,,5.23,8268.68,,,Хорошее
,57.47,,66.87,84.5,1869.43,184.0,,Хорошее
38.79,,,74.91,,,,,Хорошее
23.72,,,79.1,93.36,808.6,8.0,Все работают,Критическое с риском отказа
,,,,,8421.38,,,Критическое
0.45,,,909.91,,,69.0,Все работают,Оптимальное
,,52.57,,,9989.32,35.0,Все работают,Критическое
6.16,12.79,,,,5726.13,,,Оптимальное
30.53,38.68,,968.91,1.06,,127.0,,Хорошее
,57.38,,,,,,,Критическое
,69.41,,,82.27,4717.58,104.0,Все работают,Хорошее
31.18,93.41,,,,8683.39,,,Критическое
,,,76.84,1.23,,,,Критическое
11.25,30.96,,551.16,66.09,,50.0,,Оптимальное
,,,,,,,Все работают,Хорошее
,62.0,,,,4051.0,,,Хорошее
,25.03,,,,,111.0,Все работают,Хорошее
37.42,,30.4,68.76,56.83,8890.4,58.0,Все работают,Хорошее
,,,15.16,85.15,,133.0,Все работают,Критическое
10.26,,,,,,,Некоторые остановлены,Критическое
82.42,,,,83.33,,,,Критическое
,12.05,,56.29,95.05,9283.3,721.0,,Критическое с риском отказа
,,,,,,82.0,,Хорошее
,,,,77.69,,,,Критическое
,,,39.16,,,,,Критическое с риском отказа
,57.08,31.93,52.21,77.16,7968.93,191.0,Все работают,Хорошее
82.42,,,,83.33,,474.0,Все работают,Критическое
43.87,59.55,,288.1,,8904.51,100.0,Все работают,Хорошее
33.88,,,55.47,,397.17,,,Хорошее
,,,64.37,,,,Все работают,Хорошее
11.25,,,,,8811.99,158.0,,Хорошее
42.56,45.76,,,,,122.0,,Хорошее
,,20.02,274.98,30.89,,84.0,Все работают,Оптимальное
,,,52.9,29.37,,122.0,,Хорошее
,,,619.86,25.19,6829.43,78.0,Все работают,Оптимальное
35.31,54.74,41.47,,,3131.08,178.0,,Хорошее
,,,703.46,,,,Все работают,Оптимальное
53.26,,,719.95,54.25,8395.71,,Все работают,Хорошее
,,,,84.76,,186.0,Все работают,Хорошее
,26.09,38.52,607.79,49.03,6634.16,35.0,Все работают,Оптимальное
,15.83,70.98,42.86,72.37,8951.85,244.0,Некоторые остановлены,Критическое
,,,368.1,,,,,Критическое
44.11,,,838.44,80.54,2010.04,,,Хорошее
,,,,,3849.31,174.0,,Критическое с риском отказа
,,,,,,77.0,Все работают,Оптимальное
47.07,55.61,59.49,,75.46,8941.18,188.0,Все работают,Хорошее
,,,,,9991.27,,,Критическое
,1.5,,,,5431.14,79.0,Все работают,Оптимальное
13.07,34.61,31.89,908.46,34.07,2972.54,46.0,,Оптимальное
15.62,,97.72,,,9975.64,,Некоторые остановлены,Критическое
,,,,,,,Все работают,Оптимальное
61.4,52.93,61.07,376.71,,9898.0,97.0,Все работают,Критическое
7.52,,,248.41,,,,,Хорошее
13.1,,44.97,974.46,8.54,,69.0,,Оптимальное
,18.53,,,,,,,Оптимальное
82.42,2.81,82.1,13.06,,,474.0,,Критическое
43.04,,,,58.54,1145.23,,,Хорошее
,39.9,27.59,,,7186.87,51.0,,Оптимальное
,,,,,,,Некоторые остановлены,Критическое
27.78,9.38,,465.97,66.84,532.01,37.0,Все работают,Оптимальное
58.63,,,,,5371.74,197.0,Все работают,Хорошее
,,71.67,,,2399.85,,,Хорошее
18.63,28.98,23.18,,51.24,6506.36,37.0,,Оптимальное
,4.87,26.88,240.99,0.92,,75.0,Все работают,Хорошее
11.88,97.67,,8.14,,953.83,542.0,,Критическое с риском отказа
,,48.18,676.94,,3061.34,40.0,,Оптимальное
84.14,14.65,96.86,78.96,94.61,9203.89,,Некоторые остановлены,Критическое
,,,,69.74,,32.0,,Критическое
29.25,84.83,57.14,177.86,76.85,9811.87,,Все работают,Критическое
68.47,,,,,,171.0,Некоторые остановлены,Критическое
,99.24,30.87,42.71,98.52,9078.16,148.0,,Критическое с риском отказа
,61.66,66.41,811.91,6.8,7193.56,196.0,Все работают,Хорошее
7.39,8.88,39.1,,52.98,7911.36,,Все работают,Оптимальное
,,77.11,,,9548.5,260.0,,Критическое
13.69,,100.25,,,8652.4,784.0,,Критическое с риском отказа
,,,30.08,86.38,,,,Критическое с риском отказа
34.95,46.85,42.02,,,,32.0,,Хорошее
,96.54,,,,,,,Критическое с риском отказа
,,,,41.49,3117.36,,,Оптимальное
1.23,21.63,51.97,,71.44,,151.0,Все работают,Хорошее
,,29.99,846.53,14.44,4537.11,,Все работают,Оптимальное
7.81,11.14,,862.74,42.79,7675.08,87.0,Все работают,Оптимальное
16.35,50.46,47.71,873.37,,,134.0,Все работают,Хорошее
53.28,37.22,31.57,245.95,16.83,,61.0,Все работают,Хорошее
,98.19,,,,,,,Критическое с риском отказа
17.39,,,991.42,26.38,6109.75,47.0,,Оптимальное
56.46,91.86,91.36,0.82,,,30.0,,Критическое с риском отказа
,,,,,,179.0,,Критическое с риском отказа
,,,,,3963.26,,,Хорошее
75.36,,39.39,,81.22,,230.0,,Критическое
,,,,,,,Все работают,Хорошее
41.44,86.29,,,,,144.0,,Критическое
29.85,20.87,25.79,556.56,60.68,,47.0,Все работают,Оптимальное
,,28.03,,,9407.64,,,Критическое с риском отказа
,38.16,,,22.05,,,,Оптимальное
,11.56,33.03,242.45,,4244.09,,,Оптимальное
97.99,44.08,,22.5,99.99,,88.0,Все работают,Критическое с риском отказа
8.13,54.88,77.57,368.1,88.11,,105.0,Все работают,Критическое
,,,,97.62,,461.0,Некоторые остановлены,Критическое
78.9,,74.51,214.62,7.7,9308.52,,,Критическое
,,,,,,122.0,,Хорошее
,,46.93,,,,,,Оптимальное
13.75,41.07,82.67,,,,42.0,,Критическое
,4.19,41.49,,,1356.39,67.0,Все работают,Оптимальное
59.95,,,,30.7,,,,Критическое
,,,6.24,,5848.52,465.0,,Критическое с риском отказа
41.37,,,575.85,,,,,Хорошее
,,48.61,,60.09,,77.0,Все работают,Оптимальное
,,,65.14,,,,Все работают,Хорошее
,,68.29,671.45,78.3,8270.55,108.0,Все работают,Хорошее
26.2,9.34,42.18,473.68,51.4,4857.39,,Все работают,Оптимальное
95.84,79.75,88.42,63.47,,,178.0,Критический сервис остановлен,Критическое с риском отказа
,30.3,,,,8096.55,137.0,,Хорошее
4.32,9.86,31.89,,19.09,2683.71,79.0,Все работают,Оптимальное
,,37.81,,,,,Все работают,Оптимальное
49.26,52.2,51.56,79.26,30.35,,195.0,Все работают,Хорошее
30.0,,,,,,,,Хорошее
,,,,,,,Все работают,Критическое с риском отказа
28.58,24.16,,308.1,58.73,9245.4,,Все работают,Критическое с риском отказа
40.03,28.88,33.41,73.16,75.58,8359.92,,Все работают,Хорошее
31.14,48.81,49.06,650.89,76.33,3908.8,,Все работают,Хорошее
48.97,,68.3,153.11,75.67,5235.21,478.0,,Критическое
65.49,95.61,101.35,522.68,96.7,8834.46,164.0,,Критическое с риском отказа
13.58,,27.13,,19.26,,,Все работают,Оптимальное
,,,,58.86,,,,Хорошее
,,62.52,,89.74,,10.0,Все работают,Критическое с риском отказа
7.48,,,,30.28,2529.98,,,Оптимальное
99.02,42.01,,,,,,,Критическое с риском отказа
40.12,,33.14,,,8843.38,,,Хорошее
,,,,,,85.0,,Оптимальное
12.66,97.35,67.81,,0.11,1975.2,,Критический сервис остановлен,Критическое с риском отказа
99.91,96.34,91.62,8.54,99.47,,708.0,Некоторые остановлены,Критическое с риском отказа
,28.66,,,72.43,8473.74,184.0,,Хорошее
10.04,,,531.43,14.57,1668.97,56.0,Все работают,Оптимальное
64.62,,,,,,,,Критическое
,,59.08,,,,,Все работают,Хорошее
,,62.39,600.13,,7587.42,132.0,Все работают,Хорошее
,,,,,9049.79,424.0,,Критическое с риском отказа
2.19,69.63,30.48,,12.61,8680.82,44.0,Все работают,Хорошее
11.91,11.16,35.66,638.37,59.11,,96.0,,Оптимальное
75.81,78.22,,,,8145.94,93.0,Все работают,Критическое
16.27,,44.9,49.76,,,,,Критическое
20.02,98.34,98.79,6.86,32.95,8175.44,,Некоторые остановлены,Критическое с риском отказа
0.6,2.97,24.83,390.91,30.19,,,Все работают,Оптимальное
,,,,1.46,,,Все работают,Хорошее
83.43,51.44,,51.81,73.72,9930.23,490.0,Некоторые остановлены,Критическое
97.03,10.94,93.47,5.32,,9435.57,,Некоторые остановлены,Критическое с риском отказа
87.94,12.05,65.9,286.19,21.93,9644.82,,Некоторые остановлены,Критическое
,,,337.22,,,498.0,,Критическое
5.45,32.7,46.77,869.47,,630.99,51.0,,Оптимальное
,,,206.7,,5374.14,,,Хорошее
20.56,,48.78,,69.21,,49.0,Все работают,Оптимальное
,,,,,,133.0,,Критическое
,,,,74.04,8534.1,,,Хорошее
,,,,59.84,5462.93,,Все работают,Оптимальное
,32.73,,554.27,51.02,4175.98,47.0,Все работают,Оптимальное
,,,,27.56,,,,Хорошее
0.14,30.45,37.29,,43.01,3432.2,30.0,Все работают,Оптимальное
88.23,,38.52,42.27,76.9,9347.19,,,Критическое
,,37.36,521.3,,2180.53,45.0,,Оптимальное
,94.68,32.14,,,,,,Критическое
43.22,,,,,,,,Хорошее
,59.97,,,24.47,,87.0,Все работают,Хорошее
0.06,10.34,46.88,,52.93,4298.51,36.0,,Оптимальное
,69.15,69.89,69.57,73.13,8067.96,90.0,,Хорошее
60.91,,99.59,,,,,,Критическое
13.14,,46.5,,55.98,2259.66,46.0,,Оптимальное
,,,760.47,,,,,Критическое
,54.95,70.51,,25.27,8864.63,,Все работают,Хорошее
21.6,56.65,41.44,232.98,79.59,3346.66,104.0,,Хорошее
,20.64,,,71.27,1630.55,,Все работают,Хорошее
,,61.68,629.03,74.47,6035.05,37.0,Все работают,Хорошее
92.4,71.62,88.83,1.53,8.84,,964.0,Все работают,Критическое с риском отказа
88.06,85.69,69.66,922.74,76.29,,233.0,Некоторые остановлены,Критическое
75.36,75.54,39.39,12.92,81.22,1494.35,230.0,,Критическое
59.65,,26.9,69.39,,8396.83,91.0,Все работают,Хорошее
,,,,76.86,,,,Критическое
,63.19,60.43,,19.42,,,,Хорошее
,,44.95,993.86,43.57,1000.82,,,Оптимальное
56.1,2.08,,297.41,,,,,Хорошее
17.95,,,,,,,,Хорошее
,,61.32,,,,,,Хорошее
,,,69.39,94.78,9905.28,47.0,,Критическое
90.29,56.99,27.84,379.73,87.01,9464.58,264.0,,Критическое с риском отказа
82.16,93.54,,,86.95,,496.0,Некоторые остановлены,Критическое
58.32,52.03,,876.51,4.67,928.08,146.0,Все работают,Хорошее
,,30.35,22.16,87.12,,148.0,,Критическое
,,,,,5662.27,,Все работают,Критическое
7.79,,26.33,448.62,6.8,6500.2,35.0,,Оптимальное
,,91.21,,,8234.23,,,Критическое
,,112.27,77.58,,,296.0,Все работают,Критическое с риском отказа
,,,,20.98,2013.6,,Все работают,Оптимальное
,15.87,,978.41,,,37.0,,Оптимальное
,,,,81.91,,,,Хорошее
2.35,,,,,,38.0,,Хорошее
0.49,40.5,71.91,,82.5,8324.43,69.0,,Хорошее
,,,,83.74,,,,Хорошее
,,,927.12,98.16,,,Все работают,Критическое с риском отказа
,,,,,,,Все работают,Критическое
5.41,25.41,,,48.01,,46.0,Все работают,Хорошее
0.5,36.33,25.81,130.63,66.36,,41.0,Все работают,Оптимальное
27.66,,31.59,,,965.74,61.0,Все работают,Оптимальное
,,,646.86,49.39,,,Все работают,Оптимальное
91.64,,,,,,,,Критическое с риском отказа
,28.3,,945.0,,8411.11,,Некоторые остановлены,Критическое с риском отказа
14.3,14.74,,340.97,17.03,5812.19,46.0,Все работают,Оптимальное
83.47,,65.22,31.1,,678.32,153.0,,Критическое
62.12,,,,81.73,,,Все работают,Критическое
,61.84,,,,,,,Хорошее
,,,341.44,,5761.31,,,Оптимальное
,,,,,,233.0,,Критическое
,,34.33,,,,,,Оптимальное
,20.03,31.34,,30.44,4250.65,,,Оптимальное
95.91,,,,,,,Критический сервис остановлен,Критическое с риском отказа
22.52,,26.0,,21.16,,,,Оптимальное
,44.43,,51.17,,,,,Хорошее
12.45,,,,,,55.0,Все работают,Оптимальное
,,,41.52,,,,,Критическое с риском отказа
,2.56,,,20.15,,,Все работают,Хорошее
27.22,,,,,,,,Критическое с риском отказа
,,,,89.83,9637.91,,,Критическое
,,,,,,111.0,,Хорошее
4.4,74.09,,56.08,89.83,,99.0,Некоторые остановлены,Критическое
0.55,11.06,,,69.95,6873.28,99.0,Все работают,Оптимальное
60.37,22.41,75.29,75.86,,6990.17,143.0,,Критическое
22.23,25.63,30.31,300.93,,2156.6,96.0,Все работают,Оптимальное
,,,,,,46.0,,Критическое
11.33,,35.78,107.52,15.64,4947.69,,,Оптимальное
,,,2.21,,,,Все работают,Критическое с риском отказа
46.67,,63.85,847.82,77.41,8026.84,,Все работают,Хорошее
,92.79,78.63,58.6,85.99,4702.84,295.0,,Критическое
8.91,,43.37,,,,,Все работают,Оптимальное
,66.82,50.34,53.03,32.7,3237.85,135.0,Все работают,Хорошее
67.97,,,,,,956.0,,Критическое с риском отказа
32.79,40.36,,,,,177.0,,Хорошее
18.81,35.63,20.17,,,5905.14,78.0,Все работают,Оптимальное
,,45.06,83.23,,,,,Оптимальное
87.79,94.91,66.73,973.0,88.76,6723.06,140.0,,Критическое
2.88,39.24,41.14,779.0,,,79.0,,Оптимальное
9.9,6.37,28.45,,30.73,7297.45,100.0,Все работают,Оптимальное
9.16,64.92,,,76.12,,,Все работают,Хорошее
3.53,,34.84,940.92,12.72,1041.82,,Все работают,Оптимальное
26.97,39.18,33.07,60.58,30.77,,103.0,Все работают,Хорошее
,,,55.41,,6566.63,135.0,Все работают,Хорошее
,29.86,,,,,,,Оптимальное
11.68,,,635.66,,,,Все работают,Оптимальное
,20.74,44.95,993.86,43.57,,81.0,Все работают,Оптимальное
61.05,98.41,91.74,,6.93,,93.0,Критический сервис остановлен,Критическое с риском отказа
40.74,,53.79,783.34,77.98,1917.34,,,Хорошее
0.51,,21.71,,,,74.0,Все работают,Оптимальное
,29.8,45.92,994.79,18.53,,,Все работают,Оптимальное
22.83,,,,17.12,,,,Оптимальное
22.51,,36.06,899.83,60.88,713.4,61.0,Все работают,Оптимальное
27.5,,38.28,,,,,,Оптимальное
13.36,29.35,,279.33,40.86,1601.87,71.0,Все работают,Оптимальное
10.97,38.74,41.94,,6.3,1838.85,85.0,Все работают,Оптимальное
78.68,,,933.52,,,,,Критическое
,5.5,,,82.13,7636.35,,,Хорошее
,,,,98.41,9737.85,49.0,Все работают,Критическое с риском отказа
57.35,,,,,,,Все работают,Хорошее
,4.69,,,6.6,,,,Оптимальное
,,,664.41,,,,,Хорошее
,,,,,,,Все работают,Хорошее
10.22,,63.31,315.24,44.2,8207.55,137.0,Все работают,Хорошее
,,,33.05,,,,,Критическое
26.22,31.77,,600.07,15.64,4721.59,96.0,Все работают,Оптимальное
4.5,11.07,,,38.1,,169.0,,Хорошее
,5.03,,,37.03,,,,Оптимальное
40.76,,,53.75,,,43.0,,Хорошее
,,,,80.74,9080.69,,,Критическое
,,45.38,51.44,49.5,,,Все работают,Хорошее
,,,12.82,,,301.0,,Критическое
21.41,,39.41,,50.6,4524.35,44.0,Все работают,Оптимальное
,38.74,44.0,739.44,,,,,Оптимальное
,62.33,,,99.22,,,,Критическое с риском отказа
,68.07,25.4,53.78,,8042.42,150.0,,Хорошее
34.1,97.45,108.0,75.31,94.51,9602.21,,Все работают,Критическое с риском отказа
,,,,85.33,,,,Критическое с риском отказа
60.91,85.69,,,96.43,,,Все работают,Критическое
19.24,,26.09,312.56,17.93,,,,Оптимальное
,40.09,,,,,94.0,Все работают,Хорошее
,,,66.66,9.03,,,Некоторые остановлены,Критическое
,,48.31,,,,64.0,,Оптимальное
,,64.97,,88.11,685.23,8.0,Критический сервис остановлен,Критическое с риском отказа
,,,,85.39,,,,Критическое
,46.73,66.25,63.78,,8398.49,142.0,,Хорошее
31.02,,,59.15,17.86,,110.0,Все работают,Хорошее
92.13,,116.86,564.25,,,,,Критическое с риском отказа
,,,,,,,Все работают,Критическое с риском отказа
8.39,36.92,,70.65,84.94,,131.0,Все работают,Хорошее
,16.44,30.28,972.03,76.01,8274.55,112.0,Все работают,Хорошее
17.31,33.88,42.1,505.3,49.36,7911.08,87.0,,Оптимальное
82.95,76.72,75.47,43.04,25.63,8954.71,,Некоторые остановлены,Критическое
19.78,,,,17.55,,,Все работают,Оптимальное
18.4,17.97,,665.48,10.39,6163.37,31.0,,Оптимальное
96.78,,105.2,,30.89,6935.62,110.0,,Критическое с риском отказа
53.24,19.81,88.98,59.44,,3527.41,170.0,,Критическое
,,38.04,188.45,,346.3,,Все работают,Оптимальное
30.66,94.68,87.52,880.79,,9566.54,,Все работают,Критическое
,,,,,854.01,,,Оптимальное
36.48,71.67,47.27,79.63,71.39,9472.35,47.0,,Критическое
15.16,,,790.65,14.7,5550.13,73.0,Все работают,Оптимальное
,62.91,35.34,,81.1,8182.66,137.0,,Хорошее
,,,,,9613.03,,,Критическое с риском отказа
,31.93,23.52,695.1,33.65,3423.96,,Все работают,Оптимальное
,5.25,22.3,,,,,,Оптимальное
42.76,95.04,28.01,0.16,7.79,,252.0,Некоторые остановлены,Критическое с риском отказа
,63.02,54.89,59.44,71.92,,97.0,Все работают,Хорошее
,28.05,47.58,,,1227.0,37.0,,Оптимальное
,,83.92,79.1,,,,Все работают,Критическое с риском отказа
,80.19,91.59,569.19,,8157.31,63.0,Все работают,Критическое
14.31,,,,,,,Некоторые остановлены,Критическое
27.29,6.03,40.98,81.31,48.38,,59.0,Все работают,Оптимальное
43.66,,27.01,59.55,75.79,8495.33,94.0,Все работают,Хорошее
80.85,,,,73.99,,,,Критическое
,53.29,,688.83,,,,Все работают,Хорошее
,60.94,,,,9730.26,257.0,,Критическое
,,,442.87,,,,,Оптимальное
,,40.07,,,,,Все работают,Оптимальное
,16.87,45.17,780.31,,7679.68,94.0,Все работают,Оптимальное
,,97.83,891.67,,6303.69,34.0,,Критическое
,,,,,,96.0,,Хорошее
30.82,67.79,37.21,,,8065.87,74.0,Все работают,Хорошее
,67.23,,,,,318.0,,Критическое
18.56,32.32,,57.11,78.1,8240.31,74.0,Все работают,Хорошее
,,,,37.36,,,,Оптимальное
0.17,95.11,31.94,,77.91,9845.82,153.0,Все работают,Критическое с риском отказа
,30.68,46.17,206.4,75.84,6677.16,64.0,,Хорошее
,36.33,,,,,,,Оптимальное
,,,,85.4,,,,Критическое с риском отказа
,,27.94,694.96,18.58,,80.0,Все работают,Оптимальное
,94.52,,,,8287.66,,,Критическое
,,,,,,189.0,,Хорошее
,,,393.52,,,,,Оптимальное
,60.46,,,73.78,,,Все работают,Хорошее
15.83,,31.97,907.64,17.35,,30.0,Все работают,Оптимальное
11.22,36.38,22.34,,65.38,,94.0,,Оптимальное
69.85,,,,,8999.89,,Некоторые остановлены,Критическое
,1.0,,,,7297.29,83.0,Все работают,Оптимальное
,8.55,38.89,841.67,34.84,5373.27,66.0,Все работают,Оптимальное
11.25,,32.72,551.16,66.09,7659.92,50.0,Все работают,Оптимальное
4.6,,29.46,,10.2,506.56,63.0,Все работают,Оптимальное
,35.04,40.05,,12.2,2523.47,91.0,Все работают,Оптимальное
30.62,,52.27,104.87,,,,Все работают,Хорошее
,14.22,31.59,,23.26,332.77,,Все работают,Оптимальное
17.17,,,,43.52,,,,Оптимальное
16.54,67.66,,60.2,95.67,8837.48,276.0,Некоторые остановлены,Критическое
12.38,,29.62,,,5263.0,64.0,,Оптимальное
,76.21,,,72.2,8684.72,,Некоторые остановлены,Критическое
37.04,49.37,28.48,67.62,67.09,475.02,136.0,,Хорошее
,,,602.17,84.71,8083.76,129.0,,Критическое
6.49,46.28,74.65,0.84,99.65,,6.0,,Критическое с риском отказа
,,42.1,,32.15,7424.73,,,Оптимальное
,,,,,,95.0,,Оптимальное
27.77,,,,61.57,,,,Оптимальное
47.07,,59.49,58.89,,,188.0,Все работают,Хорошее
,,,42.2,85.98,,73.0,,Критическое
82.7,99.96,118.6,69.51,98.03,3837.26,0.0,,Критическое с риском отказа
,,,,,,8.0,,Критическое с риском отказа
27.52,,85.16,,,,119.0,Все работают,Критическое
,,,,45.34,,,,Оптимальное
,63.18,57.57,678.6,,,149.0,Все работают,Хорошее
,12.76,,,14.42,5346.98,,,Оптимальное
,69.97,,,,,,,Критическое
,,,,,2865.34,,,Оптимальное
40.76,,,,,,,,Хорошее
25.76,1.84,47.61,588.64,22.53,,45.0,Все работают,Оптимальное
,79.75,,,97.91,,,,Критическое с риском отказа
,,48.09,30.28,,6454.84,,Все работают,Критическое
,,,878.14,,8064.42,,Некоторые остановлены,Критическое
9.42,,,965.2,,199.18,,Все работают,Оптимальное
75.55,52.36,,43.26,,6550.76,,Все работают,Критическое
16.21,28.41,36.17,,55.72,2690.76,72.0,,Оптимальное
26.03,,,,,5570.01,,,Оптимальное
,,101.42,,91.34,8141.53,,,Критическое с риском отказа
,4.58,,,50.22,,,,Оптимальное
19.72,17.76,37.1,,37.15,2181.06,,Все работают,Оптимальное
34.34,,,,,,72.0,,Хорошее
13.61,,38.27,54.46,95.72,,54.0,Некоторые остановлены,Критическое
18.28,39.58,37.31,,,,91.0,Все работают,Оптимальное
18.91,,42.67,611.6,46.33,,,Все работают,Оптимальное
,,33.14,782.93,,,,,Оптимальное
10.94,29.6,,,23.19,,57.0,Все работают,Оптимальное
,,,480.74,,,,,Хорошее
,1.42,24.83,429.03,68.36,4838.22,74.0,,Оптимальное
33.92,,,,,9276.14,,,Критическое
,,,,47.01,8713.21,95.0,,Критическое
14.12,8.17,49.62,,59.07,,88.0,Все работают,Оптимальное
26.21,,33.87,,27.4,,36.0,Все работают,Оптимальное
,,78.35,366.33,60.96,,129.0,,Критическое
,,40.92,145.77,28.93,,36.0,Все работают,Оптимальное
,38.92,74.44,28.34,55.48,5888.23,49.0,Все работают,Критическое
,,,61.59,84.46,,,,Хорошее
1.28,15.52,21.2,,,3013.28,39.0,Все работают,Оптимальное
18.97,17.42,41.7,,23.3,1213.5,90.0,Все работают,Оптимальное
17.13,35.63,22.91,,,,,Все работают,Оптимальное
9.74,23.67,92.67,31.73,89.52,9156.57,,,Критическое
,2.61,37.84,,61.05,7988.99,,Все работают,Оптимальное
55.75,37.71,31.65,,84.77,2902.67,109.0,Все работают,Хорошее
,,,,,9930.15,79.0,Некоторые остановлены,Критическое
88.57,,,,43.22,,,Все работают,Критическое с риском отказа
68.33,89.41,,34.34,70.87,,157.0,Все работают,Критическое
21.0,47.42,,22.33,90.61,,,,Критическое
,,,,,2852.61,,,Критическое с риском отказа
,61.54,65.16,54.48,,,45.0,Некоторые остановлены,Критическое
,17.68,24.01,145.77,,2422.85,,,Оптимальное
,69.09,,,,,85.0,,Хорошее
,,63.07,,74.34,,,Все работают,Критическое
,,,,,8546.91,,,Хорошее
,18.63,,22.65,,,,Все работают,Критическое
,,117.61,9.46,,9803.9,1.0,,Критическое с риском отказа
33.83,37.67,,54.49,71.57,8899.31,139.0,Все работают,Хорошее
58.49,49.07,26.01,,84.68,,117.0,Все работают,Хорошее
91.83,94.8,79.64,845.79,98.34,,54.0,Некоторые остановлены,Критическое с риском отказа
15.49,16.95,22.17,55.3,79.24,,196.0,,Хорошее
38.09,5.53,,75.29,8.0,8056.94,134.0,Все работают,Хорошее
17.25,13.41,25.28,459.32,8.96,,,,Оптимальное
,,,,83.57,,,Некоторые остановлены,Критическое
,,37.81,,20.53,8723.66,184.0,Все работают,Хорошее
73.12,9.49,,,,,,Все работают,Критическое с риском отказа
38.15,,77.18,45.15,,8410.1,,Все работают,Критическое
43.01,,94.52,33.43,,,,,Критическое
34.34,45.47,72.9,101.94,39.6,8966.12,,Все работают,Хорошее
26.87,9.69,42.63,,,2149.5,52.0,Все работают,Оптимальное
25.87,20.92,,235.18,23.64,,96.0,,Оптимальное
35.91,,27.45,74.98,81.09,5207.86,,Все работают,Хорошее
,,,,,,41.0,,Хорошее
,11.13,,687.98,19.76,1590.98,76.0,Все работают,Оптимальное
,,,,91.8,,,,Критическое
46.3,,59.04,,,8262.35,107.0,Все работают,Хорошее
,,108.03,,,,,,Критическое с риском отказа
40.53,3.21,71.04,51.18,70.07,2158.16,,Все работают,Хорошее
,,,,2.81,,74.0,,Оптимальное
,41.35,59.58,62.21,85.06,1543.84,388.0,Некоторые остановлены,Критическое
,,,994.79,18.53,,,Все работают,Оптимальное
0.29,,,,3.1,6991.62,86.0,Все работают,Оптимальное
17.47,,38.26,,,63.02,96.0,,Оптимальное
,,39.82,,25.86,7179.57,32.0,Все работают,Оптимальное
19.56,18.63,,22.65,34.44,9387.9,54.0,,Критическое
,,,,,1686.84,,,Критическое с риском отказа
,,,,,8544.77,,,Хорошее
62.68,,83.47,757.04,96.26,9571.99,487.0,,Критическое
,73.9,39.12,441.97,86.23,9319.34,170.0,Некоторые остановлены,Критическое
81.66,7.19,84.75,,86.64,,119.0,Некоторые остановлены,Критическое
,,51.74,74.16,88.66,4680.91,,,Критическое
,,,12.89,,9891.1,179.0,,Критическое
,,,23.17,,,465.0,,Критическое
15.74,,44.97,,,,76.0,,Оптимальное
,,81.5,70.84,97.71,6513.7,476.0,,Критическое
,28.72,38.23,,17.49,4374.71,79.0,Все работают,Оптимальное
,,,,,,43.0,,Оптимальное
,,,,58.17,8189.34,80.0,,Хорошее
82.03,42.07,89.41,438.31,88.74,3684.01,,Все работают,Критическое
27.36,37.76,44.5,873.1,56.7,,92.0,Все работают,Оптимальное
97.82,97.95,51.65,32.97,,609.61,38.0,Некоторые остановлены,Критическое с риском отказа
17.45,38.16,41.84,,,,66.0,,Оптимальное
,,,,,8834.52,,,Хорошее
24.98,34.27,25.49,,,,,Все работают,Оптимальное
19.32,84.21,,555.32,97.32,9247.97,,Все работают,Критическое
,22.29,46.75,,40.54,1762.23,38.0,Все работают,Оптимальное
15.6,,,,54.28,,46.0,Все работают,Оптимальное
9.0,,,,,5356.17,40.0,,Оптимальное
30.3,,,24.91,,9248.13,,Все работают,Критическое
,,,,,,410.0,Все работают,Критическое
11.42,15.74,57.22,79.55,17.48,6274.35,114.0,,Хорошее
,,119.34,,3.38,,,,Критическое с риском отказа
12.53,39.65,35.93,74.29,34.67,,,Все работают,Хорошее
,,31.59,273.42,,965.74,61.0,Все работают,Оптимальное
37.31,,58.72,964.12,48.61,9815.35,216.0,,Критическое
88.06,,69.66,922.74,76.29,1615.48,233.0,Некоторые остановлены,Критическое
36.4,57.79,29.43,,31.05,8469.05,77.0,Все работают,Хорошее
78.55,75.8,,56.74,,9726.98,96.0,Некоторые остановлены,Критическое
18.98,51.96,,36.08,24.83,,59.0,,Критическое
,,,25.45,79.95,,252.0,,Критическое
7.96,,23.95,82.94,,310.5,,,Оптимальное
99.48,,,,,,,Все работают,Критическое с риском отказа
85.65,26.75,85.25,106.67,75.01,,281.0,Некоторые остановлены,Критическое
21.19,36.83,,217.35,,3975.05,89.0,Все работают,Оптимальное
51.16,,95.43,25.95,,,,Некоторые остановлены,Критическое
,35.35,,405.44,,6857.59,,,Оптимальное
,,44.43,,43.72,4864.39,,,Оптимальное
,88.76,,,,9084.65,405.0,,Критическое
,,,,,,53.0,,Оптимальное
26.64,6.75,,559.02,38.06,701.99,83.0,Все работают,Оптимальное
56.78,,,,,,,Критический сервис остановлен,Критическое с риском отказа
,,39.47,,,,163.0,Все работают,Хорошее
14.32,7.92,,482.17,,6740.37,95.0,Все работают,Оптимальное
,97.78,103.04,,,2421.05,2.0,Все работают,Критическое с риском отказа
,,,61.9,,,204.0,Все работают,Критическое
,,,130.06,,,,,Оптимальное
36.15,,,313.15,79.4,8696.0,184.0,Все работают,Хорошее
,,,,47.82,,,Все работают,Оптимальное
,62.59,,,,,,,Хорошее
4.09,16.05,55.39,100.21,,8734.06,88.0,Все работают,Хорошее
23.49,37.78,,292.93,,6015.57,49.0,Все работают,Оптимальное
44.99,33.64,,70.45,72.58,1140.21,179.0,Все работают,Хорошее
,,34.13,,,,,Все работают,Оптимальное
12.07,,,58.15,,9703.41,156.0,,Критическое
,65.29,,,,,,,Критическое
39.16,,20.86,,,4653.34,415.0,Все работают,Критическое
,7.39,,,41.64,,65.0,,Оптимальное
,16.8,,,,,132.0,,Хорошее
,,,,,5448.12,,,Критическое с риском отказа
27.15,,,,,,,,Хорошее
24.68,27.3,29.8,,4.52,7770.31,,,Оптимальное
,,20.75,,69.95,,86.0,,Оптимальное
18.46,22.58,28.7,561.81,,6601.04,68.0,Все работают,Оптимальное
46.24,37.39,,,,,,Все работают,Хорошее
,,,380.38,,,48.0,,Оптимальное
23.43,19.5,48.18,676.94,58.17,,40.0,Все работают,Оптимальное
26.08,,,,,2967.83,174.0,Все работают,Критическое
,,,,,,,Все работают,Оптимальное
,14.39,88.42,73.66,,1244.41,499.0,,Критическое
28.52,3.02,36.83,423.44,63.85,,67.0,Все работают,Оптимальное
,,,37.69,,,,,Критическое
,,,,82.01,,,,Хорошее
,,,45.04,92.69,,196.0,,Критическое
,97.9,,,25.1,,,Все работают,Критическое с риском отказа
,20.32,,768.51,54.33,2430.66,47.0,,Оптимальное
16.61,50.49,54.51,,78.3,577.97,126.0,,Хорошее
,20.0,25.3,390.82,10.12,,,Все работают,Оптимальное
,,,540.31,20.41,3448.36,,Все работают,Оптимальное
7.6,59.16,,54.86,,8332.65,,Все работают,Хорошее
,,37.21,,,,,,Хорошее
49.17,,,,,,103.0,,Хорошее
71.52,69.1,58.11,21.11,93.99,8221.25,,Некоторые остановлены,Критическое
,11.4,65.29,937.22,,,64.0,Все работают,Хорошее
,,,79.1,,,8.0,Все работают,Критическое с риском отказа
15.43,1.75,35.42,973.9,43.89,6919.61,56.0,,Оптимальное
50.99,62.84,,71.41,,,195.0,,Хорошее
,,,77.67,,,,,Критическое
,,,,,,245.0,,Критическое с риском отказа
13.65,,,,,,,,Хорошее
16.15,,32.55,,,5061.12,,,Оптимальное
1.13,19.02,45.62,282.85,22.0,1341.49,92.0,,Оптимальное
,32.36,,,,945.18,,,Оптимальное
,,94.74,,,,,,Критическое с риском отказа
99.08,,,,,,,,Критическое с риском отказа
25.01,99.37,84.06,49.1,86.56,7271.29,,Критический сервис остановлен,Критическое с риском отказа
,,,,12.93,,37.0,,Оптимальное
6.87,5.1,32.48,,,,,,Оптимальное
11.85,33.58,32.52,53.97,,8684.38,142.0,Некоторые остановлены,Критическое
,,50.76,934.83,4.03,,85.0,,Хорошее
98.86,,,4.64,,3353.98,,,Критическое с риском отказа
,,,,,8064.42,362.0,Некоторые остановлены,Критическое
19.17,,,,,,,,Оптимальное
,,,,,,,Все работают,Хорошее
12.28,,,,86.6,6537.58,,Некоторые остановлены,Критическое
15.93,,23.2,,,,,,Оптимальное
,67.65,61.84,510.12,17.73,,,,Хорошее
,,,,23.39,,,,Оптимальное
,4.43,,804.63,39.28,8739.5,85.0,,Хорошее
58.55,60.36,68.73,75.09,,,30.0,Все работают,Хорошее
53.61,9.8,34.71,,71.23,8214.03,51.0,,Хорошее
34.42,,64.37,,70.17,6324.98,,Все работают,Хорошее
6.07,,,,,8277.06,,,Хорошее
55.0,94.67,57.78,10.03,82.72,9823.26,190.0,,Критическое
56.53,,,,25.17,8381.84,,Все работают,Хорошее
27.66,,31.59,273.42,42.89,965.74,61.0,Все работают,Оптимальное
91.64,98.05,62.36,6.2,73.9,,31.0,Некоторые остановлены,Критическое с риском отказа
13.46,,,,,,,,Оптимальное
,21.04,,,,,,,Оптимальное
49.45,,,978.44,49.61,8786.64,115.0,Все работают,Хорошее
10.04,,64.54,59.47,34.32,4370.28,,Все работают,Хорошее
29.38,,,465.79,12.71,1785.35,40.0,Все работают,Оптимальное
,,32.2,356.04,47.63,,68.0,Все работают,Оптимальное
25.72,26.82,,234.35,33.12,6309.57,,Все работают,Оптимальное
91.88,81.5,38.54,7.71,96.12,8843.64,,Все работают,Критическое с риском отказа
68.19,,100.32,68.26,,,,,Критическое с риском отказа
,16.43,,,15.45,2967.02,31.0,Все работают,Оптимальное
70.52,5.99,,28.82,89.1,8062.27,96.0,Все работают,Критическое
52.1,60.46,,77.89,73.78,3963.26,132.0,Все работают,Хорошее
,,,932.09,50.92,,76.0,Все работают,Оптимальное
,58.64,54.68,,,,56.0,Некоторые остановлены,Критическое
34.49,25.94,39.88,,77.09,8788.69,,Все работают,Хорошее
19.67,,21.86,231.63,7.15,,,Все работают,Оптимальное
16.28,21.96,,,16.89,3060.95,89.0,,Оптимальное
,17.56,43.62,989.33,,2086.43,,,Оптимальное
,38.25,47.23,61.8,78.27,8880.56,96.0,,Хорошее
,48.22,56.87,37.4,75.19,5349.22,,,Критическое
,29.34,49.67,,,,96.0,Все работают,Оптимальное
,,,611.6,46.33,,,,Оптимальное
,,,,,,,Все работают,Оптимальное
5.42,12.41,,938.73,13.36,,35.0,Все работают,Оптимальное
,,29.72,,4.47,8139.91,60.0,,Хорошее
2.64,82.03,,1.25,97.88,2097.71,,Некоторые остановлены,Критическое с риском отказа
13.86,,35.26,,20.17,4248.02,54.0,Все работают,Оптимальное
72.02,,48.95,,75.61,8760.72,,Все работают,Критическое с риском отказа
64.42,85.93,74.34,3.31,84.85,3594.03,,,Критическое с риском отказа
2.9,32.59,43.87,604.66,49.45,,56.0,Все работают,Оптимальное
28.08,36.85,,,29.87,,,Все работают,Оптимальное
,55.46,,,0.39,,,,Хорошее
,,,71.88,99.76,,83.0,,Критическое с риском отказа
28.15,,,791.03,,,50.0,,Оптимальное
20.28,,,,,,89.0,,Оптимальное
,30.79,,206.6,,,,Все работают,Оптимальное
,,,,74.89,,,Все работают,Критическое с риском отказа
,,25.87,419.98,24.36,8459.78,181.0,Все работают,Хорошее
,11.09,31.53,,27.05,3242.04,63.0,,Оптимальное
,58.41,,,,,,,Хорошее
,74.54,,,,9631.68,203.0,Некоторые остановлены,Критическое
79.92,,94.96,,,9850.04,93.0,Все работают,Критическое
,74.23,60.39,,81.48,8997.89,239.0,,Критическое
,46.7,,,,,,Некоторые остановлены,Критическое
22.02,0.51,,,,7753.57,73.0,,Оптимальное
,82.83,31.45,254.02,,,319.0,,Критическое
,91.68,29.04,15.16,,9807.2,133.0,,Критическое
14.3,14.74,27.02,340.97,,5812.19,46.0,Все работают,Оптимальное
16.11,,28.5,,,3779.41,,,Оптимальное
,,,,,6814.48,,,Хорошее
2.29,,34.63,195.13,5.39,3017.04,39.0,Все работают,Оптимальное
,,,,,,357.0,,Критическое с риском отказа
,,,7.21,96.91,,223.0,Некоторые остановлены,Критическое с риском отказа
65.67,24.34,99.96,184.39,,,,Все работают,Критическое
,,,849.8,,,,,Оптимальное
,,,,13.57,,,,Хорошее
,15.25,,,,,,,Оптимальное
,34.09,,412.32,,,41.0,,Оптимальное
,,,19.73,,2154.44,196.0,,Критическое
17.47,,,,,,96.0,Все работают,Оптимальное
99.13,,,,,,,Критический сервис остановлен,Критическое с риском отказа
,,,636.29,39.73,,,,Хорошее
,,,899.83,,713.4,,,Оптимальное
,64.46,,,,,,Все работают,Хорошее
,,,18.48,,,,,Критическое
19.98,,44.79,,,5065.64,36.0,Все работают,Оптимальное
,51.5,,13.96,81.08,,834.0,,Критическое с риском отказа
,62.08,46.24,321.79,60.57,1679.03,,Все работают,Хорошее
,,,,54.97,,,,Хорошее
45.03,69.05,21.11,72.33,,8845.31,149.0,Все работают,Хорошее
13.98,3.43,,382.42,,,65.0,,Оптимальное
,,95.07,,99.13,,959.0,Все работают,Критическое с риском отказа
,,,45.2,,,,,Критическое
,,,,22.45,,,,Оптимальное
67.97,50.24,,30.08,86.38,,,,Критическое с риском отказа
39.5,,,,,,105.0,,Критическое
54.75,76.81,77.04,26.52,28.91,,294.0,,Критическое
,,21.75,,9.85,,,,Оптимальное
,28.26,,50.66,,8363.18,100.0,,Хорошее
,,108.26,,,,,,Критическое с риском отказа
,49.5,47.71,,,,,,Критическое
,83.3,,,,,,,Критическое
18.67,43.78,,,,,118.0,Все работают,Хорошее
68.19,87.39,36.33,14.85,88.48,8804.5,,Все работают,Критическое
4.02,87.8,71.3,54.13,2.26,9925.44,195.0,,Критическое
25.56,,,,1.72,4156.61,68.0,,Оптимальное
,,34.48,844.36,24.86,778.62,45.0,Все работают,Оптимальное
,,69.85,,83.44,,,,Хорошее
,,,,69.74,,,,Критическое
,,64.06,,,,,,Хорошее
19.29,27.46,,,58.75,7870.53,,Все работают,Оптимальное
,,20.57,,22.4,,,,Оптимальное
,46.88,,59.41,,8568.68,,Все работают,Критическое
,53.9,,52.12,84.02,,,Все работают,Хорошее
21.42,20.88,,507.29,13.45,2046.73,73.0,Все работают,Оптимальное
,56.93,70.47,,,,,Все работают,Хорошее
87.38,79.62,70.46,,,9310.63,126.0,Все работают,Критическое
35.54,54.65,23.24,74.18,79.89,8183.77,,Все работают,Хорошее
28.13,,,,,,,,Оптимальное
,20.75,44.26,485.08,21.34,,87.0,,Оптимальное
,,44.84,178.89,3.32,,,,Оптимальное
55.41,,,679.66,73.28,,,,Хорошее
,,,,,9275.15,174.0,,Критическое
61.69,20.1,83.01,,86.95,8262.67,470.0,,Критическое
79.99,,96.8,31.71,43.41,9585.27,135.0,Все работают,Критическое
,,64.79,,84.69,8653.0,146.0,,Критическое
81.16,58.9,118.39,,97.94,,318.0,,Критическое с риском отказа
24.59,,48.24,311.27,82.11,,118.0,Все работают,Хорошее
16.87,,52.75,714.0,69.47,8657.93,56.0,Все работают,Хорошее
,,,,79.3,7985.5,,Все работают,Хорошее
,67.23,,,,,,,Критическое
,45.7,,,,,,,Хорошее
23.85,,47.42,,38.07,,,,Оптимальное
,,,35.77,,,,,Критическое с риском отказа
6.41,,63.37,605.83,99.1,5632.44,102.0,Некоторые остановлены,Критическое с риском отказа
4.3,26.12,,340.76,,,61.0,,Оптимальное
,5.25,22.3,98.54,51.51,6651.77,84.0,Все работают,Оптимальное
,,,,,,45.0,,Хорошее
18.31,28.29,,,56.89,2235.59,47.0,Все работают,Оптимальное
,,,,1.57,,40.0,Все работают,Оптимальное
,36.26,,773.49,,,89.0,Все работают,Оптимальное
,,,194.66,,,,,Оптимальное
22.13,10.57,32.51,460.82,,,,,Оптимальное
,,,,,,,Все работают,Оптимальное
,,85.92,,97.78,,215.0,Некоторые остановлены,Критическое
68.01,,,65.49,,,,Все работают,Критическое
,33.89,60.6,,8.31,2142.11,,Все работают,Хорошее
19.08,,,,,,,,Оптимальное
36.58,63.84,,,,132.5,177.0,Все работают,Хорошее
25.09,,30.65,,,,,,Оптимальное
2.46,22.18,36.02,,,1039.14,42.0,Все работают,Оптимальное
34.39,94.68,32.14,15.23,78.0,,279.0,Некоторые остановлены,Критическое
22.39,3.69,25.34,641.91,,,,,Оптимальное
,,26.27,292.93,,6015.57,49.0,,Оптимальное
85.65,,,106.67,75.01,8480.89,281.0,Некоторые остановлены,Критическое
,,,,,8529.92,54.0,,Хорошее
18.63,,,,,,,,Критическое с риском отказа
47.56,23.26,53.37,251.12,72.49,,,,Хорошее
,,41.72,,,,59.0,,Оптимальное
30.1,,,19.73,91.27,2154.44,196.0,,Критическое
,35.01,69.68,223.29,74.45,3945.83,46.0,Все работают,Хорошее
,,,,,,61.0,Все работают,Хорошее
,,57.89,,,2855.79,64.0,,Хорошее
35.41,,64.18,984.94,,3290.32,194.0,Все работают,Хорошее
,,68.29,,78.3,,,,Хорошее
,,,,56.23,4007.72,,,Оптимальное
18.62,95.3,101.49,,,9168.85,75.0,,Критическое с риском отказа
,,33.98,52.45,57.82,,,,Критическое
,43.78,61.35,,83.41,,,,Хорошее
39.78,9.53,,5.42,87.88,1365.37,87.0,,Критическое с риском отказа
29.41,97.97,56.13,,93.49,,,,Критическое с риском отказа
97.75,,,,,,,,Критическое с риском отказа
,75.32,98.33,788.21,,,55.0,Все работают,Критическое
28.96,26.64,35.02,,24.24,4632.88,57.0,Все работают,Оптимальное
13.9,13.92,46.09,325.49,10.81,7885.59,,Все работают,Оптимальное
30.12,,51.31,18.49,15.22,9006.98,151.0,Все работают,Критическое
,75.9,,,,,,,Критическое
32.33,,35.71,5.15,98.05,3255.5,59.0,Критический сервис остановлен,Критическое с риском отказа
,,34.17,,83.42,,323.0,,Критическое
92.89,,,,,,,Критический сервис остановлен,Критическое с риском отказа
,,67.36,939.51,2.23,,108.0,,Хорошее
,,,753.44,,,,,Оптимальное
,99.69,,57.54,99.73,1638.51,170.0,Все работают,Критическое с риском отказа
,0.19,,,18.81,2176.47,,Все работают,Оптимальное
68.65,,,20.0,,,,,Критическое
20.32,,,,,,,,Оптимальное
,10.77,89.09,,,6013.44,,Все работают,Критическое
13.28,53.28,28.2,,,,,,Хорошее
20.8,16.73,32.69,590.52,,,92.0,Все работают,Оптимальное
16.27,,69.61,,75.35,,,,Хорошее
,37.89,21.55,713.45,44.25,6189.65,,,Оптимальное
,49.43,,850.29,,,,,Хорошее
,,75.28,,,,,,Критическое
,,,,82.89,,,,Хорошее
,,,,,9201.34,,,Критическое
,34.58,,12.31,91.1,8825.74,,Некоторые остановлены,Критическое
,,,,63.4,,,,Хорошее
25.91,,,,,,,,Хорошее
,15.53,35.71,873.18,,6002.16,45.0,Все работают,Оптимальное
51.85,91.11,,18.43,91.47,9143.45,0.0,Некоторые остановлены,Критическое с риском отказа
25.84,,49.32,,35.18,4304.95,89.0,Все работают,Оптимальное
26.39,,,,,8059.51,,Все работают,Хорошее
,,,702.18,,,,,Хорошее
22.87,22.29,,,,7879.7,,,Оптимальное
93.11,1.35,91.14,,33.55,8587.19,194.0,,Критическое с риском отказа
46.55,50.36,,48.67,24.4,9249.47,60.0,Некоторые остановлены,Критическое
39.38,63.22,39.12,65.1,74.42,8933.75,,Все работают,Хорошее
,,,323.74,49.14,,,,Оптимальное
73.54,,,,,,,,Критическое с риском отказа
,,57.99,,,,,,Критическое
,79.68,,,96.26,,,,Критическое
,,,,97.84,,,,Критическое
99.7,97.45,79.69,,64.26,,45.0,Некоторые остановлены,Критическое с риском отказа
22.86,24.89,,106.79,56.31,3487.54,52.0,Все работают,Оптимальное
2.96,29.16,30.76,975.69,31.22,3665.64,56.0,,Оптимальное
,35.83,49.91,,19.46,7541.98,90.0,Все работают,Оптимальное
,0.32,47.3,851.42,83.06,8374.73,195.0,Все работают,Хорошее
93.92,69.5,25.03,830.92,,504.25,736.0,Критический сервис остановлен,Критическое с риском отказа
,,,,24.93,,,Все работают,Оптимальное
34.39,,,,,8858.83,,,Критическое
85.89,,24.96,60.89,92.57,8937.09,277.0,Все работают,Критическое
,,39.77,332.77,16.02,7156.45,39.0,Все работают,Оптимальное
,90.49,,,,,,,Критическое
,,64.99,,,,,Все работают,Хорошее
47.33,,,277.3,,,,,Хорошее
17.69,57.38,51.03,,70.66,,125.0,,Хорошее
,,31.78,898.97,,2284.48,,,Оптимальное
,68.09,,,20.53,8723.66,,Все работают,Хорошее
,,44.76,,,3984.3,,Все работают,Оптимальное
,63.63,,67.38,78.42,8059.2,91.0,Все работают,Хорошее
68.57,90.27,95.9,34.71,94.05,,,,Критическое
,,,,27.09,63.02,,,Оптимальное
35.66,45.17,,50.29,69.91,,41.0,Все работают,Хорошее
28.19,,98.27,77.29,65.19,8870.71,475.0,Все работают,Критическое
45.45,,,41.89,26.82,5427.37,58.0,Некоторые остановлены,Критическое
37.06,58.43,44.43,821.82,60.99,8072.86,200.0,,Хорошее
30.25,99.65,,,,,831.0,,Критическое с риском отказа
80.13,,,,,9186.72,,,Критическое
19.54,,42.57,501.03,44.91,,84.0,,Оптимальное
,,,50.27,,4446.06,,,Критическое с риском отказа
,87.09,,,,,151.0,,Критическое
46.76,9.41,69.51,61.18,78.45,,143.0,,Хорошее
66.02,,36.26,672.8,,9975.55,86.0,,Критическое
,,80.57,948.61,,,,Все работают,Критическое с риском отказа
,,,,,,,Все работают,Оптимальное
,,,289.3,,,,,Оптимальное
34.09,96.53,80.46,5.15,81.61,,655.0,,Критическое с риском отказа
,,31.01,,,,,,Хорошее
,34.63,48.95,845.92,43.02,,51.0,Все работают,Оптимальное
15.89,,,,62.48,,,Все работают,Хорошее
8.4,,,853.37,49.26,4249.79,,,Оптимальное
22.64,,,752.56,,6759.29,64.0,,Оптимальное
17.77,38.55,95.68,,92.77,,280.0,,Критическое
,,,50.83,,,,,Хорошее
,,,73.16,,,,,Хорошее
,3.18,27.62,323.74,49.14,,89.0,Все работают,Оптимальное
26.75,,,,,,64.0,,Оптимальное
,,68.96,960.11,,3031.65,,,Хорошее
,,90.57,12.06,,,,Все работают,Критическое
63.86,24.33,68.0,77.32,73.31,1067.17,,Некоторые остановлены,Критическое
11.21,28.38,,,,,195.0,Все работают,Хорошее
28.86,,97.17,70.63,99.11,9314.75,500.0,Все работают,Критическое с риском отказа
9.38,,89.35,972.55,40.73,2558.65,274.0,Все работают,Критическое
90.2,93.04,116.01,39.16,98.41,9127.44,,Критический сервис остановлен,Критическое с риском отказа
,12.43,37.59,,,,446.0,,Критическое
66.95,96.19,59.13,57.52,99.58,4046.63,,,Критическое с риском отказа
,,,65.49,,8714.03,196.0,,Хорошее
,,,,,8054.46,130.0,,Критическое
41.83,,,,92.88,,499.0,,Критическое с риском отказа
,,59.18,,74.41,,,Все работают,Хорошее
95.83,,22.47,,,,,,Критическое с риском отказа
,26.85,45.47,914.34,30.67,7793.14,63.0,,Оптимальное
,99.15,,,,,68.0,,Критическое с риском отказа
62.02,48.53,,55.64,,4348.85,,Все работают,Критическое
99.48,,78.97,1.28,98.1,,,Все работают,Критическое с риском отказа
,,114.78,16.12,88.66,9939.26,71.0,,Критическое с риском отказа
76.38,85.81,59.62,,,,,,Критическое
,,,955.57,,,39.0,,Оптимальное
,,75.19,,12.67,,,Все работают,Критическое
45.85,52.18,,468.69,70.09,1978.9,89.0,Все работают,Хорошее
,49.99,61.49,,,8866.5,,Некоторые остановлены,Критическое
6.57,16.07,35.77,,,,,,Оптимальное
,99.98,,999.07,,862.89,60.0,Некоторые остановлены,Критическое с риском отказа
,97.56,,297.48,99.24,2996.19,,,Критическое с риском отказа
43.63,,28.19,229.49,,6326.14,81.0,Все работают,Хорошее
47.83,,,603.61,83.93,1500.42,153.0,Все работают,Хорошее
19.65,69.23,,,,7452.19,,,Хорошее
42.84,,74.23,676.07,30.83,8042.09,,Все работают,Хорошее
32.35,,31.17,979.68,,,,Все работают,Хорошее
15.23,,,591.64,,8767.71,,Все работают,Хорошее
7.05,,,63.02,,,,Все работают,Хорошее
,93.41,38.19,37.82,65.82,8683.39,,Некоторые остановлены,Критическое
20.06,,46.87,,35.82,6147.63,78.0,Все работают,Оптимальное
79.77,96.45,52.35,,93.92,9613.03,,,Критическое с риском отказа
,55.73,60.14,,73.76,,,,Хорошее
28.66,,,,,,,,Критическое с риском отказа
70.38,4.89,65.83,15.81,38.81,9440.49,31.0,,Критическое
,,,,,,65.0,Все работают,Оптимальное
78.87,62.25,,69.77,86.18,8649.17,,,Критическое
,,,,,3317.83,,,Оптимальное
,23.4,48.89,,14.91,2201.88,42.0,Все работают,Оптимальное
57.15,13.6,,836.37,,,,,Хорошее
,,42.73,,65.05,,46.0,Все работают,Хорошее
,,,,,9355.57,,,Критическое с риском отказа
,48.22,,,,,,Некоторые остановлены,Критическое
,41.99,,,,,295.0,,Критическое с риском отказа
15.83,,,,,875.49,,,Оптимальное
,,34.95,473.39,53.26,7690.55,99.0,Все работают,Оптимальное
31.39,51.29,54.41,240.25,,,165.0,,Хорошее
,31.59,,,81.2,,131.0,Все работают,Хорошее
,,51.21,8.25,,8925.64,116.0,Некоторые остановлены,Критическое с риском отказа
,92.92,51.79,66.21,95.48,,280.0,Некоторые остановлены,Критическое
,,,155.33,,,,,Оптимальное
,,87.61,,,,350.0,,Критическое
,,29.73,290.79,30.96,,,,Оптимальное
,,,71.96,34.31,,,Все работают,Критическое
,,,,,8530.75,,,Критическое
30.82,,,,,,,,Хорошее
,,116.89,,64.29,1243.47,,Все работают,Критическое с риском отказа
,,38.53,322.62,,,484.0,,Критическое с риском отказа
9.94,,61.01,,,8383.27,,,Критическое с риском отказа
5.55,10.45,44.87,537.77,68.4,4216.21,60.0,,Оптимальное
90.63,64.88,39.58,5.37,99.28,,131.0,Все работают,Критическое с риском отказа
18.66,26.44,,65.14,,8990.71,87.0,,Хорошее
26.62,28.86,,124.86,39.52,5093.93,76.0,Все работают,Оптимальное
86.5,,,2.42,98.67,9120.5,156.0,Все работают,Критическое с риском отказа
,,45.06,,,8056.94,134.0,,Хорошее
17.33,65.47,92.09,,97.59,9852.9,175.0,Все работают,Критическое
40.22,,,73.86,,798.26,122.0,Все работают,Хорошее
,59.55,,,,,100.0,Все работают,Хорошее
34.93,31.57,85.37,,87.53,9020.16,,,Критическое
,,43.83,,34.67,4557.34,95.0,Все работают,Оптимальное
,81.02,91.33,,83.08,,,,Критическое
,24.94,,,25.84,,,Все работают,Оптимальное
73.64,,,,,4944.9,,Все работают,Критическое
,76.18,,,,,,,Критическое
,,74.25,,18.62,8480.34,,,Хорошее
31.72,58.23,,588.74,17.24,,,Все работают,Хорошее
,20.71,96.82,49.53,5.86,,357.0,,Критическое
,7.48,109.56,628.68,72.24,,,Некоторые остановлены,Критическое с риском отказа
16.64,17.26,31.52,,,,75.0,Все работают,Оптимальное
16.25,23.6,35.26,329.85,51.47,2814.41,37.0,,Оптимальное
,12.7,,3.03,95.13,,318.0,,Критическое с риском отказа
55.01,43.93,63.3,647.77,95.88,,242.0,Некоторые остановлены,Критическое
16.63,,47.05,815.21,,5289.83,,Все работают,Оптимальное
,62.78,20.32,,,1683.61,,,Критическое
6.98,72.34,70.5,,,4044.51,262.0,Все работают,Критическое
4.18,,21.53,,,5360.62,,Все работают,Оптимальное
,65.51,,,78.52,,198.0,,Хорошее
3.98,24.77,68.74,,81.27,1343.32,162.0,Все работают,Хорошее
,,40.08,,,4383.88,,,Критическое
27.7,5.37,35.63,770.51,23.99,7253.06,78.0,,Оптимальное
,97.43,80.83,63.11,78.74,6456.11,51.0,Критический сервис остановлен,Критическое с риском отказа
41.52,1.68,35.57,,,,136.0,Все работают,Хорошее
29.69,22.43,,5.81,98.97,5020.19,6.0,Все работают,Критическое с риском отказа
24.41,15.83,27.91,,72.3,8901.91,185.0,Все работают,Хорошее
,,,,,2147.69,,Все работают,Критическое
,,89.7,,73.7,4628.02,4.0,Все работают,Критическое с риском отказа
,,,42.71,98.52,9078.16,,Все работают,Критическое с риском отказа
,,58.39,59.35,78.72,8341.28,48.0,,Хорошее
19.68,13.45,,741.55,30.37,,41.0,Все работают,Оптимальное
,26.59,48.66,59.64,20.71,5326.46,81.0,Все работают,Хорошее
28.53,31.85,49.24,,,5685.55,40.0,Все работают,Оптимальное
12.83,47.09,,75.39,28.06,6119.3,169.0,Все работают,Хорошее
,,25.88,51.06,3.76,,,,Критическое
85.51,,34.17,,,,,Все работают,Критическое
59.61,81.95,74.45,35.93,,,89.0,Все работают,Критическое
13.75,,82.67,,26.64,,,Все работают,Критическое
71.4,,29.46,60.08,56.92,9506.43,,Все работают,Критическое
,36.86,42.22,138.55,0.92,615.38,100.0,,Оптимальное
47.95,41.31,59.43,155.4,71.92,3838.51,,Все работают,Хорошее
,,,,77.85,,,,Хорошее
,15.07,,,12.13,335.09,33.0,Все работают,Оптимальное
,42.7,,69.31,71.45,,,Все работают,Хорошее
4.74,45.46,50.37,,6.58,,99.0,,Хорошее
,50.69,92.1,,99.17,,,Критический сервис остановлен,Критическое с риском отказа
4.1,,,745.86,,3075.88,82.0,,Оптимальное
19.12,63.69,27.64,,,,,Все работают,Хорошее
24.33,,,12.35,,5101.98,564.0,Все работают,Критическое с риском отказа
,,,,10.58,,,,Оптимальное
28.53,31.85,49.24,106.91,58.85,5685.55,40.0,,Оптимальное
,65.27,40.13,927.12,11.29,8535.59,,Все работают,Хорошее
,43.01,27.06,,,,142.0,,Хорошее
30.62,5.39,,104.87,55.64,8272.68,151.0,Все работают,Хорошее
0.66,82.32,99.44,12.71,,,82.0,Некоторые остановлены,Критическое
7.16,73.8,52.1,38.02,86.21,,171.0,Некоторые остановлены,Критическое
94.4,52.48,60.91,196.82,98.45,,,Все работают,Критическое с риском отказа
,,71.24,307.45,,8116.45,,,Хорошее
,,,,28.6,,,,Хорошее
,12.91,22.39,828.97,5.46,1636.07,34.0,Все работают,Оптимальное
,52.03,98.34,,83.62,,1.0,Все работают,Критическое с риском отказа
,0.81,46.96,,68.42,1192.77,,Все работают,Оптимальное
,,,,51.56,,491.0,,Критическое с риском отказа
93.08,,71.6,470.02,99.22,9421.58,715.0,Все работают,Критическое с риском отказа
,56.1,47.78,,74.12,3407.52,,,Критическое
,,,306.64,,7094.41,84.0,,Оптимальное
50.85,5.78,49.9,791.77,,1533.83,87.0,Все работают,Хорошее
31.95,,,65.66,,8213.65,102.0,Все работают,Хорошее
40.22,37.71,20.29,,,5260.7,154.0,Все работают,Хорошее
8.56,33.89,26.04,784.43,32.56,,,Все работают,Оптимальное
,,,,,,,Некоторые остановлены,Критическое
46.35,57.45,,625.22,52.16,371.32,130.0,Все работают,Хорошее
37.16,56.21,23.22,,81.49,,143.0,Все работают,Хорошее
43.75,83.36,52.66,29.89,,8638.21,,Все работают,Критическое
,,,,52.29,,,,Критическое
11.42,,,79.55,17.48,6274.35,,,Хорошее
,,,806.37,23.69,186.5,,,Оптимальное
45.82,,,,,5220.04,160.0,,Хорошее
3.07,,,,78.28,,67.0,Все работают,Хорошее
,92.27,76.82,55.33,8.86,7666.24,497.0,Все работают,Критическое с риском отказа
71.25,6.44,51.76,38.92,85.28,1125.9,126.0,,Критическое
,,41.87,,,,,,Оптимальное
3.9,74.23,,71.87,81.48,,239.0,,Критическое
11.91,,24.04,,78.97,,145.0,Все работают,Критическое
29.21,75.74,65.29,29.57,98.71,6685.2,,,Критическое с риском отказа
80.9,96.93,108.05,10.83,98.77,5907.81,,Некоторые остановлены,Критическое с риском отказа
26.08,47.27,,70.58,69.67,8435.81,89.0,Все работают,Хорошее
,,,,98.67,,,Все работают,Критическое с риском отказа
,,,,28.8,8714.56,161.0,Все работают,Хорошее
,,98.05,31.45,29.01,,,,Критическое
,,,349.16,77.1,,32.0,,Хорошее
,,72.71,,79.36,8443.61,103.0,,Критическое
51.17,,67.99,53.82,61.58,8095.27,92.0,,Хорошее
,,74.34,3.31,,3594.03,554.0,Критический сервис остановлен,Критическое с риском отказа
52.46,8.35,45.6,,,8043.81,,Все работают,Хорошее
93.03,,,54.85,59.76,9411.11,86.0,Критический сервис остановлен,Критическое с риском отказа
76.08,87.9,,,,,,Все работают,Критическое
,,,20.0,94.56,,,,Критическое
,18.32,,,,,,Все работают,Оптимальное
,31.58,,845.26,,,,,Оптимальное
,56.42,,,,8556.29,70.0,Критический сервис остановлен,Критическое с риском отказа
65.78,,,,25.79,,,,Критическое
,,111.95,5.44,,,137.0,,Критическое с риском отказа
,,47.4,,,,,,Критическое
,25.11,,24.3,91.65,,233.0,Все работают,Критическое
,63.19,60.43,791.08,,8650.17,138.0,Все работают,Хорошее
8.0,34.89,25.99,,,,,,Оптимальное
,63.81,58.57,873.81,,5161.08,43.0,Все работают,Хорошее
17.27,87.61,,,75.58,,,,Критическое
20.11,,60.23,67.72,,8913.58,,Все работают,Хорошее
56.99,19.93,,,43.05,,58.0,Все работают,Хорошее
,,20.59,,80.18,,,,Хорошее
16.57,3.57,29.77,,,,,,Оптимальное
,31.49,,9.68,83.12,,612.0,,Критическое с риском отказа
19.67,39.58,21.86,,7.15,4395.58,52.0,Все работают,Оптимальное
22.98,,117.08,24.98,,9433.56,110.0,Критический сервис остановлен,Критическое с риском отказа
27.52,2.96,,185.49,12.89,82.95,87.0,Все работают,Оптимальное
19.91,,,,77.85,8481.65,,,Хорошее
,32.2,24.34,351.62,23.18,7308.22,78.0,Все работают,Оптимальное
,,56.23,,,,142.0,,Хорошее
,46.4,,56.01,,,186.0,,Хорошее
29.51,,74.21,,,,,Некоторые остановлены,Критическое
,19.88,,,,,,Все работают,Оптимальное
,22.41,20.45,615.28,,,,,Оптимальное
,1.73,67.83,73.7,,,290.0,Все работают,Критическое
19.94,,,,,,,Все работают,Критическое
,,54.91,,44.98,,,,Хорошее
78.01,,,26.24,80.91,,,,Критическое
26.54,,,,,,,,Оптимальное
0.31,,41.13,454.3,25.22,570.57,,Все работают,Оптимальное
91.63,26.92,30.27,,,9320.02,10.0,Некоторые остановлены,Критическое с риском отказа
41.37,,,575.85,,8316.94,61.0,,Хорошее
,18.44,,626.99,,,472.0,,Критическое
,,,344.97,29.96,,77.0,Все работают,Оптимальное
23.83,5.89,,585.4,12.93,4666.33,37.0,Все работают,Оптимальное
,20.67,,453.47,58.17,8189.34,80.0,Все работают,Хорошее
,73.99,98.1,,,,,,Критическое с риском отказа
10.02,41.53,52.42,516.39,63.25,8343.54,,Все работают,Хорошее
37.01,27.09,68.1,,73.9,,53.0,Все работают,Хорошее
,,96.61,,,8155.26,,Все работают,Критическое
42.79,,,485.94,,,65.0,,Хорошее
,,,,,,,Все работают,Хорошее
,48.81,49.06,650.89,,3908.8,,Все работают,Хорошее
9.5,,49.67,,76.16,6833.67,46.0,Все работают,Хорошее
21.69,,,,39.38,1204.03,55.0,,Оптимальное
5.23,97.75,115.85,1.42,81.59,,,Все работают,Критическое с риском отказа
,,,69.49,,8474.06,177.0,Все работают,Хорошее
37.95,38.33,61.68,629.03,74.47,6035.05,,,Хорошее
16.52,3.58,48.15,353.99,16.85,4717.55,,Все работают,Оптимальное
83.44,,39.68,,,,168.0,,Критическое
,23.06,,,,2355.89,,,Оптимальное
,,,,,,66.0,,Оптимальное
41.13,,85.92,19.41,,,215.0,,Критическое
,,,662.98,,,,,Хорошее
,39.78,73.66,,25.54,,,Все работают,Хорошее
,,,636.84,,,,,Оптимальное
,,,40.57,22.36,,,,Критическое с риском отказа
55.51,36.35,54.24,79.38,,,182.0,Все работают,Хорошее
57.62,23.87,58.57,79.32,76.03,8942.78,132.0,,Хорошее
23.29,,,547.88,,7386.63,38.0,,Оптимальное
27.42,,22.2,,,2324.7,,,Оптимальное
46.18,6.35,,,84.39,8389.77,,Все работают,Хорошее
20.86,2.85,,119.57,,5204.36,,,Оптимальное
,,,,,5748.4,,,Оптимальное
94.98,97.66,43.33,227.26,,,9.0,,Критическое с риском отказа
,,,,,6839.36,,Все работают,Хорошее
,,,,,8096.55,,,Хорошее
7.9,,,,,,,,Хорошее
,5.14,34.84,940.92,12.72,1041.82,68.0,Все работают,Оптимальное
,,45.85,,76.7,,118.0,Все работают,Хорошее
,,,68.62,,,601.0,,Критическое с риском отказа
,69.63,66.29,,72.51,,,Все работают,Хорошее
,,57.03,949.29,,,161.0,,Хорошее
21.46,,40.37,,,3482.02,,,Оптимальное
17.02,,31.01,75.24,,1870.94,119.0,Все работают,Хорошее
,12.05,29.64,73.8,54.88,,,,Хорошее
,63.27,,,,,,,Хорошее
,,91.92,951.18,,,,,Критическое
18.1,11.37,48.54,,,483.95,,,Оптимальное
17.91,2.34,,172.12,37.36,4605.54,,Все работают,Оптимальное
60.4,4.06,88.0,19.71,,4613.36,,Некоторые остановлены,Критическое
,,62.06,69.16,78.87,2763.83,,Все работают,Хорошее
,36.08,24.64,,45.02,3949.82,,Все работают,Оптимальное
,2.56,,63.88,20.15,,,Все работают,Хорошее
,,,467.71,2.35,,,,Оптимальное
,,,426.95,,7729.32,81.0,Все работают,Оптимальное
,32.07,26.99,,99.71,5414.8,141.0,Все работают,Критическое с риском отказа
21.98,,,115.2,27.01,3261.05,41.0,Все работают,Оптимальное
81.14,59.57,61.99,58.24,,9277.08,163.0,,Критическое
,,67.44,,,,810.0,Некоторые остановлены,Критическое с риском отказа
31.18,93.41,38.19,,,,,Некоторые остановлены,Критическое
1.13,19.02,45.62,,22.0,,92.0,,Оптимальное
,,,993.8,55.6,3430.45,62.0,Все работают,Оптимальное
,49.49,59.79,,86.18,9875.49,85.0,Все работают,Критическое
,,49.34,953.47,,,63.0,,Оптимальное
,,,,,8849.76,,,Хорошее
64.0,95.4,21.97,693.98,99.53,2297.05,,Критический сервис остановлен,Критическое с риском отказа
,,70.91,,,,,,Хорошее
43.58,94.74,56.34,74.83,,,275.0,Все работают,Критическое
,0.0,43.98,,,6413.02,37.0,Все работают,Оптимальное
26.62,,,124.86,,,76.0,,Оптимальное
,,,,44.84,,116.0,,Критическое
,,41.29,,,7576.49,,Все работают,Оптимальное
19.98,10.61,59.27,,,2598.85,50.0,Все работают,Хорошее
15.24,13.89,49.9,426.95,,7729.32,81.0,,Оптимальное
44.81,56.6,36.05,76.36,84.12,8918.18,158.0,,Хорошее
33.73,26.34,,808.25,,,,,Хорошее
18.56,,,85.43,56.96,6097.41,32.0,Все работают,Оптимальное
,98.73,,,,9558.94,446.0,,Критическое с риском отказа
22.75,69.99,66.14,744.15,37.95,,,Все работают,Хорошее
,52.18,,,,,,,Хорошее
,51.39,,,,,,,Хорошее
,58.99,63.2,55.82,75.68,8932.16,,Все работают,Хорошее
,16.32,,,80.66,9938.04,,Все работают,Критическое
81.61,,93.98,9.08,,9796.69,,Некоторые остановлены,Критическое с риском отказа
21.15,,72.88,316.67,,8755.43,132.0,,Хорошее
,,,,8.04,,166.0,,Хорошее
,99.96,,,98.03,,,,Критическое с риском отказа
29.01,,,,,,,,Оптимальное
16.69,,,,,,,,Оптимальное
,,60.43,,19.42,,138.0,Все работают,Хорошее
17.07,,,,44.08,3635.33,146.0,Некоторые остановлены,Критическое
,,,,,,,Критический сервис остановлен,Критическое с риском отказа
,,,59.76,,,66.0,Все работают,Критическое с риском отказа
14.78,,26.77,,17.48,,,Все работают,Оптимальное
,66.74,,900.74,53.84,4412.75,146.0,Все работают,Хорошее
,,,61.8,,8417.92,,Все работают,Хорошее
22.9,,,,4.64,303.05,,Все работают,Оптимальное
,99.18,88.88,611.21,99.6,8969.61,373.0,Критический сервис остановлен,Критическое с риском отказа
,58.05,53.02,,,,48.0,Все работают,Хорошее
24.59,,43.74,741.07,35.42,593.17,69.0,Все работают,Оптимальное
,,,,,9456.07,,,Критическое
,,,,59.99,,,,Оптимальное
15.16,,28.03,790.65,14.7,5550.13,,Все работают,Оптимальное
,,34.55,668.01,,,,,Оптимальное
,,,68.9,77.27,8786.89,,,Хорошее
21.86,,,,,5962.75,,Все работают,Критическое
67.71,,71.64,,78.14,,,Все работают,Критическое
42.96,82.57,66.34,16.48,85.41,9427.73,,,Критическое
81.65,95.49,95.54,46.85,,8223.46,,,Критическое с риском отказа
12.23,,,61.27,,8517.82,,Все работают,Хорошее
,,46.63,786.97,,,54.0,Все работают,Оптимальное
5.87,,,,,7149.63,,,Оптимальное
28.93,12.86,29.91,540.2,,,,,Оптимальное
,,20.5,,,,,Все работают,Критическое
,,,32.05,25.59,,,,Критическое
81.25,,,17.9,79.34,8164.79,160.0,Все работают,Критическое
54.86,52.43,44.18,73.89,3.82,8272.11,,,Хорошее
,27.06,36.06,899.83,60.88,713.4,61.0,Все работают,Оптимальное
,48.9,45.04,,,,,,Хорошее
18.96,66.82,50.34,53.03,32.7,3237.85,,Все работают,Хорошее
,,,,,,30.0,,Хорошее
,15.62,46.17,148.79,27.95,4367.53,63.0,Все работают,Оптимальное
9.08,,,359.36,,7164.14,,Все работают,Критическое
2.33,20.0,,731.8,59.84,5462.93,34.0,Все работают,Оптимальное
35.51,73.74,84.36,62.01,76.47,8917.69,43.0,,Критическое
10.28,58.88,32.84,66.2,19.99,5269.34,62.0,,Хорошее
,78.47,,,,,,,Критическое
67.28,,,,,,,,Критическое
,12.82,52.13,22.69,81.56,8780.0,226.0,Все работают,Критическое
,99.59,112.46,0.3,,1232.54,,Некоторые остановлены,Критическое с риском отказа
,,,31.34,72.72,,,Некоторые остановлены,Критическое
,,,,,,100.0,,Хорошее
,,,433.95,,,,,Оптимальное
,6.97,,,30.45,,87.0,,Хорошее
26.72,,,,,4891.04,,,Критическое
42.77,,63.85,617.7,80.22,,151.0,Все работают,Хорошее
,62.12,72.61,,,6858.36,,,Хорошее
,81.98,112.29,,,,93.0,,Критическое с риском отказа
37.32,51.02,,69.18,73.29,731.11,147.0,Все работают,Хорошее
75.19,97.41,119.13,11.72,76.5,8584.63,567.0,,Критическое с риском отказа
51.73,,50.52,,9.98,,,,Хорошее
17.2,2.82,69.55,,92.34,8155.25,32.0,Все работают,Критическое
,11.97,,,,829.55,,,Оптимальное
,3.39,56.43,,,8718.4,121.0,Все работают,Хорошее
,34.0,,492.34,77.35,8109.04,100.0,,Хорошее
,34.77,,237.72,,,,,Хорошее
,,,77.49,83.58,2716.57,,,Хорошее
36.66,49.54,31.1,,35.78,8442.92,,,Хорошее
27.31,22.32,39.17,135.27,62.2,,80.0,Все работают,Оптимальное
14.15,,,,,,,Все работают,Оптимальное
22.05,,,,,,58.0,Все работают,Оптимальное
,,69.02,,82.64,8789.59,152.0,,Хорошее
,,99.69,,72.06,8060.56,65.0,Все работают,Критическое
6.3,89.65,84.93,28.97,39.7,,163.0,,Критическое
,,34.52,,,,,,Оптимальное
,,,,,7534.16,,,Оптимальное
,,,,79.95,,159.0,,Хорошее
21.22,10.29,27.14,,16.85,6575.11,69.0,Все работают,Оптимальное
5.58,94.93,60.72,,72.16,7544.63,480.0,Все работают,Критическое
22.77,42.81,53.91,52.3,,3790.15,96.0,Все работают,Хорошее
,,,,,8006.82,,,Хорошее
,,,310.43,,,,,Хорошее
30.58,32.06,,,78.71,8252.72,93.0,Некоторые остановлены,Критическое с риском отказа
,32.59,43.87,604.66,,398.37,,,Оптимальное
,,23.25,,,,,,Оптимальное
11.78,16.9,,69.81,83.47,,150.0,Все работают,Хорошее
97.32,86.83,27.05,303.98,99.09,8677.51,,Все работают,Критическое с риском отказа
0.42,,43.84,,23.39,6857.68,41.0,Все работают,Оптимальное
22.45,32.59,32.96,603.31,,,,Все работают,Оптимальное
17.24,,39.97,,8.5,7448.55,,Все работают,Оптимальное
,56.06,,593.89,72.11,,161.0,,Хорошее
,,,,,,87.0,,Оптимальное
,6.51,,371.58,,6141.83,95.0,Все работают,Оптимальное
59.36,91.49,,,95.33,5012.97,,Некоторые остановлены,Критическое
71.4,94.46,,,94.01,,,Все работают,Критическое
,15.18,40.59,496.07,40.02,3047.77,87.0,Все работают,Оптимальное
58.27,,61.32,503.95,72.96,6682.54,113.0,,Хорошее
28.57,16.3,42.83,,,,75.0,,Оптимальное
,,,,,,,Все работают,Критическое
92.69,36.2,105.98,727.75,70.02,8100.57,,Критический сервис остановлен,Критическое с риском отказа
,,,143.33,,,,Все работают,Оптимальное
,,,,,3462.78,,,Оптимальное
27.96,,,710.6,,5954.49,44.0,Все работают,Оптимальное
,20.59,28.86,533.41,,1092.27,61.0,Все работают,Оптимальное
,,,,80.82,,296.0,,Критическое с риском отказа
,,,,,4764.96,,,Оптимальное
32.28,48.92,29.06,63.71,64.36,1396.65,,Все работают,Хорошее
31.08,,87.75,,,,119.0,,Критическое
19.65,93.29,,386.94,79.84,8978.86,104.0,Некоторые остановлены,Критическое
12.48,,40.92,145.77,,,36.0,,Оптимальное
,,,,,5196.09,30.0,,Оптимальное
,,24.19,481.81,,6617.9,,,Хорошее
,72.46,,642.78,95.44,9185.26,37.0,,Критическое
76.95,75.71,,563.17,96.79,1685.32,,Некоторые остановлены,Критическое
48.85,67.86,,,83.13,5453.17,68.0,Все работают,Хорошее
99.4,,,449.51,,9417.53,,,Критическое с риском отказа
26.02,67.78,55.16,,77.69,3881.8,133.0,,Хорошее
0.51,44.7,,,75.49,,177.0,,Хорошее
40.53,,,,70.07,2158.16,,Все работают,Хорошее
,,,,25.22,,,Все работают,Оптимальное
,,,50.78,83.52,,,Все работают,Хорошее
9.64,,,,,,,,Оптимальное
,98.12,,,99.19,9348.26,,,Критическое с риском отказа
78.61,67.23,,28.17,83.17,8044.9,163.0,Все работают,Критическое
32.52,92.11,,51.96,37.42,,,Некоторые остановлены,Критическое
13.21,13.37,20.44,,35.22,6834.21,50.0,Все работают,Оптимальное
2.42,89.76,88.66,121.51,,9816.76,,Все работают,Критическое
70.33,83.44,,57.57,,1706.2,,Все работают,Критическое
9.54,,,145.51,,423.6,,,Оптимальное
,20.64,,,,,152.0,,Хорошее
,,,,76.86,,199.0,,Хорошее
,,,72.35,,,,,Хорошее
,,,,61.14,,,,Оптимальное
75.88,,78.13,44.27,,,,Некоторые остановлены,Критическое
,,,,,5915.91,65.0,Все работают,Хорошее
,,,69.81,,2214.53,,,Хорошее
,9.06,,,63.34,612.7,,,Оптимальное
,,,,,2289.6,,,Оптимальное
,78.32,,,80.06,8863.07,,,Критическое с риском отказа
95.57,29.62,82.0,,99.42,9701.66,,Все работают,Критическое с риском отказа
45.83,,,665.15,,8138.2,,,Хорошее
5.63,,50.18,52.18,50.02,1805.53,115.0,,Хорошее
,76.95,,880.85,,8105.75,,,Критическое
31.05,,,,14.74,443.58,,,Хорошее
,,,,99.19,,,,Критическое с риском отказа
,,63.96,,,9216.34,,Некоторые остановлены,Критическое
,,,73.04,,,100.0,,Критическое
90.49,,,,98.77,,,Некоторые остановлены,Критическое с риском отказа
68.65,43.9,32.22,20.0,94.56,9901.49,,Некоторые остановлены,Критическое
,64.48,44.06,,,7488.39,192.0,Все работают,Хорошее
,24.88,20.02,,,5877.24,,,Оптимальное
33.15,,31.01,51.68,71.96,,185.0,Все работают,Хорошее
,54.7,,68.76,,,58.0,Все работают,Хорошее
,,,,,,58.0,,Оптимальное
6.51,72.77,,,57.82,,32.0,Все работают,Критическое
32.43,,35.69,,85.26,8162.83,46.0,Некоторые остановлены,Критическое
,4.89,,,,9440.49,,,Критическое
,,26.44,,55.47,3261.49,79.0,,Оптимальное
,,,,,,,Все работают,Оптимальное
,,,343.56,,4882.47,,Все работают,Оптимальное
12.11,47.66,,62.93,70.71,,93.0,,Хорошее
,26.09,,607.79,,,,Все работают,Оптимальное
,,43.72,686.85,,7654.95,91.0,,Оптимальное
,52.35,,,16.1,,,Все работают,Хорошее
,43.86,70.0,,,,103.0,Все работают,Хорошее
2.07,30.94,22.59,,,2946.19,,,Оптимальное
88.81,76.18,,40.39,,,494.0,,Критическое
,2.66,41.72,528.19,,7812.33,59.0,,Оптимальное
29.5,,25.51,165.42,10.08,7290.96,,,Оптимальное
,,,,,,82.0,,Хорошее
,,47.63,,,9840.5,,,Критическое
40.41,61.68,,,7.12,8608.93,,Все работают,Хорошее
,,29.05,71.38,,,,,Хорошее
,,48.66,,20.71,5326.46,,Все работают,Хорошее
,38.05,20.94,339.72,0.01,,,Все работают,Оптимальное
17.15,,,,,3168.01,206.0,,Критическое
,10.26,23.94,451.8,,6531.81,37.0,,Оптимальное
13.17,19.33,,,,,,,Оптимальное
12.97,2.09,40.68,,11.96,6398.97,66.0,Все работают,Оптимальное
40.17,40.9,,50.78,79.23,6021.08,51.0,Все работают,Хорошее
,,,61.9,,,141.0,Все работают,Хорошее
,,,,,1457.93,,,Оптимальное
,12.72,24.1,142.05,47.72,,87.0,Все работают,Оптимальное
62.78,,50.51,437.42,79.71,9120.6,194.0,Все работают,Критическое
6.26,,,169.86,,7261.01,52.0,Все работают,Оптимальное
,,,,97.14,,,Все работают,Критическое
9.5,,,732.81,76.16,6833.67,,Все работают,Хорошее
,,,458.03,,,,,Хорошее
,,23.7,,5.09,5511.41,,,Оптимальное
,,,952.51,42.85,7973.61,61.0,,Оптимальное
44.28,21.37,,,,,,Все работают,Хорошее
36.1,84.67,104.16,,99.25,1287.17,389.0,Некоторые остановлены,Критическое с риском отказа
47.24,,37.47,,,8449.97,,,Хорошее
,41.17,,,,,,,Хорошее
,5.75,48.71,,46.19,,76.0,Все работают,Оптимальное
20.72,,,583.18,55.82,7604.19,43.0,Все работают,Оптимальное
53.11,71.35,112.07,47.01,11.22,1399.26,431.0,,Критическое с риском отказа
,9.01,,391.5,62.99,,,Все работают,Оптимальное
87.64,14.75,94.99,,70.69,,0.0,Все работают,Критическое с риском отказа
,,,,,1195.63,96.0,,Оптимальное
,,64.29,398.47,,,448.0,Некоторые остановлены,Критическое
,74.93,22.7,,,8948.42,,,Критическое
36.64,31.59,46.26,97.25,81.2,,131.0,,Хорошее
56.39,,,,,,,Все работают,Хорошее
92.84,64.47,,69.4,23.36,8666.79,750.0,Критический сервис остановлен,Критическое с риском отказа
,,30.26,,77.22,2837.54,,,Хорошее
,59.06,,,,,,,Хорошее
,,,,,,74.0,,Оптимальное
58.27,18.69,61.32,,72.96,6682.54,,Все работают,Хорошее
,,39.97,,,948.47,,,Оптимальное
17.27,,,,75.58,8282.03,,Все работают,Критическое
6.55,,39.93,,12.85,1282.56,96.0,,Оптимальное
,,27.07,881.48,19.05,5618.79,34.0,Все работают,Оптимальное
,,90.6,62.57,,,,Все работают,Критическое
,,,,,9274.11,,,Критическое с риском отказа
11.88,97.67,49.15,8.14,,953.83,,,Критическое с риском отказа
,35.13,,17.28,80.11,9784.38,101.0,Все работают,Критическое
15.23,,45.93,591.64,79.49,8767.71,133.0,,Хорошее
,,,603.19,,,,,Оптимальное
,,,,,6013.44,,,Критическое
26.15,10.15,30.82,135.34,3.31,,44.0,Все работают,Оптимальное
32.66,,23.41,69.29,,8188.53,,Все работают,Хорошее
24.85,25.76,28.57,569.94,53.3,603.25,,Все работают,Оптимальное
4.65,18.57,,,70.39,,,Все работают,Хорошее
,13.32,,,,822.44,,,Оптимальное
9.52,22.88,48.99,552.47,56.02,6855.13,47.0,,Оптимальное
4.49,32.57,,305.69,,3474.25,78.0,Все работают,Оптимальное
14.94,,,269.88,14.13,4725.56,40.0,Все работают,Оптимальное
62.24,98.48,45.12,,98.16,8855.21,,Все работают,Критическое с риском отказа
5.2,,,,,,,,Критическое с риском отказа
,,,,70.33,,81.0,,Хорошее
5.41,,,,,,,,Хорошее
42.88,19.45,,,,8845.92,106.0,Все работают,Хорошее
23.39,,46.52,,,,67.0,,Оптимальное
54.33,,39.34,,,,,Все работают,Хорошее
,81.27,,,,2860.16,,,Критическое
13.13,26.33,35.98,,2.48,2105.71,65.0,Все работают,Оптимальное
10.94,,27.16,,,2347.68,,,Оптимальное
7.13,22.29,46.75,389.95,,1762.23,38.0,Все работают,Оптимальное
19.68,,,,,,41.0,,Оптимальное
,67.37,39.11,655.46,80.02,9186.19,182.0,,Критическое
,,,569.19,,8157.31,63.0,,Критическое
,,,,,,244.0,Все работают,Критическое
78.15,,51.79,66.21,95.48,7339.72,,,Критическое
65.5,,85.79,,,,109.0,Некоторые остановлены,Критическое
8.92,11.13,42.79,687.98,19.76,1590.98,76.0,,Оптимальное
,,22.19,,32.66,2262.64,,,Оптимальное
61.69,90.67,,17.65,95.38,,,,Критическое с риском отказа
33.81,88.89,97.73,,87.13,7521.9,201.0,Все работают,Критическое
,,20.3,341.72,,,35.0,Все работают,Оптимальное
10.38,,41.37,,22.04,,36.0,Все работают,Оптимальное
,,,,,,,Все работают,Оптимальное
7.14,52.59,,,60.41,5592.03,72.0,,Хорошее
32.05,57.9,37.78,346.77,81.53,8293.11,126.0,,Хорошее
38.4,,,,,,,,Хорошее
44.45,28.32,86.68,,73.75,7694.97,51.0,Все работают,Критическое
10.87,,,,,,68.0,Все работают,Оптимальное
,,101.58,,,,175.0,,Критическое с риском отказа
,31.71,,,,9539.55,,,Критическое
12.34,,,618.76,0.47,1116.81,,,Оптимальное
,10.74,,561.37,,,,Критический сервис остановлен,Критическое с риском отказа
65.49,94.58,29.2,,,9278.53,483.0,Все работают,Критическое
,,,,,8717.5,,Все работают,Хорошее
70.22,78.91,,6.99,88.26,8866.85,,Некоторые остановлены,Критическое с риском отказа
,0.48,33.57,477.55,56.95,,,,Оптимальное
19.62,91.05,49.67,654.92,29.98,9370.5,158.0,,Критическое
,,,,98.7,,,,Критическое с риском отказа
3.54,20.75,44.26,,21.34,,87.0,Все работают,Оптимальное
4.26,38.65,31.48,109.01,47.01,,75.0,Все работают,Оптимальное
29.55,,65.59,12.52,15.99,7514.28,52.0,Некоторые остановлены,Критическое
72.27,42.37,,,32.0,162.34,47.0,Все работают,Критическое
16.35,,,519.91,55.78,,41.0,Все работают,Оптимальное
,,,,73.94,8287.66,65.0,,Критическое
4.74,99.76,50.66,506.89,75.39,7198.78,,Все работают,Критическое с риском отказа
,33.96,32.86,535.56,70.74,,97.0,,Хорошее
,28.4,47.6,127.29,,,71.0,,Оптимальное
,40.02,27.46,68.6,84.92,,93.0,,Хорошее
,,41.84,,14.42,,32.0,,Оптимальное
,93.52,75.61,,,9309.88,257.0,Все работают,Критическое
,,45.92,,,4199.59,81.0,,Оптимальное
28.64,6.73,54.46,71.75,13.32,,70.0,Все работают,Хорошее
36.87,,72.95,303.36,53.74,4051.0,119.0,Все работают,Хорошее
,,22.51,,,,,,Оптимальное
26.38,26.7,,,,,96.0,,Оптимальное
,,36.64,,81.56,1305.43,,Все работают,Критическое
32.5,,63.04,57.07,,,,Все работают,Хорошее
,,,,,5412.13,60.0,,Хорошее
39.77,,,,,1638.75,77.0,Все работают,Хорошее
2.85,0.86,36.05,316.18,,473.91,44.0,Все работают,Оптимальное
,,61.49,,,8866.5,,,Критическое
,,115.8,,98.97,,,,Критическое с риском отказа
2.77,12.15,30.74,,11.06,,69.0,Все работают,Оптимальное
,11.92,34.61,,,3099.18,39.0,,Оптимальное
9.45,29.27,,65.31,,,,,Хорошее
,,55.51,,,2155.09,,Все работают,Хорошее
70.02,,45.88,,86.77,,444.0,Все работают,Критическое с риском отказа
,,,,,,145.0,,Критическое
11.63,95.07,,50.93,,247.39,127.0,,Критическое с риском отказа
,49.46,34.93,532.09,,,178.0,Все работают,Хорошее
9.44,,51.99,46.59,92.87,,98.0,,Критическое
,12.19,69.95,76.85,,,,,Хорошее
1.51,21.33,,57.01,47.37,8035.63,105.0,Все работают,Хорошее
31.39,51.29,54.41,,56.91,313.07,165.0,Все работают,Хорошее
,35.59,43.49,,6.19,,,,Оптимальное
,14.72,,,,,198.0,Все работают,Хорошее
72.08,,,,91.92,8645.25,,Все работают,Критическое
,34.99,,,,,,Все работают,Оптимальное
,,,369.84,,,129.0,,Хорошее
15.97,,45.28,51.34,,4110.08,55.0,,Критическое
10.31,16.02,110.49,5.48,31.39,,36.0,Все работают,Критическое с риском отказа
,,,,,6068.59,10.0,Все работают,Критическое с риском отказа
90.99,,,66.53,,9546.05,,Критический сервис остановлен,Критическое с риском отказа
,23.63,92.28,,97.57,5688.55,35.0,Некоторые остановлены,Критическое
43.65,,24.0,,36.84,,197.0,,Хорошее
,9.3,,,,,46.0,Все работают,Оптимальное
,67.37,,655.46,80.02,9186.19,182.0,Все работают,Критическое
88.71,20.53,,,48.31,,,,Критическое
,72.75,64.52,19.39,,952.82,244.0,Все работают,Критическое
96.15,95.27,,,,,,,Критическое с риском отказа
,,,,,,31.0,Все работают,Оптимальное
32.64,63.5,73.19,940.0,85.44,9759.02,392.0,,Критическое
,25.64,48.84,817.07,73.71,8641.97,49.0,Все работают,Хорошее
29.98,30.33,44.01,,67.17,1929.4,,,Оптимальное
20.59,,,,,,,,Оптимальное
,,,,70.35,8653.65,,,Хорошее
,,,,,5475.49,,,Оптимальное
6.52,39.42,47.04,513.97,27.56,7065.46,81.0,,Оптимальное
,26.91,,,38.73,4809.76,,Все работают,Оптимальное
82.44,,,,,1305.85,,Все работают,Критическое
,,31.28,,38.62,3630.26,,,Критическое
73.12,9.49,20.44,,98.83,8523.27,121.0,,Критическое с риском отказа
,28.34,,,,,,,Оптимальное
52.24,36.2,,6.86,78.0,8681.44,,,Критическое с риском отказа
56.89,53.68,27.19,3.39,,9011.99,117.0,Все работают,Критическое с риском отказа
,97.48,,,99.49,,134.0,Некоторые остановлены,Критическое с риском отказа
,4.15,98.61,36.51,,,,,Критическое
,,,60.45,,,,,Критическое
3.57,,,731.76,,5368.79,87.0,Все работают,Оптимальное
7.92,,,969.52,,,82.0,Все работают,Оптимальное
,29.8,,994.79,,,,,Оптимальное
88.91,,107.57,41.1,24.61,,,Все работают,Критическое с риском отказа
14.7,,21.1,574.91,24.28,2737.45,95.0,Все работают,Оптимальное
25.43,,,245.79,23.66,3058.83,,Все работают,Оптимальное
27.82,,,,,5234.75,,Все работают,Хорошее
65.6,67.53,63.73,16.25,92.62,,94.0,Все работают,Критическое
,32.11,,,86.14,9325.47,162.0,Некоторые остановлены,Критическое
16.62,39.04,,1.16,99.71,,268.0,Критический сервис остановлен,Критическое с риском отказа
,,50.58,67.75,,8604.65,169.0,Все работают,Хорошее
18.17,4.87,49.24,302.69,59.99,2819.16,,Все работают,Оптимальное
,,,,,,1.0,,Критическое с риском отказа
,,51.15,,,,,Все работают,Хорошее
5.87,,44.9,,,,,,Оптимальное
35.01,,,61.41,48.15,9557.27,35.0,Некоторые остановлены,Критическое
19.65,,,67.21,65.32,7452.19,104.0,,Хорошее
29.77,26.84,,416.45,,,63.0,Все работают,Оптимальное
13.89,,,,,2623.62,,,Оптимальное
31.73,,,,,,,Все работают,Хорошее
40.2,33.81,95.83,31.9,,4430.18,338.0,Все работают,Критическое
,8.6,20.11,239.86,16.43,4470.05,,Все работают,Оптимальное
9.77,43.58,,684.81,43.26,,74.0,,Хорошее
,,46.6,506.68,15.18,,56.0,,Оптимальное
,,25.42,583.37,59.76,7131.46,46.0,Все работают,Оптимальное
52.68,,,52.52,,,136.0,,Хорошее
,,,,,,,Все работают,Хорошее
92.4,,88.83,1.53,,9338.88,964.0,Все работают,Критическое с риском отказа
,,,231.59,,,,,Хорошее
,,,,,,62.0,,Критическое
,11.72,39.25,661.23,59.94,,39.0,Все работают,Оптимальное
,43.93,63.3,647.77,95.88,9393.89,242.0,,Критическое
22.72,87.28,,,99.25,5716.93,,,Критическое с риском отказа
19.17,,38.3,307.03,,,87.0,,Оптимальное
,,,110.05,83.61,8129.57,,,Хорошее
,15.68,23.41,69.29,5.38,8188.53,79.0,,Хорошее
49.77,97.77,,67.3,64.22,8937.23,5.0,Некоторые остановлены,Критическое с риском отказа
,67.96,42.65,,74.83,,,Все работают,Хорошее
37.73,94.44,,53.95,,9174.4,204.0,Все работают,Критическое
28.6,,,420.44,17.91,5559.22,30.0,Все работают,Оптимальное
,,110.15,,,,979.0,,Критическое с риском отказа
77.72,,,36.45,73.07,8451.14,334.0,Все работают,Критическое
,,91.14,,,,,,Критическое с риском отказа
32.1,,59.33,531.19,70.87,9243.14,179.0,Некоторые остановлены,Критическое
6.26,,111.66,6.04,53.45,2528.72,6.0,,Критическое с риском отказа
4.59,,36.11,,66.72,4853.4,93.0,Все работают,Оптимальное
,,,521.3,45.43,2180.53,,,Оптимальное
60.91,85.69,98.05,16.95,96.43,627.94,,Все работают,Критическое
88.81,76.18,39.84,40.39,,8957.05,494.0,Все работают,Критическое
,67.25,99.53,69.48,71.56,8359.69,346.0,Все работают,Критическое
,73.48,86.66,65.1,78.63,,197.0,Все работают,Критическое
13.78,51.66,36.38,,86.38,5632.18,193.0,Все работают,Критическое
,,,,,8461.83,,,Хорошее
,,,,,3597.03,,,Оптимальное
,36.15,29.72,456.82,,1625.45,30.0,Все работают,Оптимальное
,,57.3,57.52,46.55,,,,Хорошее
,42.25,,,,,,Некоторые остановлены,Критическое
,34.03,35.59,623.54,,5753.42,,,Оптимальное
,0.06,,,43.15,8645.15,,,Хорошее
19.31,,55.92,368.79,81.91,8925.04,130.0,Все работают,Хорошее
,,,,,,,Все работают,Хорошее
,64.75,36.04,,83.3,,133.0,,Хорошее
19.5,37.84,103.87,2.88,53.5,,,Все работают,Критическое с риском отказа
,,,,49.73,,80.0,,Оптимальное
98.88,29.15,104.06,,32.44,2676.74,355.0,Все работают,Критическое с риском отказа
31.13,9.55,49.09,74.86,,5827.61,41.0,,Хорошее
,,,,80.9,8810.35,157.0,,Хорошее
92.6,,76.6,71.59,,4662.64,,,Критическое с риском отказа
,,52.77,,,,,Все работают,Хорошее
,3.46,34.64,625.27,57.66,4056.1,81.0,Все работают,Оптимальное
16.13,34.12,38.39,351.13,34.41,4276.76,,Все работают,Оптимальное
3.79,,20.57,,22.4,5348.58,87.0,Все работают,Оптимальное
,28.67,,,,,,,Оптимальное
29.55,48.56,65.59,12.52,15.99,,,,Критическое
86.05,,,,,,,,Критическое
,,,,,,454.0,Некоторые остановлены,Критическое
90.4,52.67,,,93.28,,,Некоторые остановлены,Критическое с риском отказа
33.24,,22.96,,96.24,9629.36,166.0,,Критическое с риском отказа
14.72,,33.11,,,8717.5,30.0,,Хорошее
,1.64,26.36,77.25,12.94,8363.58,,,Хорошее
,,27.55,,,,,,Оптимальное
1.85,,,318.26,83.05,,111.0,Все работают,Хорошее
,,,465.79,12.71,1785.35,,,Оптимальное
4.46,,,418.93,,4911.96,63.0,,Критическое
39.29,,55.62,628.53,,5968.17,95.0,,Хорошее
,,,,,,,Все работают,Критическое
,65.28,,,,,,Все работают,Хорошее
8.14,23.92,27.8,436.08,22.04,231.28,,Все работают,Оптимальное
,,,,,8804.5,,,Критическое
7.5,,41.55,318.81,59.1,1937.9,41.0,Все работают,Оптимальное
97.46,,,,57.64,8220.9,,,Критическое с риском отказа
,,70.87,,,,,Все работают,Хорошее
,,,,83.7,,139.0,Все работают,Хорошее
7.9,,,,,,,,Хорошее
,,,,,,,Некоторые остановлены,Критическое
55.29,59.75,42.44,195.7,33.56,4471.24,116.0,,Хорошее
13.11,9.38,,,,,,,Оптимальное
49.9,56.06,,,,,,Все работают,Хорошее
,25.39,74.12,,,579.19,90.0,Все работают,Хорошее
,23.26,,125.92,51.59,3644.89,65.0,Все работают,Оптимальное
,,,76.24,,8208.33,180.0,Все работают,Хорошее
66.96,64.56,98.31,68.31,86.32,1071.54,,,Критическое
,15.2,,,85.33,,,Некоторые остановлены,Критическое с риском отказа
19.46,,39.89,72.35,,6305.66,,,Хорошее
,,,,90.35,1326.59,,,Критическое
34.35,16.01,20.06,,,,111.0,Все работают,Хорошее
12.34,,48.98,,19.38,2115.87,,,Оптимальное
45.88,,69.44,60.91,17.26,,200.0,,Хорошее
19.32,84.21,45.58,,97.32,,198.0,,Критическое
,,,,96.13,,10.0,,Критическое с риском отказа
14.8,,,,,,,,Оптимальное
,,,,,3322.59,,,Оптимальное
17.42,,103.22,23.86,,9182.62,473.0,,Критическое с риском отказа
0.83,,,,,1543.82,,,Оптимальное
,31.4,94.42,69.44,89.27,,267.0,,Критическое
,2.83,,,,,,,Хорошее
15.02,20.54,40.46,683.65,,6682.39,,Все работают,Оптимальное
,,20.2,,,8014.54,176.0,Все работают,Хорошее
24.59,16.06,,,,,,,Хорошее
,,40.5,278.54,,,,Все работают,Оптимальное
57.28,60.61,,,,8448.47,,Все работают,Хорошее
13.36,44.78,55.39,77.64,,7395.27,141.0,Все работают,Хорошее
,65.29,73.72,165.8,79.43,4944.8,33.0,Все работают,Хорошее
54.33,,29.07,,26.38,,,Все работают,Хорошее
,,,38.05,90.3,5755.51,,Все работают,Критическое с риском отказа
,,31.54,185.06,46.65,,,Все работают,Оптимальное
34.3,,,324.11,,,,,Хорошее
21.02,30.33,,479.99,44.44,,83.0,,Оптимальное
10.58,,68.22,57.18,73.89,7343.96,104.0,Все работают,Хорошее
37.28,43.0,,74.2,70.59,8088.35,153.0,,Хорошее
,,,,6.82,8005.69,,Все работают,Хорошее
,35.93,,,,6498.88,,,Оптимальное
56.71,41.1,,51.22,72.09,,74.0,Все работают,Хорошее
,,,,77.1,,,Некоторые остановлены,Критическое
,95.67,,,99.73,8658.24,,,Критическое с риском отказа
,62.91,35.34,51.09,81.1,,,,Хорошее
46.19,37.85,61.79,804.83,,,,Все работают,Хорошее
,,,530.81,,8037.66,,Все работают,Хорошее
13.19,18.58,29.38,,36.05,1933.9,87.0,Все работают,Оптимальное
34.13,3.61,65.33,55.73,42.64,,58.0,Некоторые остановлены,Критическое
91.74,97.42,95.4,235.63,98.56,6115.09,70.0,,Критическое с риском отказа
,19.49,26.96,457.15,18.4,233.85,61.0,Все работают,Оптимальное
,,,72.49,,,383.0,Все работают,Критическое
60.28,92.55,,60.97,,,,,Критическое
,,23.33,,48.82,2518.9,,,Оптимальное
,,,,,,,Все работают,Хорошее
,58.41,40.51,143.57,19.23,8253.2,52.0,,Хорошее
,,52.71,,,,,,Хорошее
24.46,18.16,,,2.01,6858.02,,,Оптимальное
,,49.72,,4.96,,,,Оптимальное
21.1,,,,88.5,8640.0,364.0,Некоторые остановлены,Критическое
,95.4,21.97,693.98,,,,,Критическое с риском отказа
1.07,,21.25,,80.23,,79.0,Все работают,Хорошее
,25.41,23.53,77.89,48.01,,,,Хорошее
22.44,,24.29,228.93,40.05,6861.44,87.0,Все работают,Оптимальное
27.54,37.79,99.5,,92.09,7557.93,,,Критическое
0.83,24.9,36.67,831.68,57.32,4203.89,,Все работают,Оптимальное
35.45,21.79,,46.56,77.82,,239.0,Все работают,Критическое
,,,,,,,Все работают,Оптимальное
40.44,14.81,,70.98,76.16,,,,Хорошее
,,27.78,,,4186.7,,,Оптимальное
,32.55,,,17.82,,99.0,,Оптимальное
9.02,73.5,,37.52,2.57,,,Все работают,Критическое с риском отказа
88.31,14.59,101.16,,21.91,1094.6,,Критический сервис остановлен,Критическое с риском отказа
6.39,,,,38.96,,,Все работают,Хорошее
9.97,,27.4,73.44,30.58,8379.82,89.0,Все работают,Хорошее
,69.42,25.6,51.6,,,149.0,Все работают,Хорошее
33.54,,53.0,74.57,,8155.63,,Все работают,Хорошее
83.43,51.44,,51.81,,,490.0,Некоторые остановлены,Критическое
60.24,,91.92,,87.45,8906.72,,Все работают,Критическое
9.31,24.02,,195.16,64.78,,96.0,Все работают,Оптимальное
,14.49,,,,,,,Оптимальное
46.77,25.03,55.58,73.35,46.78,8036.05,111.0,,Хорошее
22.43,80.94,,,,,,,Критическое
21.02,,49.84,965.75,17.65,1963.12,,,Оптимальное
39.78,,39.41,5.42,,1365.37,87.0,Некоторые остановлены,Критическое с риском отказа
,19.66,40.88,217.55,60.31,153.8,85.0,Все работают,Оптимальное
,79.75,,63.47,,633.94,,,Критическое с риском отказа
99.96,95.47,74.17,5.46,99.85,,7.0,Все работают,Критическое с риском отказа
8.93,,,,,,181.0,,Хорошее
24.39,,28.72,,,,,Все работают,Оптимальное
95.23,,119.7,5.33,,311.69,,Критический сервис остановлен,Критическое с риском отказа
13.14,,,,,,,Все работают,Оптимальное
,,23.42,,67.88,7715.72,80.0,,Оптимальное
18.29,,,,,,127.0,,Хорошее
9.15,84.5,,,84.41,6358.18,,,Критическое
,,31.61,,,,,,Хорошее
44.8,37.51,26.72,176.72,,5792.86,,Все работают,Хорошее
11.02,33.7,45.9,172.56,50.5,1568.11,75.0,,Оптимальное
,,,12.07,46.89,,100.0,Некоторые остановлены,Критическое
,,,928.89,,,,,Оптимальное
,35.04,40.05,439.48,,2523.47,91.0,Все работают,Оптимальное
,34.07,,412.45,,5381.23,,Все работают,Оптимальное
20.16,39.73,35.86,,15.6,614.94,100.0,Все работают,Оптимальное
29.23,,,72.98,64.9,,71.0,Все работают,Хорошее
24.8,92.25,,,92.07,,314.0,,Критическое
,,,,,,152.0,,Хорошее
,46.26,43.05,,,,,,Хорошее
,,24.16,,,,31.0,,Оптимальное
,57.22,51.97,78.25,,3457.18,,,Хорошее
,49.96,53.17,77.71,52.93,4724.12,197.0,Все работают,Хорошее
,31.47,,,,,,,Оптимальное
93.96,99.68,44.08,4.11,98.53,,449.0,,Критическое с риском отказа
,,,,,5264.22,,,Оптимальное
,71.43,99.64,11.7,,8273.56,,,Критическое
,,,,98.99,5545.76,819.0,Все работают,Критическое с риском отказа
96.15,,110.58,,31.38,8471.62,382.0,Все работают,Критическое с риском отказа
97.44,76.03,100.84,74.8,98.39,171.91,,Все работают,Критическое с риском отказа
38.13,40.14,75.91,62.31,,5812.68,,Некоторые остановлены,Критическое
,,51.03,,81.35,,,,Критическое
34.59,48.88,41.3,69.52,,1837.42,100.0,Все работают,Хорошее
,39.85,,624.52,39.65,1677.91,94.0,Все работают,Оптимальное
,67.96,,40.34,18.49,,312.0,,Критическое
17.13,12.62,21.83,728.74,48.38,79.46,,Все работают,Оптимальное
28.5,,,50.31,,,342.0,Все работают,Критическое
3.26,,,,,,,,Оптимальное
37.85,,72.16,775.4,14.64,,,Все работают,Хорошее
,,,,,,,Все работают,Критическое с риском отказа
56.64,4.87,,514.89,72.55,8838.33,92.0,,Хорошее
15.48,7.44,33.79,800.81,,2822.15,,Все работают,Оптимальное
30.0,,,,,,,Некоторые остановлены,Критическое
,,84.32,910.18,99.89,,148.0,Некоторые остановлены,Критическое с риском отказа
,,46.09,,,,,,Критическое с риском отказа
,28.4,,,27.2,6513.19,71.0,Все работают,Оптимальное
7.73,6.97,40.31,209.77,73.69,,,Все работают,Хорошее
,61.54,65.16,54.48,13.18,9851.57,45.0,Некоторые остановлены,Критическое
,,,,,991.21,,,Хорошее
,,,,,,69.0,,Хорошее
,,71.67,,75.34,,42.0,,Хорошее
,,,,,,,Все работают,Оптимальное
21.6,,,,,,,,Оптимальное
21.08,,,,19.08,4418.69,40.0,,Оптимальное
,12.37,28.23,,11.8,5748.4,57.0,Все работают,Оптимальное
,,,,,8101.26,,,Хорошее
3.06,,,,,,81.0,,Оптимальное
,19.97,105.62,5.71,99.13,9912.02,,,Критическое с риском отказа
73.04,99.37,106.42,44.13,,2106.69,918.0,Все работают,Критическое с риском отказа
81.65,,,46.85,14.42,8223.46,102.0,Критический сервис остановлен,Критическое с риском отказа
,,,,,,95.0,,Оптимальное
,20.61,,,,,,,Хорошее
48.29,18.51,24.49,,,,141.0,Все работают,Хорошее
39.93,36.87,39.46,,,,45.0,Все работают,Хорошее
,,39.68,,18.59,5569.97,,Все работают,Оптимальное
15.81,26.55,38.23,221.26,25.83,7343.88,,Все работают,Оптимальное
,,56.01,,,,,Некоторые остановлены,Критическое
,,63.9,,,,438.0,Некоторые остановлены,Критическое
95.23,,119.7,,24.95,311.69,,,Критическое с риском отказа
,38.84,,79.34,,5724.67,,Все работают,Хорошее
,15.88,49.46,350.58,5.95,2561.81,60.0,Все работают,Оптимальное
,,32.74,128.95,,8126.64,188.0,Все работают,Хорошее
,,,,,1092.27,,,Оптимальное
,54.1,51.31,102.9,21.56,4093.01,73.0,Все работают,Критическое
66.62,23.58,41.26,28.96,,8221.0,43.0,Некоторые остановлены,Критическое
,,,,28.38,,,,Критическое
29.05,29.09,,497.19,62.46,803.51,34.0,Все работают,Оптимальное
21.04,,29.05,,14.75,,82.0,Все работают,Оптимальное
2.45,36.14,63.95,,,,,,Хорошее
2.61,6.33,35.19,,73.03,7038.46,91.0,Все работают,Хорошее
,,,,,,85.0,Все работают,Хорошее
28.02,,25.77,884.39,62.08,7038.25,47.0,Все работают,Оптимальное
0.57,17.1,,,,1338.65,41.0,,Оптимальное
,6.38,,,61.57,,,Все работают,Оптимальное
34.09,96.53,80.46,,81.61,,,,Критическое с риском отказа
,4.24,,,,4912.79,83.0,Все работают,Хорошее
,,67.47,63.94,,8267.97,,,Хорошее
31.57,11.56,41.46,63.11,49.34,8994.62,,Все работают,Хорошее
11.68,4.13,27.49,,19.82,3217.93,,Все работают,Оптимальное
,,,,,,30.0,,Оптимальное
,,,,,639.61,,,Хорошее
16.51,62.01,44.5,1.2,99.23,,81.0,Все работают,Критическое с риском отказа
,42.48,,76.92,75.72,8163.12,,Все работают,Хорошее
15.84,1.57,29.69,947.92,55.45,,50.0,Все работают,Оптимальное
,51.7,,530.36,,9148.65,690.0,,Критическое с риском отказа
,94.01,69.85,133.93,,7294.94,479.0,Некоторые остановлены,Критическое
1.07,,,16.2,,9886.93,245.0,,Критическое
,,,,39.6,8822.31,82.0,,Хорошее
,9.33,,,36.19,7274.57,97.0,,Оптимальное
,,76.36,,,,,,Критическое
14.93,,55.42,62.3,,,,,Хорошее
,,60.93,110.58,75.24,3269.97,,Все работают,Критическое
58.0,95.33,49.19,,,,,Некоторые остановлены,Критическое с риском отказа
,86.84,,,,2011.77,,,Критическое
,,,,,,82.0,,Оптимальное
36.37,52.54,,67.88,74.71,7143.81,125.0,Все работают,Хорошее
0.1,65.86,66.45,965.24,,,135.0,Все работают,Хорошее
16.62,27.53,42.32,113.75,36.76,4364.03,,Все работают,Оптимальное
,,32.99,,,,92.0,Все работают,Хорошее
29.89,8.01,33.56,825.67,,7130.65,,Все работают,Оптимальное
,11.87,43.42,,39.94,5159.05,99.0,Все работают,Оптимальное
,11.0,22.41,196.22,39.61,1153.09,37.0,Все работают,Оптимальное
92.69,36.2,105.98,727.75,,,895.0,Критический сервис остановлен,Критическое с риском отказа
,,,,,731.11,147.0,,Хорошее
,,,,,,2.0,,Критическое с риском отказа
9.75,41.13,33.74,69.29,82.62,,136.0,Все работают,Хорошее
42.28,,47.56,19.48,27.74,9077.23,3.0,,Критическое с риском отказа
,12.26,46.27,,21.59,2262.82,,Все работают,Оптимальное
4.24,67.5,21.87,336.21,,,154.0,Все работают,Хорошее
71.39,74.86,34.03,720.7,74.26,9095.1,,Все работают,Критическое
9.9,,,,30.73,7297.45,,Все работают,Оптимальное
,24.4,23.96,425.4,,2815.44,62.0,Все работают,Оптимальное
,,,,99.64,336.53,,,Критическое с риском отказа
,,73.74,,19.23,9853.2,,,Критическое с риском отказа
45.27,,,,,,296.0,,Критическое с риском отказа
27.48,,48.33,,61.53,6121.76,,,Оптимальное
64.93,,23.61,,0.99,2769.88,133.0,Все работают,Критическое
22.01,,,,,,,Все работают,Хорошее
,2.68,,,,3428.19,92.0,,Оптимальное
65.03,33.2,,,,,,,Критическое
,,,62.41,78.71,2886.85,99.0,Все работают,Хорошее
,72.46,24.07,52.43,,8732.04,,Некоторые остановлены,Критическое
,,,,,,53.0,,Хорошее
,7.56,41.9,968.47,12.05,5081.36,85.0,Все работают,Оптимальное
,,,,,,613.0,,Критическое с риском отказа
4.16,,20.71,375.55,,5229.06,67.0,Все работают,Оптимальное
54.13,93.67,79.43,54.16,91.72,2617.83,,,Критическое
,95.47,74.17,,99.85,,,,Критическое с риском отказа
,97.2,,609.12,,,,Все работают,Критическое с риском отказа
,37.08,35.73,,,,42.0,Все работают,Оптимальное
48.47,,47.3,420.19,73.92,,,Все работают,Хорошее
,90.32,38.52,42.27,76.9,9347.19,127.0,Некоторые остановлены,Критическое
20.01,,,766.5,,8882.33,110.0,Все работают,Хорошее
,,39.12,,,,,,Хорошее
,,23.56,956.84,,739.74,,Все работают,Хорошее
,35.55,,532.09,,,,Все работают,Оптимальное
,37.27,21.25,64.74,80.23,,79.0,Все работают,Хорошее
40.65,,,,97.14,6640.94,,,Критическое
76.92,85.39,91.58,,,,,Некоторые остановлены,Критическое
39.14,89.91,61.49,906.52,26.75,,489.0,,Критическое
,,57.77,2.67,94.83,8803.56,,Все работают,Критическое с риском отказа
,38.16,,,6.95,,161.0,,Хорошее
99.38,,,,,,,,Критическое с риском отказа
,,,,,,,Все работают,Критическое
26.91,,,64.22,,7543.88,161.0,,Критическое
,38.16,,68.43,6.95,8637.5,,Все работают,Хорошее
3.47,15.39,21.97,,1.24,7250.35,,,Оптимальное
,,,972.55,,,,,Критическое
,,,,,2560.16,85.0,,Оптимальное
,,,,,,,Все работают,Критическое с риском отказа
,,,,,,,Все работают,Критическое
1.38,48.57,68.88,79.23,80.48,,103.0,,Хорошее
3.48,34.08,25.4,331.06,54.68,6820.87,61.0,,Оптимальное
,,,,99.73,,,,Критическое с риском отказа
85.97,,,,,,,,Критическое
,,24.04,749.62,,1922.21,,,Оптимальное
,,,,,,477.0,Все работают,Критическое
,,,,,5447.38,,Критический сервис остановлен,Критическое с риском отказа
,22.31,31.31,67.99,76.21,8001.5,130.0,Все работают,Хорошее
26.7,59.55,61.32,971.42,,8114.28,117.0,Все работают,Хорошее
91.99,,,,75.87,8140.69,8.0,Критический сервис остановлен,Критическое с риском отказа
49.94,64.47,,959.71,,8953.12,138.0,Все работают,Хорошее
,,,,,1623.15,,,Оптимальное
15.67,15.07,43.42,,,,,,Оптимальное
5.64,,,851.24,,,,Все работают,Оптимальное
37.83,,,,14.91,,,Некоторые остановлены,Критическое с риском отказа
,,112.28,7.12,,,,,Критическое с риском отказа
36.15,60.71,,313.15,,8696.0,,,Хорошее
3.4,17.87,,,,1790.64,,Все работают,Оптимальное
,74.91,,31.84,,,,Все работают,Критическое
,45.92,,318.0,14.54,334.68,88.0,,Хорошее
,,83.39,,,8732.95,5.0,,Критическое с риском отказа
,,,425.4,,2815.44,62.0,,Оптимальное
,,,,67.66,6744.61,,,Хорошее
,98.25,,8.95,,,416.0,,Критическое с риском отказа
,62.47,31.26,,,,90.0,,Критическое
,65.86,,765.48,,,,,Хорошее
75.6,,91.6,,95.97,,73.0,,Критическое
,18.31,,,69.59,7021.0,76.0,,Оптимальное
,53.69,,606.14,79.3,3497.47,81.0,,Хорошее
3.28,5.75,,,,,,Все работают,Оптимальное
,,22.6,,76.14,,150.0,,Хорошее
,,,646.97,,7515.13,,,Оптимальное
,,,,,,,Все работают,Оптимальное
,,35.97,884.88,59.89,,84.0,,Оптимальное
,75.06,48.76,4.58,29.82,74.1,,,Критическое с риском отказа
,,59.86,,12.43,,,,Хорошее
,9.9,,,,6194.35,,,Оптимальное
,,52.17,,,,,,Критическое
10.31,25.16,36.8,,13.07,,43.0,Все работают,Оптимальное
22.29,2.54,43.38,522.62,40.09,,38.0,Все работают,Оптимальное
,39.82,24.26,485.61,58.44,,74.0,,Оптимальное
,45.12,38.2,,,2041.18,,,Хорошее
23.93,12.38,61.45,444.36,,8574.36,48.0,Все работают,Хорошее
,,,,93.01,716.64,157.0,Некоторые остановлены,Критическое с риском отказа
,75.72,83.89,,72.09,,,,Критическое с риском отказа
,20.26,22.16,,,,73.0,Все работают,Оптимальное
,,88.75,,84.35,,,,Критическое
,29.38,,,,5615.41,,,Оптимальное
,19.86,,,,,4.0,,Критическое с риском отказа
29.17,,26.98,534.09,,,40.0,Все работают,Оптимальное
4.43,36.3,27.91,,66.31,,,,Хорошее
,43.21,68.27,45.58,69.77,8094.75,272.0,Все работают,Критическое
45.45,,,,,,,,Критическое
34.71,14.27,31.05,74.19,,,,,Хорошее
,44.01,33.68,446.13,,8846.78,31.0,,Хорошее
,20.26,63.73,,,,,,Хорошее
,88.69,57.21,62.0,77.78,,455.0,Все работают,Критическое
6.28,7.87,30.85,147.84,42.51,3187.48,,Все работают,Оптимальное
24.24,23.17,,,,,93.0,,Оптимальное
,32.55,,,,,,,Оптимальное
45.0,53.76,64.6,58.34,80.75,,163.0,Все работают,Хорошее
65.49,95.61,101.35,,,,,,Критическое с риском отказа
,10.8,33.29,,,7584.27,,,Оптимальное
17.85,9.01,96.7,59.05,66.39,8607.45,,,Критическое
,,,56.98,,,,Все работают,Хорошее
13.18,20.1,21.48,405.18,,3001.78,,,Оптимальное
26.91,11.25,36.67,140.35,,,,Все работают,Оптимальное
0.51,33.81,21.71,438.27,26.58,,,Все работают,Оптимальное
21.35,,33.29,,,7584.27,85.0,,Оптимальное
3.78,29.98,,287.97,,6464.39,72.0,,Оптимальное
,,,,,9274.11,,Все работают,Критическое с риском отказа
,,,,77.82,3377.93,340.0,,Критическое
,,,,,8444.09,,,Хорошее
,,,,19.38,,,Все работают,Хорошее
88.31,,,824.62,,,,,Критическое
47.98,26.46,68.11,78.61,22.55,,36.0,Все работают,Хорошее
,65.25,,,97.74,,75.0,,Критическое
24.07,3.04,,639.66,33.99,7146.1,38.0,Все работают,Оптимальное
19.12,,,77.68,,9109.48,,Все работают,Критическое
78.75,,,,,,,Все работают,Критическое
,46.95,58.01,,,8881.64,131.0,Все работают,Хорошее
,29.5,25.63,,,7378.19,,,Оптимальное
49.39,,,,65.37,,169.0,,Хорошее
,,,,46.23,,,,Оптимальное
55.33,,64.47,148.14,,,,Все работают,Хорошее
4.72,,,65.49,,,202.0,,Критическое
48.02,24.53,44.18,,83.85,8744.45,63.0,Все работают,Хорошее
49.03,,,,,,,Все работают,Хорошее
,,67.13,,,8181.69,198.0,Все работают,Хорошее
,,,,37.29,,,Все работают,Оптимальное
28.58,24.16,65.62,308.1,58.73,9245.4,,Все работают,Критическое с риском отказа
45.34,31.97,72.2,238.02,,8544.77,,,Хорошее
,,108.03,34.95,98.02,8150.49,9.0,,Критическое с риском отказа
20.92,11.48,29.23,52.33,73.29,8780.9,62.0,,Хорошее
,,110.28,,,,,,Критическое с риском отказа
83.72,21.46,113.46,,93.77,8619.55,232.0,Критический сервис остановлен,Критическое с риском отказа
,37.35,47.81,,13.4,,38.0,Все работают,Оптимальное
50.72,85.9,89.8,,,8046.86,208.0,Некоторые остановлены,Критическое
91.83,,,,21.01,,,,Критическое с риском отказа
71.67,,93.87,6.1,99.48,,119.0,Критический сервис остановлен,Критическое с риском отказа
,83.99,63.22,65.17,64.91,9555.14,279.0,Все работают,Критическое
,53.56,,,,,,,Хорошее
,99.76,,,,,,,Критическое с риском отказа
5.13,,20.77,87.0,,3816.54,38.0,Все работают,Оптимальное
86.39,17.54,41.86,516.68,30.83,8121.47,73.0,,Критическое
,,,66.38,,,,,Критическое
52.26,,,,,,152.0,Некоторые остановлены,Критическое
,30.56,26.97,903.39,68.94,2459.22,92.0,Все работают,Оптимальное
,1.89,,,,,,Все работают,Оптимальное
,,,,75.96,,,,Хорошее
,,77.76,,,9576.73,69.0,,Критическое
,,,,,,,Некоторые остановлены,Критическое
,14.31,45.5,756.41,76.87,,179.0,Все работают,Хорошее
,,23.84,,,,136.0,,Хорошее
6.35,95.96,93.29,301.03,84.38,6776.65,161.0,,Критическое с риском отказа
,,,,,,,Все работают,Критическое
,51.52,,73.08,28.54,,,Все работают,Критическое
37.96,14.02,21.44,79.07,83.23,9546.02,,Все работают,Критическое
29.15,1.97,,,,5499.17,,,Оптимальное
37.67,47.19,52.04,,,1236.55,191.0,Все работают,Хорошее
,,31.97,907.64,,168.27,30.0,Все работают,Оптимальное
7.52,16.73,22.46,268.56,8.59,114.39,,Все работают,Оптимальное
20.22,,,898.33,69.21,2643.89,,Все работают,Оптимальное
,42.27,,34.27,99.54,9692.61,914.0,,Критическое с риском отказа
25.11,,108.28,17.03,98.66,8470.13,175.0,Все работают,Критическое с риском отказа
,,,,40.14,52.4,41.0,,Оптимальное
50.0,55.34,,64.92,85.39,,213.0,Все работают,Критическое
95.96,,104.11,175.77,,5439.74,,,Критическое с риском отказа
,42.89,,,,8494.94,468.0,Все работают,Критическое
,,,,,,33.0,,Оптимальное
,,,488.69,63.4,,,,Хорошее
27.52,2.96,31.92,,12.89,,,Все работают,Оптимальное
,10.15,,,,,44.0,,Оптимальное
,7.96,,,30.84,,39.0,,Оптимальное
,,,57.42,84.2,8918.22,,,Хорошее
21.14,,45.56,292.63,11.67,123.12,66.0,Все работают,Оптимальное
7.7,,49.98,301.39,17.67,3840.71,78.0,,Оптимальное
63.43,43.65,64.04,40.63,49.62,8215.66,185.0,,Критическое
20.32,45.8,41.18,63.67,,8565.49,,Все работают,Хорошее
89.81,,,,,,,,Критическое
7.22,11.39,33.24,,66.78,538.51,93.0,Все работают,Оптимальное
,,,,48.93,,,,Оптимальное
1.13,,,282.85,,,92.0,,Оптимальное
,,,,,,,Все работают,Оптимальное
18.84,19.05,23.58,,59.3,4387.93,42.0,Все работают,Оптимальное
3.7,16.17,43.1,53.11,46.24,,45.0,Все работают,Хорошее
,72.75,64.52,19.39,,952.82,244.0,,Критическое
,,,,,,,Все работают,Критическое
,,,,54.44,,,Все работают,Оптимальное
,,61.45,444.36,,8574.36,48.0,Все работают,Хорошее
28.16,3.28,,412.59,,5606.16,86.0,Все работают,Оптимальное
5.58,,21.75,690.24,12.03,1781.44,89.0,,Оптимальное
9.94,,45.43,868.44,31.57,7283.15,,Все работают,Оптимальное
8.11,49.27,71.89,56.42,73.57,7733.91,,,Хорошее
20.56,18.08,,111.38,69.21,,49.0,,Оптимальное
,,42.02,417.26,,8593.92,32.0,Все работают,Хорошее
0.22,57.72,53.92,21.82,,9187.87,109.0,Все работают,Критическое
,42.99,,996.47,,,,,Хорошее
,35.83,49.91,580.7,19.46,,90.0,Все работают,Оптимальное
,,,,35.46,,,Все работают,Критическое
24.25,,88.84,,92.45,2390.82,,,Критическое
13.57,9.13,48.08,,22.31,1317.86,85.0,Все работают,Оптимальное
,,,816.75,,8807.5,,Все работают,Хорошее
34.94,36.92,33.8,534.24,,8254.73,109.0,Все работают,Хорошее
31.89,89.11,99.85,,95.04,9637.59,,Некоторые остановлены,Критическое
20.07,28.13,,250.15,49.27,,67.0,,Оптимальное
9.42,,,404.52,34.59,2956.75,,Все работают,Оптимальное
29.6,,41.74,335.23,48.3,6546.61,93.0,Все работают,Оптимальное
,,32.09,37.79,,,434.0,,Критическое
99.67,92.96,23.3,453.3,,9613.67,48.0,,Критическое с риском отказа
52.68,45.3,55.19,,,,,,Хорошее
19.58,7.75,43.11,156.33,44.69,8110.93,,Все работают,Хорошее
56.77,,57.69,75.72,,5904.25,,,Хорошее
88.85,,,,,9658.04,303.0,Все работают,Критическое
,26.18,56.24,53.89,74.81,5316.04,,Все работают,Хорошее
,79.76,,,,,410.0,,Критическое
,6.24,,,56.52,,157.0,Все работают,Хорошее
55.69,,56.53,74.93,29.58,8390.34,156.0,Все работают,Хорошее
,,,,,,,Все работают,Оптимальное
27.61,44.36,23.14,62.16,,,162.0,,Хорошее
54.31,,38.91,,93.16,4596.6,238.0,,Критическое
32.28,,50.87,118.96,,1113.9,191.0,Все работают,Хорошее
,42.84,,200.26,,,,,Критическое
37.28,43.0,71.06,74.2,,,,,Хорошее
,,65.27,,,,,,Хорошее
,,,,,,,Некоторые остановлены,Критическое
16.87,,,714.0,69.47,8657.93,,,Хорошее
,,20.32,,71.16,1683.61,,,Критическое
,45.34,34.78,69.98,,,,,Хорошее
,,,,28.11,,,,Хорошее
16.95,62.56,58.14,,86.11,255.67,476.0,Все работают,Критическое
12.25,36.09,27.83,,28.37,2459.65,,Все работают,Оптимальное
32.05,42.4,64.89,,57.76,3298.55,84.0,,Хорошее
,,,,,2523.47,91.0,Все работают,Оптимальное
,13.98,25.42,598.19,36.82,7363.31,42.0,,Хорошее
,,60.41,,,,,Все работают,Хорошее
26.02,,38.52,607.79,49.03,,35.0,,Оптимальное
23.02,59.06,,751.38,78.81,2521.18,51.0,,Хорошее
26.99,,33.8,796.97,,1489.81,,,Оптимальное
,,,,,9285.66,448.0,,Критическое
44.27,32.08,30.35,364.77,3.02,8470.65,,Все работают,Хорошее
,,,,69.55,,,,Хорошее
,,21.97,693.98,,,,,Критическое с риском отказа
29.91,57.78,,53.77,76.75,2447.9,188.0,Все работают,Хорошее
,97.64,28.03,,,,,,Критическое с риском отказа
29.45,,,,,,,,Хорошее
16.59,33.7,21.79,571.26,57.58,6862.36,94.0,,Оптимальное
97.03,,32.95,7.12,98.87,3798.97,146.0,Критический сервис остановлен,Критическое с риском отказа
5.66,,36.59,92.38,14.58,7017.92,95.0,Все работают,Оптимальное
43.91,8.87,69.95,45.12,,,388.0,Некоторые остановлены,Критическое
45.98,96.59,,73.69,85.69,8851.5,,Критический сервис остановлен,Критическое с риском отказа
8.93,47.93,,,29.9,8988.76,,,Хорошее
27.34,,,6.11,99.32,,6.0,,Критическое с риском отказа
,,,748.74,17.07,,,,Оптимальное
28.83,29.86,,,,1713.38,,,Критическое
,86.37,,,98.35,,189.0,Критический сервис остановлен,Критическое с риском отказа
,37.39,,37.29,,8242.9,,Все работают,Критическое
,18.69,68.09,,77.76,1788.59,,Все работают,Хорошее
,,,,1.22,,44.0,,Оптимальное
51.55,,63.29,,76.17,1393.82,,,Хорошее
,,,,,8451.99,,,Критическое
79.92,31.14,,41.59,,,93.0,Все работают,Критическое
,,27.25,,,,,Все работают,Критическое
,,48.82,747.16,87.46,,43.0,Некоторые остановлены,Критическое
59.94,45.74,32.6,75.17,70.43,,128.0,Все работают,Хорошее
,0.62,,601.18,,,32.0,,Оптимальное
0.68,7.51,,,,8235.19,44.0,Критический сервис остановлен,Критическое с риском отказа
,,31.84,,,,,,Оптимальное
,,,,,,52.0,,Оптимальное
2.12,,,,,6552.13,,Все работают,Оптимальное
51.66,42.21,,250.36,61.63,,47.0,,Хорошее
,,,989.34,,3502.3,,Все работают,Оптимальное
,29.96,,641.77,,,34.0,,Оптимальное
7.31,,34.13,938.35,56.48,2694.63,68.0,Все работают,Оптимальное
,17.85,,197.86,,2015.0,,Все работают,Хорошее
,,,,86.07,,452.0,Все работают,Критическое
5.87,,,,,,,,Оптимальное
,,75.87,,,,,,Критическое
,28.47,32.95,,,,32.0,,Оптимальное
53.14,90.75,,16.47,88.57,5578.69,,,Критическое с риском отказа
19.91,,,130.11,69.7,3012.82,61.0,Все работают,Оптимальное
,,42.14,80.7,35.46,2086.62,50.0,Все работают,Оптимальное
16.19,,36.44,,,8155.29,,Все работают,Хорошее
9.99,,,750.7,,7507.13,79.0,Все работают,Оптимальное
33.17,,110.82,,75.0,2287.99,2.0,Критический сервис остановлен,Критическое с риском отказа
,,29.44,,,2377.54,,Все работают,Оптимальное
,,,,,,442.0,,Критическое
,14.32,,348.93,,,,,Оптимальное
,11.49,26.94,,,8544.57,60.0,Все работают,Хорошее
24.31,,40.95,207.43,17.17,2107.41,98.0,Все работают,Оптимальное
96.28,65.83,110.05,,,,,Все работают,Критическое с риском отказа
25.23,,,596.6,69.5,7788.12,57.0,Все работают,Оптимальное
64.72,,55.83,,,,,Все работают,Критическое
,,40.92,,,,,,Оптимальное
25.67,31.59,,,13.53,6900.28,55.0,Все работают,Оптимальное
21.11,36.65,33.83,,48.5,6663.0,80.0,Все работают,Оптимальное
33.26,46.56,58.2,189.33,74.64,8892.04,71.0,,Хорошее
19.25,,32.7,679.11,15.28,1253.05,59.0,Все работают,Оптимальное
12.97,,,692.21,11.96,6398.97,66.0,,Оптимальное
86.65,64.63,,12.52,,,,,Критическое
51.72,51.64,24.28,690.42,,4519.17,69.0,Все работают,Хорошее
23.76,,39.82,,,2916.63,323.0,Некоторые остановлены,Критическое
,,,384.42,,,86.0,,Оптимальное
,27.44,23.23,,74.72,,83.0,Все работают,Хорошее
,,48.88,513.0,46.17,3233.76,41.0,Все работают,Оптимальное
50.99,,,,,,195.0,,Хорошее
,,26.16,,,,,,Хорошее
44.14,18.15,114.89,66.75,,8966.36,82.0,Некоторые остановлены,Критическое с риском отказа
,,26.04,784.43,,7390.27,,Все работают,Оптимальное
5.55,,,715.88,63.29,7660.84,93.0,Все работают,Оптимальное
,24.6,44.9,669.7,8.44,,,,Оптимальное
84.06,,,846.79,,5079.14,454.0,Все работают,Критическое
28.58,24.16,65.62,308.1,58.73,,826.0,,Критическое с риском отказа
,,,115.9,46.73,7876.42,41.0,Все работают,Оптимальное
34.48,,58.34,,,,108.0,Все работают,Хорошее
,,,,,,52.0,,Оптимальное
,,,,47.72,,158.0,,Хорошее
,15.55,45.93,,,,,,Оптимальное
17.31,58.64,54.68,69.88,,3451.6,56.0,Некоторые остановлены,Критическое
,37.4,40.49,,79.05,9937.82,429.0,Некоторые остановлены,Критическое
7.02,34.35,34.26,,16.51,6444.99,,Все работают,Оптимальное
,,,,,,51.0,,Оптимальное
39.6,,,,75.45,,87.0,,Хорошее
,20.42,,,,8473.24,164.0,,Хорошее
91.74,,95.4,235.63,98.56,6115.09,70.0,Критический сервис остановлен,Критическое с риском отказа
7.58,31.33,41.73,,,,82.0,Все работают,Оптимальное
95.79,97.71,89.62,,79.71,,8.0,Все работают,Критическое с риском отказа
,,66.38,,83.59,,185.0,,Хорошее
,,,,,8021.52,,,Критическое
18.81,19.22,,420.01,45.53,6151.37,65.0,Все работают,Оптимальное
,29.98,28.58,,,,,,Оптимальное
4.07,36.1,36.52,,82.79,8442.88,86.0,,Хорошее
,,,26.51,90.45,8081.13,,,Критическое
,,40.22,,85.97,8235.73,,Критический сервис остановлен,Критическое с риском отказа
,34.34,,,,3014.84,,,Оптимальное
,28.34,45.9,778.91,53.04,537.47,94.0,,Оптимальное
,2.81,,,,,,,Критическое
32.43,93.8,35.69,49.1,85.26,8162.83,46.0,,Критическое
6.16,24.63,36.06,902.1,,1660.5,54.0,Все работают,Оптимальное
,,47.96,,,,,,Оптимальное
,44.48,67.36,939.51,,8390.92,108.0,,Хорошее
,,,,6.38,5609.63,,,Оптимальное
,85.17,,79.97,99.3,8907.76,,Некоторые остановлены,Критическое с риском отказа
24.86,14.94,30.9,494.76,,7061.27,,Все работают,Оптимальное
,,,,83.35,,,,Хорошее
,,,787.08,,,,,Оптимальное
,,,,10.7,,,,Критическое
,,,,,70.86,57.0,Все работают,Оптимальное
46.6,27.56,,58.48,39.61,9033.64,140.0,Некоторые остановлены,Критическое
2.69,36.11,118.12,,,3420.92,,Все работают,Критическое с риском отказа
,,,,,,190.0,,Критическое
,9.73,,96.18,,8642.68,199.0,,Хорошее
41.96,48.79,72.17,9.0,87.53,8272.84,470.0,,Критическое с риском отказа
0.31,,,,,4294.18,41.0,Все работают,Оптимальное
4.56,20.21,74.59,61.87,84.91,,183.0,Все работают,Хорошее
8.64,,23.52,,,6668.68,,,Оптимальное
18.04,,65.99,889.32,,6433.88,123.0,Все работают,Хорошее
48.86,96.52,47.78,51.59,99.05,,829.0,Некоторые остановлены,Критическое с риском отказа
14.53,,,659.23,,,,Все работают,Оптимальное
,6.98,48.75,,71.21,8458.01,168.0,Все работают,Хорошее
2.74,33.43,,247.9,,,86.0,Все работают,Оптимальное
,,25.28,459.32,8.96,,99.0,Все работают,Оптимальное
,,72.23,,,,,,Критическое
,,,24.36,,,,,Критическое
,61.81,,130.88,71.08,8168.72,,Все работают,Хорошее
15.22,10.58,,309.05,33.31,,88.0,Все работают,Оптимальное
,,,,,6776.65,161.0,,Критическое с риском отказа
38.15,74.28,77.18,45.15,,8410.1,479.0,Все работают,Критическое
,,,307.62,,,,,Оптимальное
62.58,,,966.76,,,226.0,,Критическое
94.37,95.72,,,,,2.0,,Критическое с риском отказа
28.41,28.76,44.46,420.04,,,,Все работают,Оптимальное
,,,,6.89,,,,Хорошее
4.04,5.69,,,,3792.64,82.0,Все работают,Оптимальное
60.24,,91.92,951.18,87.45,8906.72,,,Критическое
11.12,,32.84,402.74,5.71,2117.29,50.0,Все работают,Оптимальное
28.7,,44.8,,54.44,52.28,54.0,Все работают,Оптимальное
,,91.51,907.46,59.68,,60.0,Некоторые остановлены,Критическое
,75.79,,1.91,92.65,9789.66,,Некоторые остановлены,Критическое с риском отказа
,,,,,,75.0,,Хорошее
,49.27,,,,7733.91,,,Хорошее
,67.58,,,,8041.28,,,Критическое
36.5,,,,,,199.0,Все работают,Хорошее
87.89,,,15.0,,8867.45,130.0,,Критическое
,,66.08,0.11,,8839.95,90.0,Все работают,Критическое с риском отказа
81.03,,,,,9473.99,,,Критическое
57.63,92.88,106.62,,90.12,8352.44,281.0,Все работают,Критическое с риском отказа
48.18,46.26,43.05,699.62,,,,Все работают,Хорошее
0.07,65.51,,,70.46,2738.14,105.0,Все работают,Хорошее
33.83,,,,,,,,Хорошее
25.42,35.3,30.98,604.66,38.73,4034.04,,Все работают,Оптимальное
23.02,,,,,,,,Хорошее
56.41,,,,,,190.0,,Хорошее
,42.99,,,,,,,Хорошее
56.93,54.53,,,66.13,,,,Хорошее
17.56,33.26,,743.8,6.87,,51.0,Все работают,Оптимальное
98.75,,92.1,,,,,Критический сервис остановлен,Критическое с риском отказа
36.15,,40.18,74.37,,8649.94,126.0,,Хорошее
31.08,,,,18.77,,119.0,,Критическое
19.32,26.16,,,,,,Все работают,Оптимальное
6.16,,48.93,768.64,,,61.0,,Оптимальное
60.48,42.98,29.92,60.72,94.97,8646.71,,Все работают,Критическое
25.32,,,74.71,,,,,Хорошее
,,70.29,,90.41,8489.74,,,Критическое
7.06,1.97,76.62,15.55,77.98,6567.31,,Некоторые остановлены,Критическое
,26.42,,72.29,,,,Все работают,Критическое с риском отказа
49.16,,49.2,378.55,40.93,8008.93,49.0,,Критическое
,,,79.28,,8474.72,,Все работают,Хорошее
43.66,,27.01,59.55,,8495.33,,,Хорошее
32.22,3.32,,73.86,,,56.0,Все работают,Хорошее
22.84,6.38,,889.28,,,,,Оптимальное
79.77,96.45,,,93.92,,,,Критическое с риском отказа
11.29,,88.62,33.05,91.54,9251.39,166.0,Все работают,Критическое
,,,75.93,92.83,9715.6,204.0,Все работают,Критическое
,,,,,,103.0,,Критическое
,,,,,5759.69,,,Оптимальное
22.3,20.54,32.87,763.23,52.16,,57.0,Все работают,Оптимальное
21.1,24.69,30.61,448.65,,65.77,68.0,Все работают,Оптимальное
,,62.94,6.08,99.8,,3.0,,Критическое с риском отказа
,,47.58,,,,,Все работают,Оптимальное
,,,704.39,,,,Все работают,Критическое с риском отказа
21.24,24.1,,,,,,,Оптимальное
,,,228.93,40.05,6861.44,,Все работают,Оптимальное
85.99,,,584.66,81.9,9453.44,202.0,,Критическое
,9.28,33.99,266.39,28.42,,,,Оптимальное
20.76,,,,,,,Все работают,Хорошее
,,,20.4,81.12,5831.48,95.0,Все работают,Критическое
,,46.81,616.04,34.02,,41.0,,Оптимальное
87.59,,32.25,53.43,21.93,9395.83,75.0,Все работают,Критическое
,,,,54.44,,54.0,,Оптимальное
,,,523.54,,,,,Оптимальное
8.79,,34.71,375.79,21.41,,41.0,Все работают,Оптимальное
,,,542.96,,,71.0,,Оптимальное
14.03,,,,,,,,Оптимальное
,,24.52,,,,,Некоторые остановлены,Критическое
,27.94,83.8,,44.9,9630.16,201.0,,Критическое
49.08,67.87,,,,6450.2,119.0,,Хорошее
,64.47,90.56,,,8666.79,,,Критическое с риском отказа
83.09,,,,81.35,,467.0,,Критическое
,20.08,,,83.05,55.65,165.0,Все работают,Хорошее
,9.77,,,13.99,,,Все работают,Оптимальное
,,,804.16,87.15,,307.0,,Критическое
,11.58,45.5,820.36,,,,,Хорошее
,19.05,23.58,412.43,59.3,4387.93,,,Оптимальное
,,,131.98,7.63,6567.67,35.0,,Оптимальное
,24.61,,355.79,,3002.17,,Все работают,Оптимальное
4.13,15.7,40.71,285.77,0.0,7999.8,,,Оптимальное
45.13,,103.42,,,5668.44,586.0,,Критическое с риском отказа
,,,,,,,Все работают,Хорошее
9.69,17.88,23.73,,8.46,,,,Оптимальное
77.93,79.64,22.33,,86.33,,,,Критическое
,,,240.99,,,75.0,,Хорошее
,,,,,,,Все работают,Оптимальное
27.77,,41.55,658.91,19.84,3185.1,51.0,Все работают,Оптимальное
49.98,62.97,81.66,5.86,98.64,,170.0,Критический сервис остановлен,Критическое с риском отказа
,,,,,,,Все работают,Оптимальное
10.03,,,,18.1,,,Все работают,Оптимальное
10.67,66.21,43.23,65.06,97.28,,262.0,Некоторые остановлены,Критическое
,,,413.51,72.78,,46.0,Все работают,Хорошее
23.4,36.31,,449.37,32.19,1280.42,,Все работают,Оптимальное
,,,,,9850.04,93.0,,Критическое
,,,,,,344.0,,Критическое
,5.11,57.78,,,458.54,,Все работают,Хорошее
,41.92,,896.91,42.25,193.98,103.0,Все работают,Хорошее
,,,61.31,,,102.0,,Хорошее
,,,245.34,11.09,4297.76,125.0,Все работают,Хорошее
26.15,,,135.34,,,,,Оптимальное
,81.08,,47.02,,9753.7,147.0,Все работают,Критическое
27.87,21.06,44.87,204.28,20.39,,44.0,Все работают,Оптимальное
,23.72,,,,,,Все работают,Критическое
33.61,49.96,53.17,77.71,52.93,4724.12,,Все работают,Хорошее
,,,,72.98,8367.6,,,Хорошее
,39.51,21.87,,,2158.78,48.0,,Оптимальное
,,,19.07,99.69,8281.34,,,Критическое с риском отказа
54.33,65.13,39.34,53.03,,8862.68,92.0,Все работают,Хорошее
47.06,69.82,54.72,,,,,,Хорошее
,46.35,,,93.78,,,,Критическое
96.8,,44.51,334.2,98.11,8336.39,,Некоторые остановлены,Критическое с риском отказа
,26.73,,583.18,,7604.19,43.0,,Оптимальное
,30.92,30.71,,,,,Все работают,Оптимальное
,,89.58,,25.31,8005.0,102.0,Критический сервис остановлен,Критическое с риском отказа
,36.42,32.04,896.58,51.39,,,,Оптимальное
34.6,,,,,,,,Хорошее
36.48,,47.27,,71.39,9472.35,,,Критическое
22.67,24.43,,700.14,32.58,7822.3,34.0,Все работают,Оптимальное
10.97,,41.94,,6.3,1838.85,,,Оптимальное
18.21,12.69,,,41.07,8636.84,134.0,Все работают,Хорошее
51.82,63.26,57.25,440.96,,,79.0,Все работают,Хорошее
,,76.2,,,,874.0,,Критическое с риском отказа
32.87,61.67,,50.83,,953.26,46.0,Все работают,Хорошее
65.3,28.9,98.64,44.8,95.62,,279.0,,Критическое
40.44,65.39,39.34,,29.99,,,Все работают,Хорошее
,,,268.56,,,,,Оптимальное
29.09,25.77,32.57,,,3351.6,47.0,Все работают,Оптимальное
,37.38,,255.25,65.3,267.88,,,Оптимальное
,,,,,,119.0,,Критическое
,65.08,98.5,224.26,90.51,,230.0,,Критическое
,,,118.06,,762.22,91.0,,Оптимальное
48.22,13.39,25.54,53.12,,8745.1,94.0,Все работают,Хорошее
62.68,,,757.04,,9571.99,487.0,Некоторые остановлены,Критическое
,1.35,,,,,,,Критическое с риском отказа
,,,405.99,32.7,,99.0,Все работают,Оптимальное
,,,,37.61,,68.0,,Оптимальное
,,98.1,,,3538.09,117.0,,Критическое
20.65,,57.97,,88.99,,,,Критическое
,23.17,37.85,733.2,,,,Все работают,Оптимальное
69.89,96.23,,477.08,61.48,358.55,0.0,Критический сервис остановлен,Критическое с риском отказа
,,,,,,61.0,,Критическое
,,38.87,,,,,,Оптимальное
,,,,40.59,,,,Оптимальное
93.17,74.33,34.19,5.46,74.19,,,,Критическое с риском отказа
,,31.54,,32.26,,,,Оптимальное
24.7,93.15,,,99.03,9317.13,42.0,,Критическое с риском отказа
,95.82,65.38,761.61,,,,,Критическое с риском отказа
4.28,,,,,,,,Критическое
,,72.96,78.91,,,44.0,,Хорошее
2.29,,34.63,,,,,Все работают,Оптимальное
1.07,37.27,21.25,,80.23,1390.32,,,Хорошее
2.64,,52.5,404.4,71.34,8628.59,188.0,Все работают,Хорошее
,,27.07,881.48,19.05,,,,Оптимальное
59.35,,,,,,124.0,Все работают,Хорошее
,,94.11,,89.92,,466.0,,Критическое
14.07,60.61,,,23.3,,,,Хорошее
20.02,,,,,,51.0,Все работают,Оптимальное
32.35,,48.19,,7.92,6274.8,,,Хорошее
,,,,,,114.0,,Хорошее
,,,53.51,,9679.24,,,Критическое
21.38,,,,61.03,,,,Оптимальное
,,,,,2846.61,,,Оптимальное
47.18,10.19,59.93,,83.26,7220.06,171.0,Все работают,Хорошее
19.16,,,,60.0,,,,Оптимальное
32.28,5.94,,,,1113.9,,Все работают,Хорошее
,,119.34,468.8,3.38,,302.0,Все работают,Критическое с риском отказа
96.47,,,,,9479.68,967.0,,Критическое с риском отказа
3.51,46.55,,,,1378.88,,,Хорошее
29.83,,20.42,76.81,,8323.55,,Все работают,Хорошее
,,91.63,,,,,Все работают,Критическое
,32.23,30.29,465.79,,1785.35,40.0,,Оптимальное
84.58,31.43,34.59,812.76,,4392.85,199.0,Все работают,Критическое
,,60.72,,,,,,Критическое
,34.08,,699.61,42.0,6890.88,,Все работают,Оптимальное
,,,51.84,,,,Все работают,Хорошее
54.47,,,68.77,,,,,Хорошее
0.52,34.03,35.59,,49.5,,55.0,Все работают,Оптимальное
18.52,14.79,35.72,555.61,49.95,,,Все работают,Оптимальное
61.71,92.88,43.65,23.96,6.08,9428.82,,Некоторые остановлены,Критическое
,,41.34,,,,,,Хорошее
,14.91,,,70.26,,79.0,Некоторые остановлены,Критическое
94.57,,40.22,,,,,,Критическое с риском отказа
9.24,30.88,51.67,73.12,40.22,8479.8,,Все работают,Хорошее
,,99.76,,88.67,,,,Критическое
55.33,64.9,64.47,148.14,75.96,,,Все работают,Хорошее
1.23,13.92,44.32,,,,76.0,Все работают,Оптимальное
,,,,,9825.34,,,Критическое
85.89,81.63,,60.89,,,277.0,,Критическое
,35.09,36.0,709.64,25.59,,83.0,Все работают,Оптимальное
,49.63,31.12,,,1117.42,,,Критическое
45.63,37.77,,,85.01,,,,Критическое с риском отказа
,,,,,,,Все работают,Оптимальное
,0.11,33.85,194.47,,6893.37,91.0,Все работают,Оптимальное
8.86,17.68,23.04,563.51,,,42.0,Все работают,Оптимальное
,29.38,,,28.1,,64.0,Все работают,Оптимальное
,,,,96.75,9558.05,198.0,,Критическое
,58.37,,359.36,,7164.14,456.0,Все работают,Критическое
67.84,79.9,31.52,612.4,48.82,,,,Критическое
,,,,,,43.0,,Критическое
,91.49,,75.78,95.33,,239.0,Некоторые остановлены,Критическое
14.44,,23.96,166.19,5.95,,,,Оптимальное
,,,,,8263.93,,,Критическое
,,,,,,,Все работают,Оптимальное
40.62,,30.64,,28.75,8155.63,160.0,,Хорошее
,,29.01,,,,,Все работают,Оптимальное
,42.69,,,,,,Все работают,Хорошее
31.39,51.29,54.41,240.25,56.91,313.07,,Все работают,Хорошее
25.91,6.05,,241.58,4.41,8678.55,168.0,Все работают,Хорошее
95.89,,77.75,551.56,99.99,8070.93,82.0,Критический сервис остановлен,Критическое с риском отказа
,,80.37,,,,,,Критическое
76.92,,91.58,10.45,,8385.25,,Некоторые остановлены,Критическое
,67.37,,655.46,,9186.19,,Все работают,Критическое
9.42,34.33,41.23,,56.75,199.18,61.0,Все работают,Оптимальное
17.3,47.67,47.8,,,8540.88,405.0,Некоторые остановлены,Критическое
,,,50.69,,,133.0,,Хорошее
,43.14,,,,8376.94,30.0,,Критическое с риском отказа
4.4,,,64.36,,,,Все работают,Хорошее
,36.14,29.36,,73.31,,117.0,Все работают,Хорошее
80.3,99.64,,,99.17,9768.23,,Все работают,Критическое с риском отказа
,,,,,,42.0,,Хорошее
,22.0,25.58,407.67,,2346.45,,,Оптимальное
,25.34,51.82,622.03,74.23,8886.17,,,Хорошее
8.6,,,,88.81,,,Все работают,Критическое
4.95,41.19,38.22,,83.77,4420.38,172.0,Все работают,Хорошее
25.1,,,706.33,,,60.0,Все работают,Оптимальное
14.21,35.91,70.05,61.62,,,,Все работают,Хорошее
,67.87,,,,6450.2,,,Хорошее
,17.83,44.52,,,,,,Оптимальное
,,,,,,,Все работают,Оптимальное
21.08,3.6,,233.72,19.08,4418.69,40.0,,Оптимальное
,,63.16,43.48,,,285.0,Все работают,Критическое
,,,510.7,,6021.42,,,Хорошее
,,,73.8,54.88,8739.8,96.0,,Хорошее
29.88,78.73,,259.68,,8999.42,378.0,Все работают,Критическое
21.02,,40.7,479.99,,322.33,83.0,,Оптимальное
11.36,22.38,,554.46,4.43,,70.0,Все работают,Оптимальное
54.26,,26.16,55.26,,4204.12,86.0,Все работают,Хорошее
,9.72,95.92,361.28,,,,,Критическое
1.51,21.33,54.4,57.01,47.37,,105.0,Все работают,Хорошее
,,,,,2698.81,38.0,,Оптимальное
39.78,99.34,89.91,,98.63,,,Критический сервис остановлен,Критическое с риском отказа
3.73,,39.58,,,,,Все работают,Критическое
28.96,26.64,,,,,,,Оптимальное
,21.29,36.85,,46.47,,,,Оптимальное
,5.11,57.78,,,458.54,,,Хорошее
,88.61,,,,,163.0,,Критическое
15.56,81.85,62.21,,,,,Все работают,Критическое
,30.68,,776.55,,,97.0,Все работают,Оптимальное
80.76,75.59,58.71,20.38,,9584.6,240.0,Критический сервис остановлен,Критическое с риском отказа
,,,,,,55.0,,Оптимальное
,29.52,,,,8221.06,210.0,Все работают,Критическое
57.97,41.17,64.1,299.65,80.42,5805.49,41.0,,Хорошее
64.24,,70.35,32.98,,8104.11,107.0,Некоторые остановлены,Критическое
29.75,45.76,,,,,,Все работают,Хорошее
,,,,,,,Все работают,Критическое с риском отказа
,,,,,,51.0,,Оптимальное
,,44.43,782.03,,,,Все работают,Оптимальное
,,,,56.31,,,,Оптимальное
29.99,38.72,33.43,,99.52,,197.0,,Критическое с риском отказа
,,,,,,36.0,,Оптимальное
89.93,75.05,20.41,,91.61,8828.12,421.0,Некоторые остановлены,Критическое
,68.64,,,,8284.7,,,Критическое
5.55,,,,63.29,,,Все работают,Оптимальное
,,24.08,130.06,,4574.51,93.0,Все работают,Оптимальное
,30.86,43.72,686.85,31.6,7654.95,91.0,Все работают,Оптимальное
13.46,32.57,38.55,,12.21,,,,Оптимальное
,,43.74,736.61,0.73,7723.01,53.0,Все работают,Оптимальное
,,,,,8169.26,38.0,,Хорошее
,,,5.5,48.19,8636.83,,,Критическое с риском отказа
4.64,2.22,50.32,,25.81,336.25,,Все работают,Хорошее
58.61,,,,49.47,8442.21,36.0,,Критическое с риском отказа
1.75,1.01,,695.23,,8130.0,119.0,Некоторые остановлены,Критическое
3.57,,37.03,207.75,84.01,8388.2,,Все работают,Хорошее
1.37,,117.3,0.38,86.35,,36.0,Некоторые остановлены,Критическое с риском отказа
,22.62,79.05,787.62,21.56,9288.78,46.0,Все работают,Критическое
,53.49,,,73.23,,75.0,,Хорошее
26.21,,,451.98,27.4,,,,Оптимальное
32.78,97.51,44.12,,97.65,8519.32,10.0,Некоторые остановлены,Критическое с риском отказа
,,,,,7587.71,,Некоторые остановлены,Критическое
,91.49,52.03,75.78,95.33,5012.97,239.0,Некоторые остановлены,Критическое
,68.58,,45.62,,9959.97,,,Критическое с риском отказа
51.95,7.4,,,49.2,,120.0,Все работают,Хорошее
21.98,,,,27.01,,,Все работают,Оптимальное
52.72,13.87,98.23,,87.62,9438.21,334.0,,Критическое
94.8,,108.49,61.27,43.21,9446.37,,,Критическое с риском отказа
34.46,60.53,,66.53,,,,Все работают,Хорошее
85.57,35.6,,37.57,,2218.57,,,Критическое
,,,,,8858.18,,Все работают,Хорошее
12.53,,30.35,192.97,29.01,3519.77,47.0,Все работают,Оптимальное
15.17,,,804.16,,,307.0,Все работают,Критическое
,,,,69.18,,,,Оптимальное
,63.57,,,82.79,2520.9,53.0,,Хорошее
27.89,13.42,98.74,71.59,98.24,8403.15,,Некоторые остановлены,Критическое с риском отказа
11.72,4.32,25.93,323.52,34.88,,65.0,,Оптимальное
37.24,,,,,,,,Хорошее
9.86,21.04,,620.78,,5275.38,30.0,Все работают,Оптимальное
,,68.09,786.12,,1788.59,,Все работают,Хорошее
,45.75,32.99,57.36,,,89.0,Все работают,Хорошее
14.34,19.84,,,7.44,,,,Оптимальное
21.1,,38.6,,88.5,8640.0,364.0,Некоторые остановлены,Критическое
57.62,,,864.47,,,112.0,,Критическое
21.92,96.88,,48.77,89.53,,487.0,Критический сервис остановлен,Критическое с риском отказа
29.43,,,,51.8,1816.76,54.0,Все работают,Оптимальное
,53.17,,976.3,90.07,,,,Критическое
,95.11,31.94,43.39,,9845.82,,,Критическое с риском отказа
96.78,,105.2,543.27,30.89,6935.62,,Все работают,Критическое с риском отказа
27.93,,23.77,,51.32,,35.0,Все работают,Оптимальное
57.93,82.54,93.63,63.04,,9916.12,,Все работают,Критическое
,19.82,43.1,186.22,,,39.0,Все работают,Оптимальное
,92.46,58.79,69.23,82.84,,,Все работают,Критическое
,,88.92,71.26,,3254.6,,,Критическое с риском отказа
15.37,21.9,49.2,,,586.63,,,Оптимальное
,,,962.22,,,,,Оптимальное
20.08,25.63,27.43,52.06,75.28,,193.0,,Хорошее
,,,,,,,Все работают,Хорошее
,,,,,,335.0,,Критическое
82.88,67.89,92.79,,12.46,,350.0,,Критическое
,21.18,52.73,962.25,3.72,,,Все работают,Критическое
,,39.27,,,5569.74,,,Оптимальное
,45.76,45.88,,3.71,,,Все работают,Хорошее
11.69,,29.77,,,,,,Оптимальное
,,,850.29,,,185.0,Все работают,Хорошее
,71.01,,17.14,,,183.0,,Критическое
,,,694.4,27.02,8680.83,102.0,Все работают,Хорошее
21.08,18.79,24.23,851.92,52.48,,90.0,Все работают,Оптимальное
29.05,29.09,24.7,497.19,62.46,,34.0,Все работают,Оптимальное
,,20.63,661.74,,,31.0,Все работают,Оптимальное
16.39,,,138.61,7.57,2754.47,60.0,,Оптимальное
,,,,,4044.51,,,Критическое
,97.24,,2.21,87.41,9591.22,41.0,Все работают,Критическое с риском отказа
,13.02,,,,,,,Оптимальное
27.16,,49.66,,39.63,,66.0,,Оптимальное
,41.15,44.87,,77.04,,,Все работают,Хорошее
5.61,,56.64,,,,,,Критическое
8.93,47.93,,521.49,29.9,8988.76,181.0,Все работают,Хорошее
,,82.23,,,,48.0,,Критическое
28.52,,36.83,423.44,,2476.55,67.0,Все работают,Оптимальное
,75.09,58.85,135.21,35.04,966.03,117.0,Некоторые остановлены,Критическое
,,,,,,,Некоторые остановлены,Критическое
48.29,,24.49,336.46,,,141.0,Все работают,Хорошее
14.87,7.82,53.63,109.94,17.87,,194.0,Все работают,Хорошее
19.65,,,,72.32,8876.53,,Все работают,Хорошее
15.89,,,,,,,,Хорошее
25.73,,102.19,,,,,Некоторые остановлены,Критическое с риском отказа
58.93,,,,,,,,Хорошее
,,28.38,914.29,66.28,,,Все работают,Оптимальное
44.7,,,,,,,,Хорошее
8.56,33.89,,,,,,,Оптимальное
,,,,22.62,,60.0,,Оптимальное
,,,,,8429.87,,Все работают,Хорошее
,,47.78,51.59,,8695.8,,,Критическое с риском отказа
,23.38,46.02,,,,34.0,,Оптимальное
,77.91,77.53,35.58,,8264.68,,Все работают,Критическое
,,,822.95,,,,,Оптимальное
,38.01,,,,1937.9,41.0,Все работают,Оптимальное
,7.57,44.49,391.1,65.75,,89.0,Все работают,Оптимальное
,,65.48,,,,85.0,,Критическое
,7.9,34.49,734.51,12.2,,79.0,Все работают,Оптимальное
,7.24,,,,,,,Оптимальное
,,51.69,57.65,80.23,3835.87,88.0,Все работают,Хорошее
13.32,37.24,24.05,864.52,10.31,,,,Оптимальное
39.41,,,59.66,,2108.32,70.0,,Хорошее
93.56,42.7,110.13,,99.71,7033.82,77.0,Некоторые остановлены,Критическое с риском отказа
26.08,47.27,,,,8435.81,,,Хорошее
,56.93,,,84.3,,132.0,Все работают,Хорошее
,,,56.46,,,,Все работают,Хорошее
17.89,,,63.51,77.5,8254.69,109.0,Все работают,Хорошее
,39.57,,,,,,,Оптимальное
,,42.2,,23.57,,,,Оптимальное
49.82,,,51.58,,8379.8,,,Критическое
,,44.33,578.42,,6062.16,46.0,Все работают,Оптимальное
,,,74.53,,,340.0,Все работают,Критическое
30.76,36.51,,,39.94,,,Все работают,Хорошее
,,,,74.13,,44.0,,Хорошее
11.68,0.67,,635.66,9.45,3117.11,60.0,Все работают,Оптимальное
40.38,,,,95.67,9211.06,,Все работают,Критическое
,,,268.56,,7677.65,33.0,Все работают,Оптимальное
,,49.61,674.48,36.02,,,,Оптимальное
,14.76,,,,8535.12,,,Хорошее
29.42,0.26,,724.51,40.43,8119.52,157.0,Все работают,Хорошее
5.17,,,,16.65,,135.0,Все работают,Хорошее
,,,,,3560.93,38.0,,Хорошее
34.71,,,,71.85,,187.0,,Хорошее
,,,55.98,,,,,Хорошее
,,74.07,54.33,,,,Все работают,Хорошее
,85.01,,,,,,Все работают,Критическое
,,,,,8537.74,,Все работают,Хорошее
,,,77.71,13.65,209.33,80.0,Все работают,Хорошее
,58.08,,77.26,,6979.06,,,Хорошее
,,,,88.69,,,,Критическое
55.0,26.37,22.71,,,8935.48,166.0,Все работают,Хорошее
5.84,12.66,42.36,649.62,49.85,2949.67,,Все работают,Оптимальное
22.91,,44.36,,,1549.58,,,Хорошее
,52.36,26.54,43.26,90.43,,74.0,,Критическое
,75.27,76.36,,77.14,8379.8,,,Критическое
27.77,,41.55,,,,,,Оптимальное
,26.91,29.77,509.62,,,,,Оптимальное
,6.24,65.64,,56.52,557.97,157.0,Все работают,Хорошее
,,,,31.85,,,,Оптимальное
,,,34.37,,,32.0,Некоторые остановлены,Критическое
,,,,,,,Все работают,Оптимальное
,50.92,,65.25,73.7,7830.67,196.0,Все работают,Хорошее
,,61.81,72.84,35.4,9141.42,186.0,Некоторые остановлены,Критическое
55.81,,,69.46,79.3,7985.5,174.0,,Хорошее
42.15,36.64,,20.86,82.38,8541.63,347.0,Некоторые остановлены,Критическое
,,,,92.58,,,,Критическое
12.34,31.17,,618.76,0.47,,,Все работают,Оптимальное
,,62.77,773.84,,,,Все работают,Хорошее
,50.07,24.35,54.63,3.71,6946.03,120.0,Все работают,Хорошее
70.3,24.34,61.71,11.63,12.25,8403.03,,Некоторые остановлены,Критическое
9.65,,,989.41,,5174.3,,Все работают,Оптимальное
19.5,43.93,47.83,,,7338.29,82.0,Некоторые остановлены,Критическое
,,46.35,52.28,,,187.0,Все работают,Хорошее
,,45.58,,,,,,Оптимальное
,,,906.76,18.37,,,Все работают,Хорошее
,29.49,40.13,,,,85.0,Все работают,Оптимальное
,36.67,,,,,,,Критическое
69.76,74.68,56.74,24.64,73.16,9365.08,343.0,,Критическое
25.55,22.0,25.58,,,2346.45,32.0,Все работают,Оптимальное
97.47,52.03,,,83.62,,,,Критическое с риском отказа
,,,,,,105.0,Все работают,Хорошее
,,,,97.04,,,,Критическое
,19.41,,169.09,,8473.23,,Все работают,Хорошее
50.99,62.84,20.78,,,8713.08,195.0,,Хорошее
,42.37,71.45,56.84,32.0,162.34,47.0,Все работают,Критическое
93.11,1.35,,725.66,,8587.19,194.0,,Критическое с риском отказа
,,,217.7,,3207.31,,Все работают,Оптимальное
58.32,58.05,,,,,,,Хорошее
26.15,,,,,,,Все работают,Оптимальное
,,,392.48,,,,Все работают,Оптимальное
,45.54,105.08,33.1,11.19,,8.0,Все работают,Критическое с риском отказа
26.04,63.78,56.76,60.87,,,140.0,,Хорошее
23.61,13.32,,952.81,16.66,1087.55,84.0,Все работают,Оптимальное
,95.41,99.43,63.96,98.64,8196.54,8.0,Критический сервис остановлен,Критическое с риском отказа
,,68.33,,71.83,124.83,41.0,Все работают,Хорошее
13.06,2.98,,,,7520.12,58.0,,Оптимальное
54.67,5.74,,990.12,,,184.0,Все работают,Хорошее
20.11,,67.81,53.4,,,147.0,,Хорошее
24.59,,39.82,167.47,,7179.57,32.0,Все работают,Оптимальное
2.21,34.24,,,0.93,,33.0,Все работают,Оптимальное
28.18,68.65,,,73.57,4914.9,47.0,Все работают,Хорошее
26.35,20.26,,958.98,,2768.87,73.0,Все работают,Оптимальное
,,49.5,2.1,,,,,Критическое с риском отказа
,32.55,23.95,,39.04,310.5,,Все работают,Оптимальное
37.09,,67.3,60.8,,,148.0,Все работают,Хорошее
19.77,,,,81.89,9959.43,8.0,,Критическое с риском отказа
,,31.99,925.67,38.11,14.92,,Все работают,Оптимальное
13.91,37.35,22.37,745.5,,6704.28,43.0,Все работают,Оптимальное
16.62,,,,,,,,Оптимальное
17.71,,22.28,113.37,,,,Все работают,Оптимальное
,,,191.89,,,,,Оптимальное
,,,,,,,Некоторые остановлены,Критическое с риском отказа
80.85,12.38,,,,5769.65,,,Критическое
44.55,,,,,,132.0,,Критическое
,,,11.55,,3189.11,50.0,Все работают,Критическое
,,,,71.39,,,Все работают,Хорошее
50.06,96.76,,,,5357.0,,Все работают,Критическое с риском отказа
28.63,12.92,,,2.81,,74.0,,Оптимальное
,17.52,,,73.32,,428.0,Все работают,Критическое
,,26.09,,,,,,Хорошее
,62.81,,,83.45,,,,Хорошее
10.62,,40.88,155.06,88.02,9730.85,166.0,Все работают,Критическое
9.17,26.52,,749.2,,854.62,35.0,Все работают,Оптимальное
,,,495.59,,,42.0,,Оптимальное
24.7,11.24,,,,5809.44,,Все работают,Оптимальное
2.7,,33.49,,,3991.98,,Все работают,Оптимальное
,58.27,80.39,41.73,88.99,8541.18,314.0,Критический сервис остановлен,Критическое с риском отказа
,5.73,,,,,,,Оптимальное
,5.02,,645.97,14.67,2224.38,57.0,Все работают,Оптимальное
6.28,,,68.76,,5372.13,,Все работают,Хорошее
22.95,73.34,96.91,37.16,,1540.66,,Некоторые остановлены,Критическое
95.63,,111.48,45.13,85.81,9830.27,,Критический сервис остановлен,Критическое с риском отказа
,34.75,,,59.65,,99.0,,Оптимальное
,,54.18,,45.12,,75.0,,Хорошее
,,,,89.82,,,,Критическое
,,83.92,,,,,,Критическое с риском отказа
,,108.04,,,8703.23,,Все работают,Критическое с риском отказа
28.75,7.67,47.1,153.83,,620.45,86.0,Все работают,Оптимальное
,45.75,,,,,195.0,Все работают,Хорошее
17.69,,51.03,,,3347.62,,,Хорошее
,,,,,,43.0,,Оптимальное
,,25.6,,38.97,3225.69,81.0,Все работают,Оптимальное
,,,,91.61,,,Некоторые остановлены,Критическое
,39.94,,732.14,34.34,,32.0,Все работают,Оптимальное
,,,,,,895.0,,Критическое с риском отказа
33.99,59.75,46.08,462.54,72.22,,,Все работают,Хорошее
31.04,69.15,69.89,,73.13,,90.0,Все работают,Хорошее
52.77,80.88,,,,,,,Критическое
47.32,,,37.79,84.25,,,Некоторые остановлены,Критическое
12.1,,,812.94,,4983.28,,,Оптимальное
,42.37,,71.31,83.32,,,,Хорошее
7.33,,71.68,642.26,,8611.01,,Все работают,Хорошее
,,31.44,,,,,,Хорошее
3.62,19.66,,,60.31,153.8,85.0,,Оптимальное
,,59.96,72.86,77.32,,199.0,Все работают,Хорошее
17.31,33.88,42.1,505.3,,7911.08,87.0,Все работают,Оптимальное
,,,593.89,72.11,,,Все работают,Хорошее
59.27,97.25,106.61,,5.12,9484.74,278.0,,Критическое с риском отказа
7.82,33.73,,892.84,44.33,4127.64,97.0,Все работают,Оптимальное
,,33.14,,,8843.38,127.0,Все работают,Хорошее
26.2,,42.18,,,,46.0,,Оптимальное
,,65.32,,,,56.0,,Хорошее
,25.41,,77.89,48.01,,46.0,Все работают,Хорошее
17.27,,,33.51,75.58,8282.03,341.0,,Критическое
5.39,27.0,63.91,,,8748.81,188.0,Все работают,Хорошее
,0.48,33.57,477.55,56.95,6799.75,70.0,Все работают,Оптимальное
,34.56,,,,,,Все работают,Оптимальное
8.89,,81.86,721.62,,8872.72,440.0,,Критическое
,,,727.31,,,,,Критическое с риском отказа
,,,,43.41,,135.0,Все работают,Критическое
,,,115.2,,3261.05,,,Оптимальное
,,,,,8711.81,,Все работают,Хорошее
1.11,59.13,,905.28,,8259.54,,,Хорошее
55.29,59.75,42.44,195.7,,4471.24,116.0,Все работают,Хорошее
,,,184.11,,4135.6,90.0,,Оптимальное
36.1,84.67,104.16,59.53,99.25,1287.17,,,Критическое с риском отказа
56.93,54.53,,,,,,,Хорошее
10.02,,,,,,66.0,,Хорошее
,0.4,,,,,,,Оптимальное
,,,,65.1,5837.76,,Все работают,Оптимальное
18.5,27.87,27.08,,,6592.06,61.0,,Оптимальное
26.39,19.36,43.27,241.79,45.81,,84.0,Все работают,Оптимальное
,,,,,,134.0,,Хорошее
,50.57,48.17,,,,,,Хорошее
,,,77.25,,,112.0,,Хорошее
10.34,,49.58,58.61,53.61,9374.46,,Все работают,Критическое
96.89,65.0,27.39,7.48,99.69,2950.92,9.0,,Критическое с риском отказа
2.12,,,,,8160.99,117.0,Все работают,Критическое
59.83,,,,,8340.77,155.0,Все работают,Хорошее
5.4,,54.18,,,2611.72,,,Хорошее
,41.54,32.72,665.15,17.34,8138.2,,Все работают,Хорошее
10.94,,27.16,,,2347.68,,,Оптимальное
,28.72,38.23,,17.49,4374.71,,,Оптимальное
68.12,61.99,86.69,,,9360.76,,Некоторые остановлены,Критическое
,,,,,8508.34,,Критический сервис остановлен,Критическое с риском отказа
,26.48,,77.39,80.41,1531.11,,,Хорошее
,53.58,43.99,,,1448.72,,,Хорошее
88.44,,,815.12,86.31,9181.1,409.0,Все работают,Критическое
1.73,0.5,,296.42,,807.33,58.0,,Оптимальное
12.31,,,,,8952.37,143.0,Все работают,Критическое
80.99,,,3.43,98.57,8503.65,990.0,Все работают,Критическое с риском отказа
,,96.49,,,,391.0,Все работают,Критическое
12.17,16.45,38.68,315.62,36.34,1673.91,,Все работают,Оптимальное
30.92,11.18,45.57,55.48,78.9,8140.35,181.0,,Хорошее
31.58,,,,82.32,8588.61,37.0,Все работают,Хорошее
12.86,19.49,26.96,457.15,,233.85,61.0,Все работают,Оптимальное
,,30.87,,,,,Критический сервис остановлен,Критическое с риском отказа
,,,,,6278.59,,,Оптимальное
37.02,,,,,,,,Хорошее
,,22.28,113.37,,,,,Оптимальное
21.17,,,,64.06,7086.94,,,Хорошее
16.78,30.32,48.17,,0.66,51.49,,Все работают,Оптимальное
31.73,,,,81.16,,,,Хорошее
13.46,,,,,,,Все работают,Оптимальное
14.04,,40.58,763.28,,,33.0,,Оптимальное
74.32,,98.62,14.12,,,,,Критическое
,16.66,,,,,,,Оптимальное
,18.66,,,,,67.0,,Оптимальное
,,79.85,78.96,,,,,Критическое
66.0,85.14,47.32,47.93,75.44,9600.28,,Все работают,Критическое
20.61,,34.34,162.94,74.65,1705.5,,,Хорошее
,,,,,5161.08,,,Хорошее
,,20.66,138.14,,,,,Оптимальное
,,,,,8137.35,,,Критическое
74.45,86.32,36.31,15.58,34.93,,444.0,Некоторые остановлены,Критическое
30.67,79.77,33.08,,90.54,9007.68,72.0,,Критическое
,25.18,27.66,,,,,,Оптимальное
31.29,,,,,8498.45,,Критический сервис остановлен,Критическое с риском отказа
9.39,29.65,36.6,,16.1,9499.3,331.0,Все работают,Критическое
,28.56,,,,,,Все работают,Оптимальное
,,,,11.77,8549.73,,,Критическое
10.79,4.16,,68.89,31.03,8070.54,43.0,Все работают,Хорошее
47.22,,,,,8119.26,176.0,Все работают,Хорошее
,16.17,43.1,53.11,,8049.92,45.0,Все работают,Хорошее
,,,,,,873.0,,Критическое с риском отказа
,,,,53.66,8142.02,,,Хорошее
19.4,38.84,,,,,,,Оптимальное
34.3,92.59,97.69,12.29,93.66,,60.0,,Критическое
27.04,12.26,,,,,,,Оптимальное
,,,,,8825.23,,,Хорошее
45.85,73.48,86.66,65.1,78.63,8344.69,197.0,,Критическое
13.92,87.03,,,,,139.0,Все работают,Критическое
50.13,52.18,,66.76,72.96,,,,Хорошее
,35.88,,,,,,,Оптимальное
,23.17,,,,,79.0,,Оптимальное
,,55.19,52.52,83.81,57.44,,Все работают,Хорошее
40.68,,,325.46,59.88,8230.14,,,Хорошее
,35.76,72.14,,47.42,7943.17,,Все работают,Хорошее
,20.41,,,17.18,,,,Оптимальное
,,,,,,,Все работают,Критическое
,,,77.69,,,323.0,Все работают,Критическое
,34.04,,661.29,,,142.0,,Хорошее
12.98,,,964.45,,,98.0,,Оптимальное
50.9,,56.32,622.51,72.44,1290.05,,,Хорошее
15.74,,,483.19,14.76,4355.0,,,Оптимальное
9.73,,,,,,,,Оптимальное
14.95,46.95,58.01,604.88,75.34,,131.0,Все работают,Хорошее
10.51,25.15,,,,4741.11,,Все работают,Оптимальное
98.99,,23.53,,32.48,9923.38,250.0,,Критическое с риском отказа
17.23,,66.44,47.71,74.21,8167.71,282.0,Некоторые остановлены,Критическое
35.91,,58.95,75.97,,6585.85,114.0,Все работают,Хорошее
,,,,,5159.0,,,Хорошее
17.31,33.88,,,,,,,Оптимальное
,95.43,,28.6,,230.73,30.0,,Критическое с риском отказа
34.35,,20.06,,,8581.56,111.0,,Хорошее
,,,,,9825.45,,,Критическое с риском отказа
9.86,21.04,33.03,620.78,6.0,5275.38,,Все работают,Оптимальное
,,,677.65,,,83.0,Все работают,Хорошее
,,95.49,77.34,,,,Некоторые остановлены,Критическое
,,,,,,89.0,,Оптимальное
26.36,7.25,43.48,937.51,58.82,,,Все работают,Оптимальное
,21.97,,,,,,,Хорошее
16.39,28.09,,643.36,48.0,,,Все работают,Оптимальное
,,,,62.4,,,,Оптимальное
50.18,16.45,67.14,71.76,70.51,,45.0,,Хорошее
,,84.37,,,,,,Критическое с риском отказа
1.28,15.52,,,,3013.28,,Все работают,Оптимальное
2.19,,30.48,67.99,12.61,8680.82,44.0,,Хорошее
43.77,41.54,26.29,,91.15,9789.4,,Все работают,Критическое
,,39.25,,25.76,,,,Оптимальное
19.67,,21.86,,,,,Все работают,Оптимальное
,0.51,46.59,958.25,2.92,6965.0,80.0,Все работают,Оптимальное
,19.32,,832.48,9.72,597.01,80.0,,Оптимальное
18.07,35.09,36.0,709.64,25.59,,83.0,Все работают,Оптимальное
,,,283.26,54.58,6789.18,,,Хорошее
,,,193.22,7.12,8608.93,,Все работают,Хорошее
32.7,40.18,67.94,,,7915.19,149.0,Все работают,Хорошее
,72.93,,41.15,96.31,4980.51,131.0,Все работают,Критическое
,0.18,,400.43,44.88,3638.19,51.0,Все работают,Оптимальное
26.64,6.75,,559.02,38.06,,,Все работают,Оптимальное
,,,916.51,,,6.0,,Критическое с риском отказа
,,,233.83,,2013.6,93.0,,Оптимальное
60.92,,30.15,621.24,80.98,,,,Критическое
25.79,14.31,45.5,756.41,76.87,,,Все работают,Хорошее
41.17,,69.38,72.51,84.22,7417.23,66.0,,Хорошее
,,32.03,892.67,,,,Все работают,Оптимальное
,,,,,1937.9,,,Оптимальное
,22.99,,765.5,,,91.0,Все работают,Оптимальное
,29.74,,,,,,,Критическое
44.47,81.6,80.41,886.85,94.47,,297.0,Все работают,Критическое
58.98,19.2,,21.65,,8289.09,,Некоторые остановлены,Критическое
87.89,76.28,,,,,,Все работают,Критическое
56.85,90.56,,,,8624.77,,Все работают,Критическое
,,39.55,,,2004.0,51.0,,Оптимальное
49.1,47.23,59.81,,73.42,5142.73,63.0,Все работают,Хорошее
,40.12,70.11,,79.95,,,,Хорошее
,41.79,,,,,,Все работают,Критическое
22.44,,,,,,,,Оптимальное
58.37,,,,,,39.0,,Критическое
32.76,56.47,68.72,,5.71,,31.0,Все работают,Хорошее
,,36.64,649.15,,4858.92,,,Оптимальное
25.5,,,,73.62,,,,Хорошее
,,100.8,14.27,98.7,5048.27,923.0,Все работают,Критическое с риском отказа
93.61,96.57,79.41,7.71,,5263.93,,Все работают,Критическое с риском отказа
,,,,,5264.7,297.0,,Критическое
60.39,85.51,,41.05,76.73,9186.98,8.0,Все работают,Критическое с риском отказа
,5.95,,,,,61.0,Все работают,Оптимальное
5.47,50.36,58.74,399.44,82.61,,62.0,Все работают,Хорошее
39.41,21.41,48.98,69.71,,,,Все работают,Хорошее
25.75,7.5,,,,3246.06,,Все работают,Оптимальное
3.24,37.16,48.24,624.73,48.8,,,Все работают,Оптимальное
19.98,,59.27,,32.19,,,,Хорошее
,,,507.75,37.75,6050.77,58.0,,Оптимальное
,,,993.86,,1000.82,,,Оптимальное
28.58,80.22,,15.96,99.54,8059.29,440.0,Все работают,Критическое с риском отказа
68.8,89.62,,,,9904.15,,Все работают,Критическое
,29.5,,339.25,,,,,Хорошее
6.06,,,9.71,,,,Все работают,Критическое с риском отказа
,12.24,,69.44,85.49,9388.06,292.0,Все работают,Критическое
16.62,,23.84,,,8305.5,136.0,Все работают,Хорошее
,,71.23,65.24,95.35,8391.48,92.0,,Критическое
,61.47,,,,,,,Хорошее
,,42.13,,,,57.0,,Оптимальное
,50.64,66.8,58.04,,5010.71,105.0,Все работают,Хорошее
26.64,,,,38.06,701.99,,Все работают,Оптимальное
93.85,,,,,,,,Критическое с риском отказа
11.63,12.12,,,1.32,,,,Оптимальное
26.95,,,,,1670.11,,Все работают,Оптимальное
13.93,22.48,,873.72,9.97,3059.3,,Все работают,Оптимальное
26.04,,,,,,,Все работают,Оптимальное
,37.78,26.27,,,,,,Оптимальное
38.81,97.16,88.4,69.52,,8100.46,,Критический сервис остановлен,Критическое с риском отказа
2.02,43.87,66.69,,83.08,,99.0,Все работают,Хорошее
,,,,,8530.32,88.0,,Хорошее
,,,884.39,,7038.25,,,Оптимальное
30.66,94.68,,,24.48,,480.0,Все работают,Критическое
31.5,,,,,2629.29,,,Хорошее
,78.8,65.79,,,,,,Критическое
50.0,,23.24,,,9830.31,213.0,Все работают,Критическое
,,,,,,,Все работают,Оптимальное
99.07,76.28,73.86,66.02,74.74,9557.95,,Все работают,Критическое с риском отказа
17.11,59.26,50.62,,77.06,,49.0,Все работают,Хорошее
,48.57,68.88,,80.48,3634.35,,Все работают,Хорошее
,,47.29,356.16,,,,Все работают,Оптимальное
,,45.14,68.81,83.14,8224.63,,Все работают,Хорошее
,12.49,,165.55,,,186.0,Все работают,Хорошее
45.97,,,38.85,70.41,,,,Критическое
10.32,,38.07,,53.27,850.31,86.0,Все работают,Оптимальное
,63.78,,,26.18,8102.11,140.0,,Хорошее
,,,137.76,83.54,,,Все работают,Хорошее
35.2,,25.2,408.92,,,,Все работают,Хорошее
,,55.35,408.89,,,81.0,Все работают,Хорошее
,36.14,88.75,612.72,,,396.0,Все работают,Критическое
,97.76,,7.8,97.21,8670.76,,Некоторые остановлены,Критическое с риском отказа
,,20.44,54.21,,3952.85,,,Хорошее
,30.08,,494.35,65.93,,54.0,,Оптимальное
,,,,,8467.79,,,Хорошее
30.23,95.43,,,,,,,Критическое с риском отказа
22.3,,,763.23,52.16,4453.4,,,Оптимальное
,,25.7,,,,,,Оптимальное
,,,,,,,Все работают,Хорошее
5.2,,109.81,463.07,98.78,8024.83,,,Критическое с риском отказа
2.03,30.29,112.21,,96.61,3320.87,,Критический сервис остановлен,Критическое с риском отказа
27.31,,,,,,31.0,,Оптимальное
39.34,,67.19,,78.64,6533.6,192.0,Все работают,Хорошее
24.32,,87.98,70.12,89.3,7899.86,,Критический сервис остановлен,Критическое с риском отказа
36.54,,72.4,555.65,72.65,8777.42,,Все работают,Хорошее
21.77,,95.18,48.1,96.16,9423.84,283.0,Все работают,Критическое
62.88,57.95,,266.89,99.04,,,,Критическое с риском отказа
27.83,,,71.55,,3664.94,41.0,,Хорошее
40.02,,64.94,802.34,,8777.31,,,Хорошее
,45.69,,,,4628.02,,Все работают,Критическое с риском отказа
15.83,27.27,,,51.21,875.49,58.0,Все работают,Оптимальное
69.49,,37.11,118.89,91.1,9709.51,144.0,Все работают,Критическое
,,,,,,117.0,Все работают,Хорошее
,5.73,,,14.02,1862.96,65.0,,Оптимальное
,,63.16,,82.68,,,,Хорошее
31.95,62.59,,,,8213.65,102.0,,Хорошее
64.62,,,313.7,,,,,Критическое
9.23,1.36,31.1,983.64,36.21,,,Все работают,Оптимальное
,,,,,1067.17,,,Критическое
60.74,98.15,86.21,,89.78,,890.0,Все работают,Критическое с риском отказа
47.13,,,51.25,47.51,8323.69,,,Хорошее
15.54,,27.24,,,352.15,126.0,Все работают,Хорошее
97.7,53.49,94.56,2.7,,9348.68,8.0,Критический сервис остановлен,Критическое с риском отказа
9.16,21.72,43.2,967.57,,3996.23,76.0,Все работают,Оптимальное
72.14,90.92,,25.64,,,,,Критическое
28.16,3.28,,412.59,,5606.16,86.0,Все работают,Оптимальное
39.93,36.87,,73.83,32.8,8880.63,45.0,Все работают,Хорошее
12.13,,,,78.37,,156.0,Все работают,Хорошее
58.85,,,,,,,Все работают,Хорошее
,,,,,5322.03,190.0,,Хорошее
,12.13,33.05,215.26,,,,Все работают,Оптимальное
,20.61,,73.56,23.25,8126.83,33.0,Все работают,Хорошее
7.76,,,,,,,,Оптимальное
,10.76,26.93,,59.16,1879.06,42.0,Все работают,Оптимальное
26.95,34.7,,225.78,30.48,1670.11,72.0,,Оптимальное
,,,,,,87.0,Все работают,Оптимальное
24.38,,42.77,,61.11,,,,Оптимальное
38.32,43.78,,686.59,83.0,3240.61,46.0,Все работают,Хорошее
,,44.89,,50.06,3812.96,44.0,,Оптимальное
,35.75,,,74.33,,,,Хорошее
19.81,,47.73,685.9,93.78,9239.35,39.0,,Критическое
,,,6.21,98.54,9488.88,296.0,,Критическое с риском отказа
,95.06,,,99.42,,83.0,Некоторые остановлены,Критическое с риском отказа
42.12,64.2,66.77,,,8907.38,34.0,Все работают,Хорошее
78.55,75.8,51.37,,,9726.98,96.0,Некоторые остановлены,Критическое
,,,,,8624.44,131.0,Все работают,Критическое
4.59,,,,,,,,Оптимальное
,28.94,73.69,,,8338.43,194.0,,Хорошее
,67.48,52.76,65.54,22.06,1743.04,,Все работают,Хорошее
,,,621.01,8.38,2883.99,58.0,Все работают,Оптимальное
,,110.28,,78.59,,,Критический сервис остановлен,Критическое с риском отказа
,,,188.45,35.24,,63.0,,Оптимальное
21.08,18.79,,851.92,,,90.0,,Оптимальное
63.9,9.07,93.68,53.21,76.25,9189.62,,Все работают,Критическое
,,,,87.49,9808.41,93.0,,Критическое
71.25,,,,85.28,,,,Критическое
2.17,32.96,39.27,900.1,,,87.0,,Оптимальное
8.09,24.75,42.69,,,7741.73,,Все работают,Оптимальное
,,,,,,,Все работают,Критическое
18.67,,,971.7,50.59,,,,Хорошее
46.63,53.49,,230.04,92.91,,136.0,Все работают,Критическое
,34.85,35.9,,,8193.76,,Все работают,Хорошее
,,,64.29,,,,,Хорошее
95.45,,,942.15,74.1,,10.0,Некоторые остановлены,Критическое с риском отказа
,,63.46,58.79,,8477.15,,Все работают,Хорошее
,48.2,,,,,,Все работают,Хорошее
0.46,,,777.67,18.08,,62.0,Все работают,Оптимальное
27.83,,,,93.86,,62.0,,Критическое
,,41.55,,,5631.77,,,Оптимальное
,,,169.03,36.51,,,,Оптимальное
,47.05,,,80.54,2010.04,78.0,Все работают,Хорошее
,,,,,8523.17,,,Хорошее
71.4,88.61,29.46,,56.92,,163.0,Все работают,Критическое
82.55,,116.1,67.99,,,212.0,Некоторые остановлены,Критическое с риском отказа
5.94,68.04,45.83,876.23,,8286.72,168.0,,Хорошее
,17.1,,138.14,63.6,1338.65,41.0,,Оптимальное
,,,297.47,,,,,Оптимальное
18.54,,43.29,,19.27,,84.0,Все работают,Оптимальное
,,95.38,,,,,,Критическое
4.14,67.64,56.03,,73.55,,71.0,Все работают,Хорошее
12.25,,,,,,,Все работают,Оптимальное
92.41,,,,99.2,,,Критический сервис остановлен,Критическое с риском отказа
75.36,75.54,39.39,,81.22,,230.0,Все работают,Критическое
21.52,10.11,,,56.23,,,,Оптимальное
81.42,9.21,49.2,997.63,,,,Некоторые остановлены,Критическое
38.13,,45.85,374.64,,8113.16,118.0,Все работают,Хорошее
29.71,1.72,,265.74,6.45,4578.44,79.0,,Оптимальное
,83.72,61.81,72.84,35.4,9141.42,186.0,Некоторые остановлены,Критическое
3.57,,,,,8388.2,,Все работают,Хорошее
,39.52,,,,,37.0,Все работают,Оптимальное
8.86,,23.04,,64.47,7005.36,,,Оптимальное
11.82,55.36,49.55,60.46,,8846.8,109.0,,Хорошее
9.71,39.25,46.99,,,299.35,,Все работают,Оптимальное
56.25,,,,,,,,Хорошее
,,,,13.22,,,,Хорошее
,,,45.2,,,318.0,Все работают,Критическое
,45.48,58.37,67.45,69.7,,,,Хорошее
57.93,35.76,72.14,143.38,47.42,7943.17,67.0,,Хорошее
,28.75,,,80.18,,,,Хорошее
,51.64,24.28,,,4519.17,69.0,,Хорошее
11.77,,,,,5648.19,,Все работают,Оптимальное
,91.27,,,,5962.75,,,Критическое
,,,75.97,86.88,8976.42,44.0,,Критическое
0.83,24.9,,831.68,57.32,,54.0,,Оптимальное
86.64,,77.14,26.21,90.98,1469.38,,Все работают,Критическое
,36.9,51.63,41.87,13.54,9754.37,85.0,Все работают,Критическое
,,,63.09,71.54,,,,Хорошее
95.2,,,468.8,3.38,,,,Критическое с риском отказа
54.25,,61.99,,49.99,8994.22,51.0,Все работают,Хорошее
,,24.54,,29.81,,51.0,Все работают,Оптимальное
,63.53,51.16,345.08,,474.14,174.0,Все работают,Хорошее
,66.28,,,92.58,9191.34,,,Критическое
27.33,16.48,,,56.54,7350.17,63.0,,Оптимальное
4.13,,,,,,,,Оптимальное
,,31.6,,,8292.96,136.0,Все работают,Хорошее
,,75.47,43.04,,8954.71,328.0,Некоторые остановлены,Критическое
,65.86,,,,,135.0,,Хорошее
3.73,2.63,44.97,725.69,11.25,,45.0,,Оптимальное
,,,971.27,39.34,968.79,,,Оптимальное
37.09,9.92,,,,,148.0,Все работают,Хорошее
,,43.65,822.42,,,96.0,,Оптимальное
80.74,,95.43,63.61,30.14,8919.28,155.0,Некоторые остановлены,Критическое
,51.26,,,84.25,,,,Критическое
,,,,21.84,,,,Хорошее
7.01,3.72,44.51,734.6,39.45,6445.31,,Все работают,Оптимальное
98.53,,91.49,24.7,72.72,8019.72,,,Критическое с риском отказа
11.33,38.39,,966.33,17.79,1742.44,80.0,Все работают,Оптимальное
,30.41,,17.96,93.5,8284.86,,,Критическое
,1.05,27.36,,,6860.25,,Все работают,Оптимальное
24.12,45.88,,,54.97,,,Все работают,Хорошее
6.13,21.38,23.26,165.78,,214.71,79.0,Все работают,Оптимальное
55.44,,,,,,,Все работают,Критическое
,12.63,44.79,840.88,,5065.64,36.0,,Оптимальное
,,,,61.7,,,,Оптимальное
10.1,,25.65,,,,88.0,Все работают,Оптимальное
77.35,,85.08,34.19,92.01,7499.74,,Все работают,Критическое
30.09,,54.26,,77.64,,,,Хорошее
6.03,,,785.19,25.84,,84.0,,Оптимальное
,,,,,8568.49,41.0,,Хорошее
,,96.53,55.38,73.48,8422.22,155.0,Все работают,Критическое
,88.59,88.92,15.82,81.18,,,,Критическое
40.33,,58.61,,79.53,6158.02,,,Хорошее
,,,,99.42,,,,Критическое с риском отказа
,3.43,,,,3308.53,89.0,,Оптимальное
,33.2,99.79,628.35,85.61,,,Все работают,Критическое
,37.26,,,40.02,,48.0,,Оптимальное
4.2,37.39,,37.29,90.86,,,,Критическое
,,,,56.31,,,,Оптимальное
,,,,82.36,,682.0,,Критическое с риском отказа
,,,,41.23,,87.0,,Оптимальное
34.71,,,74.19,71.85,5208.11,,,Хорошее
,16.6,35.51,285.06,,6206.11,56.0,Все работают,Оптимальное
33.2,,,79.54,7.81,,,,Хорошее
,41.15,,55.41,76.94,,,Все работают,Хорошее
80.83,,,37.12,,8707.2,985.0,Все работают,Критическое с риском отказа
,,,10.8,,,477.0,Все работают,Критическое
,52.33,,897.85,,9257.31,,Все работают,Критическое
,75.32,,,,,,,Критическое
24.6,86.88,31.16,56.99,,9495.02,473.0,Критический сервис остановлен,Критическое с риском отказа
69.34,66.95,,,,,493.0,,Критическое
,2.9,,704.39,,724.61,6.0,,Критическое с риском отказа
24.59,29.43,,,35.42,,69.0,Все работают,Оптимальное
0.1,65.86,66.45,965.24,77.67,,,,Хорошее
6.61,29.8,45.92,,,2581.63,56.0,Все работают,Оптимальное
72.7,,,,,,,Некоторые остановлены,Критическое с риском отказа
95.74,,,6.57,,9586.96,,,Критическое с риском отказа
10.58,59.83,,,,,104.0,Все работают,Хорошее
,,,,,7896.72,,Все работают,Оптимальное
,,,,,,385.0,,Критическое
2.45,,63.95,,81.09,7437.71,144.0,Все работают,Хорошее
,,53.77,71.06,80.3,6434.81,150.0,,Хорошее
,68.02,,206.7,,,,,Хорошее
86.8,74.72,29.25,11.05,95.13,,,,Критическое
38.32,43.78,37.98,686.59,83.0,3240.61,,,Хорошее
88.69,55.67,41.83,972.59,,3628.93,325.0,Некоторые остановлены,Критическое
,,,,,,82.0,,Хорошее
14.01,24.87,,136.54,26.54,,57.0,Все работают,Оптимальное
9.76,12.42,,67.81,74.73,8632.99,30.0,,Хорошее
86.9,70.55,64.79,,,,146.0,Некоторые остановлены,Критическое
,,54.77,498.05,39.33,3082.76,,,Хорошее
,1.84,,588.64,,2170.06,,,Оптимальное
,,,,,,30.0,,Оптимальное
12.25,36.09,,383.8,28.37,2459.65,,Все работают,Оптимальное
,,,,76.59,,,,Хорошее
10.27,54.05,46.16,64.55,,,,,Хорошее
18.06,48.65,,,,8095.83,,Все работают,Хорошее
86.0,,,2.85,76.65,,,Критический сервис остановлен,Критическое с риском отказа
27.42,6.59,37.46,159.13,,,71.0,,Оптимальное
,26.44,55.05,,,,,,Хорошее
13.14,,35.9,79.37,70.58,8193.76,68.0,,Хорошее
,,54.25,,99.06,8432.05,,Критический сервис остановлен,Критическое с риском отказа
,13.08,,877.06,,4778.22,,Все работают,Оптимальное
,50.98,,836.85,76.05,6097.99,,Все работают,Хорошее
9.51,46.69,69.26,997.04,17.1,2075.54,107.0,,Хорошее
11.52,12.3,31.12,216.44,,5900.92,85.0,Все работают,Оптимальное
27.38,34.07,,,,5381.23,,,Оптимальное
2.8,35.88,,,,,,Все работают,Оптимальное
73.44,90.93,,243.91,26.28,3302.21,223.0,Все работают,Критическое
,,,,,9489.59,136.0,,Критическое
17.85,13.7,62.57,,99.27,8146.04,195.0,Критический сервис остановлен,Критическое с риском отказа
11.88,,64.39,928.21,36.7,,78.0,Все работают,Хорошее
,,,,82.5,,69.0,,Хорошее
28.13,27.35,47.71,,6.09,5646.03,50.0,,Оптимальное
,44.74,,51.44,49.5,,40.0,Все работают,Хорошее
18.83,,41.65,927.01,13.58,3042.92,79.0,,Оптимальное
41.23,,116.27,47.57,7.63,7190.78,,Критический сервис остановлен,Критическое с риском отказа
8.5,55.59,60.81,890.22,,8185.59,85.0,,Хорошее
,85.9,,,,,,Некоторые остановлены,Критическое
,42.97,37.67,,70.2,8864.19,94.0,,Хорошее
,,,,,,52.0,Все работают,Хорошее
,,,,53.24,1346.56,,,Оптимальное
88.91,,,483.57,96.61,,399.0,Все работают,Критическое
,31.45,,,56.7,2102.83,33.0,,Оптимальное
,97.1,,,,,,Критический сервис остановлен,Критическое с риском отказа
,44.3,,,,8126.18,93.0,,Хорошее
23.54,35.82,41.4,681.28,,,69.0,Все работают,Оптимальное
44.13,97.28,107.26,9.11,,8428.89,6.0,Все работают,Критическое с риском отказа
,34.18,52.69,911.9,,,76.0,,Хорошее
,29.89,29.32,560.24,,2984.35,37.0,Все работают,Оптимальное
,10.99,,409.24,74.3,4023.94,79.0,Все работают,Хорошее
6.19,65.25,58.64,54.39,,,87.0,Все работают,Хорошее
78.35,82.61,,33.42,91.03,9915.15,43.0,Все работают,Критическое
,,,392.16,,,,,Оптимальное
,36.87,39.46,73.83,32.8,8880.63,45.0,Все работают,Хорошее
,,54.33,66.22,,,38.0,,Хорошее
,29.52,86.2,544.63,11.81,9117.87,182.0,Некоторые остановлены,Критическое
11.01,1.76,29.66,,7.21,7802.66,52.0,Все работают,Оптимальное
,,101.22,,,,,,Критическое с риском отказа
,72.3,77.16,,,8236.36,,Некоторые остановлены,Критическое
25.2,61.15,,74.27,8.25,,,,Хорошее
,,,,,,92.0,,Оптимальное
,,111.39,44.23,,8851.8,,Некоторые остановлены,Критическое с риском отказа
,,,532.01,63.2,,,,Оптимальное
,14.51,,713.95,50.56,4298.42,,Все работают,Оптимальное
,26.07,45.95,384.1,63.37,7614.96,54.0,Все работают,Оптимальное
97.36,96.46,37.6,146.57,,9253.98,,Все работают,Критическое с риском отказа
,14.65,,78.96,94.61,9203.89,221.0,,Критическое
13.43,9.24,48.24,,,5550.12,69.0,Все работают,Оптимальное
26.16,,,,,8814.71,,Все работают,Хорошее
87.47,99.41,109.47,,99.01,3061.37,402.0,,Критическое с риском отказа
9.07,,33.77,72.71,21.15,7043.04,,Все работают,Хорошее
,39.88,,470.81,59.03,,86.0,,Оптимальное
12.64,24.2,46.93,214.69,28.45,5381.98,,Все работают,Оптимальное
,,,668.8,,,,,Оптимальное
,,22.46,,,,,,Оптимальное
41.65,61.4,21.41,60.24,82.48,5997.18,108.0,,Хорошее
5.09,4.07,22.29,411.65,42.32,4243.85,,Все работают,Оптимальное
33.24,96.56,,681.79,96.24,9629.36,166.0,,Критическое с риском отказа
15.05,4.91,67.36,,39.91,,75.0,Все работают,Хорошее
,,20.17,71.84,,,,,Хорошее
,,28.5,404.43,,,,Все работают,Оптимальное
,,,,,,181.0,Все работают,Хорошее
,,,815.21,14.26,,98.0,Все работают,Оптимальное
15.53,47.92,69.21,254.77,80.69,8798.03,,,Хорошее
34.51,,67.25,38.12,,,,,Критическое
,,,,83.82,,,,Хорошее
69.51,23.67,66.06,0.09,,9001.98,108.0,,Критическое с риском отказа
,,,,77.18,1666.61,,,Критическое
6.99,1.09,,,,1589.1,,,Оптимальное
42.49,50.4,59.42,,77.84,5027.83,47.0,Все работают,Хорошее
36.5,25.09,36.12,224.14,,,199.0,,Хорошее
,,58.09,,,9971.08,,,Критическое
,16.15,38.3,307.03,61.34,,87.0,Все работают,Оптимальное
,32.69,,392.48,63.05,6551.4,53.0,,Оптимальное
,,,264.09,,,,,Хорошее
51.8,,23.27,,,8751.05,,,Хорошее
,,,48.86,,,,,Критическое с риском отказа
,9.38,42.97,193.03,18.87,337.26,79.0,Все работают,Оптимальное
62.74,,61.93,,96.31,4980.51,,,Критическое
52.56,20.64,,62.61,,,,,Хорошее
,,24.64,,,,,,Оптимальное
28.6,,33.09,446.11,65.1,5837.76,42.0,Все работают,Оптимальное
40.53,3.21,71.04,,70.07,2158.16,92.0,Все работают,Хорошее
,40.88,,,74.52,,,Все работают,Хорошее
53.58,,,,,,,,Критическое
,,,,,,,Все работают,Оптимальное
2.45,14.22,30.58,,,6486.19,,,Оптимальное
,63.85,,864.47,96.14,,112.0,,Критическое
80.75,,80.56,63.59,90.2,,,,Критическое
,7.08,27.43,,10.85,,,,Оптимальное
,,,,,9944.77,,,Критическое с риском отказа
13.96,31.67,,,,,90.0,,Оптимальное
29.28,,,,89.26,,32.0,,Критическое
,,,,,8952.37,,,Критическое
,58.29,39.9,,,,44.0,Все работают,Хорошее
,,,661.02,44.05,,,,Оптимальное
38.57,57.02,,,,9397.86,,Некоторые остановлены,Критическое
,,,,,,74.0,,Хорошее
52.3,78.77,117.61,9.46,32.47,9803.9,1.0,,Критическое с риском отказа
51.57,46.34,74.73,892.2,72.11,,,,Хорошее
,21.89,34.93,532.01,63.2,5862.28,34.0,Все работают,Оптимальное
76.66,,,,87.93,,66.0,,Критическое
,94.75,41.4,,,9160.86,169.0,,Критическое
13.61,,28.93,472.32,2.89,,85.0,Все работают,Оптимальное
,,,6.85,43.64,,,,Критическое с риском отказа
,32.23,,465.79,12.71,,,Все работают,Оптимальное
,,,,,7157.58,,,Оптимальное
,72.83,102.43,4.81,89.63,1411.19,192.0,,Критическое с риском отказа
,,,158.02,,,,,Оптимальное
,,,,,,196.0,,Хорошее
97.12,,,,,6648.08,,Все работают,Критическое с риском отказа
0.77,8.6,,56.01,,9933.28,68.0,,Критическое
29.42,0.26,,,,,,,Хорошее
,45.8,,,73.05,,163.0,,Хорошее
,32.14,35.3,,68.33,,,Все работают,Хорошее
28.73,29.34,,,,8296.1,,,Хорошее
,75.36,55.59,46.64,,,,,Критическое
,,,64.48,,,,Все работают,Хорошее
,10.8,33.29,,,,,,Оптимальное
,,,,,,,Все работают,Критическое
,17.18,,,,,,,Оптимальное
5.88,,,297.42,,6601.54,73.0,Все работают,Оптимальное
,84.67,,,,,,,Критическое с риском отказа
,,,,,,71.0,,Оптимальное
60.91,74.37,99.59,52.82,86.26,,89.0,Некоторые остановлены,Критическое
56.74,,31.48,113.94,81.09,848.42,39.0,Все работают,Хорошее
,,,,61.63,,36.0,,Оптимальное
,25.93,109.92,11.4,72.82,,426.0,Все работают,Критическое с риском отказа
,,,,,6377.76,,,Хорошее
,66.28,,694.01,92.58,,321.0,,Критическое
90.64,,80.59,7.38,24.2,,,,Критическое с риском отказа
,11.58,,,,,,Все работают,Критическое
3.7,,,,,7378.19,,,Оптимальное
32.93,5.62,100.04,,,9851.64,,,Критическое с риском отказа
,,33.8,534.24,42.66,8254.73,,Все работают,Хорошее
17.43,21.46,,334.06,,996.5,,Все работают,Хорошее
70.17,63.04,,,,9501.36,,Все работают,Критическое
,17.83,,,12.96,,72.0,Все работают,Оптимальное
,,,697.22,48.68,,,Все работают,Оптимальное
23.17,,30.4,607.07,,7531.45,68.0,Все работают,Оптимальное
,,50.17,,,5885.74,,Все работают,Критическое
24.77,57.49,,64.87,,4865.36,181.0,,Хорошее
1.42,26.2,,184.76,37.39,4607.01,52.0,Все работают,Оптимальное
,33.24,,,,,,,Оптимальное
,,,,55.26,,73.0,,Оптимальное
57.29,,,325.69,,,175.0,Все работают,Хорошее
9.44,17.8,,46.59,92.87,9786.3,98.0,Все работают,Критическое
6.46,,50.24,38.67,,9898.74,397.0,Все работают,Критическое
7.89,85.23,112.28,7.12,44.82,8201.71,,Все работают,Критическое с риском отказа
,,,,,5131.61,,,Хорошее
20.01,57.69,,,73.48,8882.33,110.0,Все работают,Хорошее
23.03,99.89,59.3,,98.18,,,,Критическое с риском отказа
76.08,87.9,,61.18,95.57,9441.73,171.0,Все работают,Критическое
57.57,,,75.33,,8473.24,,,Хорошее
,,,900.5,,,,,Оптимальное
,,,3.51,,,,,Критическое с риском отказа
,32.28,56.57,29.85,,9367.69,173.0,Некоторые остановлены,Критическое
,4.77,49.83,,60.78,,50.0,Все работают,Оптимальное
,,44.4,,,,94.0,,Оптимальное
,,,,,,,Все работают,Критическое
,,91.05,,,1685.32,219.0,Некоторые остановлены,Критическое
,58.11,,38.35,90.59,8184.21,,,Критическое
64.93,,23.61,,0.99,2769.88,133.0,Все работают,Критическое
42.79,98.25,29.6,8.95,89.57,503.68,,Все работают,Критическое с риском отказа
,,,,,,131.0,,Критическое с риском отказа
,72.65,75.87,66.76,72.23,8996.14,,Все работают,Критическое
,,,,,1105.68,71.0,,Оптимальное
9.94,8.55,,,,5373.27,66.0,,Оптимальное
,,58.27,,47.7,,42.0,Все работают,Хорошее
40.65,,38.77,,,,,,Критическое
,15.81,,223.52,,,,Все работают,Оптимальное
,,89.5,,,,,,Критическое
,98.33,34.13,248.39,98.84,8776.1,95.0,Критический сервис остановлен,Критическое с риском отказа
,14.31,30.35,22.16,,8904.54,148.0,Все работают,Критическое
,59.42,,,,6080.45,,,Критическое
,,35.5,302.05,38.86,5524.87,32.0,Все работают,Оптимальное
23.05,16.81,63.26,751.49,,6062.2,132.0,Все работают,Хорошее
99.5,,,895.53,92.72,4089.77,7.0,,Критическое с риском отказа
,,33.62,414.8,,2821.61,99.0,,Оптимальное
93.52,67.01,,542.12,99.72,8286.28,2.0,Критический сервис остановлен,Критическое с риском отказа
,,,392.53,60.0,,49.0,,Оптимальное
11.0,52.05,38.72,,84.36,,131.0,Все работают,Хорошее
,,29.78,707.27,,5499.17,70.0,,Оптимальное
26.04,,,,,6770.59,,,Оптимальное
28.75,20.91,,662.57,55.62,3257.29,42.0,Все работают,Оптимальное
86.3,27.94,83.8,,44.9,,,Все работают,Критическое
91.63,26.92,30.27,,98.43,9320.02,,,Критическое с риском отказа
25.61,,,,,1478.06,,,Хорошее
,36.33,33.63,,,,121.0,,Хорошее
18.01,30.12,,,,,,Все работают,Оптимальное
,9.43,20.87,675.89,,8253.16,,Все работают,Хорошее
,,48.76,4.58,29.82,74.1,,Критический сервис остановлен,Критическое с риском отказа
,,,473.39,,7690.55,99.0,,Оптимальное
,18.19,,,,,,Все работают,Оптимальное
21.6,,,,,,,,Оптимальное
,,,,90.73,,88.0,Некоторые остановлены,Критическое
32.53,36.94,39.3,,80.24,,60.0,Все работают,Хорошее
97.23,58.98,,,98.83,7344.05,192.0,,Критическое с риском отказа
,,,16.55,83.81,,,Все работают,Критическое
27.06,9.28,45.18,373.88,33.27,3245.45,94.0,,Оптимальное
40.67,63.19,72.55,,83.96,8346.23,112.0,Все работают,Хорошее
,21.31,,,78.71,,,,Хорошее
,,,,63.26,,,Все работают,Хорошее
20.36,28.22,35.72,,,7993.2,59.0,,Оптимальное
48.47,66.3,,,,8390.86,,Все работают,Хорошее
,,,,,3035.2,78.0,,Оптимальное
27.77,,,,,1244.41,499.0,Некоторые остановлены,Критическое
25.04,,24.01,,67.53,2422.85,40.0,Все работают,Оптимальное
19.5,,,,53.5,,,,Критическое с риском отказа
,3.87,29.52,416.33,53.72,,70.0,Все работают,Оптимальное
62.26,84.16,,,,,,,Критическое
23.05,16.81,63.26,,,,132.0,,Хорошее
,,,73.46,,,,,Хорошее
,49.0,,,,,,,Критическое с риском отказа
,,,521.3,,2180.53,,,Оптимальное
48.77,,,,,,,,Хорошее
,,33.86,922.63,56.76,,96.0,Все работают,Оптимальное
29.45,,74.93,74.99,,,94.0,,Хорошее
,11.0,22.41,196.22,,,,Все работают,Оптимальное
,,62.49,,,,159.0,,Хорошее
,,55.35,,78.96,8392.79,,,Хорошее
,,,,40.65,,,,Критическое
,,,,35.04,,,,Оптимальное
62.24,,,,,,44.0,Все работают,Критическое с риском отказа
6.72,0.65,31.64,,43.73,4198.34,84.0,,Оптимальное
,,,,0.51,,,Все работают,Оптимальное
,,23.17,,,,63.0,,Оптимальное
93.58,95.06,,,,8851.8,83.0,Некоторые остановлены,Критическое с риском отказа
70.62,,,71.81,,,,,Критическое
,,,468.69,,,,,Хорошее
,16.8,,,,,,,Хорошее
50.47,,,,,1017.54,115.0,Все работают,Хорошее
,41.73,51.79,,,2435.14,,Все работают,Хорошее
25.56,,,,,,81.0,,Хорошее
,,,,,6588.88,51.0,,Оптимальное
57.07,7.26,,69.43,11.4,,,Все работают,Критическое
3.59,34.97,61.35,,80.88,,,Все работают,Хорошее
26.69,,62.06,69.16,78.87,2763.83,,,Хорошее
70.54,,67.74,,,,,,Критическое
,,49.9,,,8840.76,109.0,,Хорошее
15.89,,31.08,78.55,84.34,8609.88,,Все работают,Хорошее
,2.08,,,,,52.0,,Хорошее
35.94,,,67.51,,,,Все работают,Хорошее
,,,,19.82,3217.93,,,Оптимальное
21.6,10.4,42.08,283.89,35.11,3198.36,61.0,,Оптимальное
9.97,19.95,,73.44,30.58,,89.0,Все работают,Хорошее
1.26,,22.84,580.93,25.62,7262.93,,,Оптимальное
9.45,,37.88,65.31,77.41,,,Все работают,Хорошее
9.17,,,338.89,,6603.06,,Все работают,Оптимальное
,,,,65.49,,78.0,,Хорошее
,,,,,2978.05,67.0,Все работают,Оптимальное
96.61,98.0,41.77,277.61,,9003.71,177.0,Все работают,Критическое с риском отказа
,65.93,71.58,824.14,,8567.73,141.0,Все работают,Хорошее
,94.46,63.45,,,,,,Критическое
,,104.18,,,9632.63,311.0,Все работают,Критическое с риском отказа
19.41,51.84,78.07,72.35,80.01,9114.43,121.0,,Критическое
19.65,21.31,,470.37,72.32,8876.53,100.0,Все работают,Хорошее
,,63.59,,,8006.82,,,Хорошее
36.92,48.08,70.51,76.82,55.56,5624.03,,Все работают,Хорошее
36.45,91.12,44.69,,75.17,1317.24,121.0,Некоторые остановлены,Критическое
25.04,17.68,24.01,,67.53,2422.85,,Все работают,Оптимальное
11.0,3.81,46.62,,2.24,5409.46,,Все работают,Оптимальное
22.23,,30.31,300.93,46.23,,96.0,Все работают,Оптимальное
,,,,36.34,,,,Оптимальное
56.42,,,67.59,18.14,8531.73,,,Хорошее
54.3,52.94,42.37,51.28,81.63,8701.05,,Все работают,Хорошее
,17.04,,508.45,,5621.98,94.0,Все работают,Оптимальное
,,33.41,72.13,,,,,Хорошее
,0.15,36.29,,60.79,5642.0,,Все работают,Оптимальное
,98.45,114.04,1.25,11.91,,41.0,Некоторые остановлены,Критическое с риском отказа
,78.33,118.04,67.65,,,43.0,Все работают,Критическое с риском отказа
,12.69,,,41.07,8636.84,134.0,,Хорошее
66.03,82.72,,67.1,95.81,2490.48,121.0,,Критическое
,,95.75,178.4,,,,Некоторые остановлены,Критическое
58.41,81.87,91.71,11.74,91.97,410.33,,,Критическое
6.34,6.84,33.33,104.66,,2538.7,42.0,,Оптимальное
,64.92,30.26,55.96,77.22,2837.54,,Все работают,Хорошее
,,,136.86,74.85,8394.06,,,Хорошее
,17.6,,,,,,,Оптимальное
25.13,18.44,57.74,626.99,64.41,8359.22,,,Критическое
,16.89,,,75.73,5739.25,192.0,Все работают,Хорошее
73.54,,55.83,4.17,87.9,9597.31,10.0,Критический сервис остановлен,Критическое с риском отказа
,,,898.44,,,,,Оптимальное
,,,,98.34,,,,Критическое с риском отказа
1.54,14.31,30.35,22.16,,,148.0,,Критическое
59.2,99.7,45.35,35.28,,9977.83,65.0,Все работают,Критическое с риском отказа
15.93,,42.16,185.79,52.68,,75.0,Все работают,Оптимальное
44.73,95.75,,,37.26,,206.0,Критический сервис остановлен,Критическое с риском отказа
19.21,,46.8,,16.93,,,,Хорошее
,81.29,,,,,,,Критическое
7.52,,,268.56,,114.39,47.0,Все работают,Оптимальное
90.68,37.13,38.2,,96.43,8693.88,,Все работают,Критическое с риском отказа
,,,,,3476.36,,Все работают,Хорошее
,,,14.4,1.04,,,Некоторые остановлены,Критическое
,,,,,8498.65,,Все работают,Хорошее
3.12,,40.95,,42.55,,,Все работают,Оптимальное
8.09,24.75,,458.3,27.09,7741.73,66.0,Все работают,Оптимальное
,,,,,8705.28,,,Хорошее
,27.45,,37.59,24.9,,,Некоторые остановлены,Критическое
58.63,,,,,,,,Хорошее
,,,582.23,84.47,8948.81,,,Хорошее
83.14,32.28,56.57,,85.72,9367.69,173.0,Некоторые остановлены,Критическое
44.27,,,661.87,,,,,Хорошее
7.98,0.44,64.67,134.01,10.02,,188.0,Все работают,Хорошее
,,,,20.71,,,,Оптимальное
27.66,5.59,,725.19,11.11,,,Все работают,Оптимальное
18.58,35.57,23.17,105.77,61.27,,63.0,,Оптимальное
,,,,89.84,,,,Критическое
,,,66.5,,8093.85,102.0,,Хорошее
41.17,,28.89,862.29,,7617.36,156.0,,Хорошее
48.7,66.72,80.98,48.32,,9142.62,163.0,,Критическое
,,,848.76,19.27,,,,Критическое с риском отказа
,,,,,,,Все работают,Хорошее
18.52,34.58,,392.45,36.2,821.52,54.0,Все работают,Оптимальное
48.77,56.43,24.19,,,,81.0,,Хорошее
46.52,25.66,31.57,79.44,,778.78,,,Хорошее
81.83,,,52.43,,8732.04,,,Критическое
,,,,,,,Некоторые остановлены,Критическое
,21.83,,,81.96,,152.0,Все работают,Хорошее
,,44.47,53.54,,8845.52,156.0,,Хорошее
16.25,,23.12,532.67,49.82,7370.2,77.0,Все работают,Оптимальное
,,,,,4210.24,,,Оптимальное
,27.65,42.69,,17.99,,,,Оптимальное
,,42.36,649.62,49.85,,,Все работают,Оптимальное
45.73,46.56,,955.71,,6901.68,32.0,Все работают,Хорошее
,,35.15,,,,,Все работают,Оптимальное
,68.33,53.32,,80.68,,,Все работают,Хорошее
,,,,35.46,9929.09,,Все работают,Критическое
92.63,99.09,23.09,57.56,,1081.75,117.0,,Критическое с риском отказа
,,40.5,480.78,,,,,Оптимальное
15.45,60.01,60.24,77.45,19.51,8288.48,,Все работают,Хорошее
43.38,53.96,,,80.94,,,,Хорошее
,97.1,40.94,51.2,2.55,,295.0,Критический сервис остановлен,Критическое с риском отказа
17.71,,22.28,,39.81,3611.17,80.0,,Оптимальное
90.62,98.09,,,,2263.49,,,Критическое с риском отказа
7.86,36.97,51.78,64.02,,398.11,74.0,Все работают,Хорошее
27.95,14.57,79.35,,77.86,9298.37,38.0,Все работают,Критическое
10.69,2.17,,643.44,,,49.0,Все работают,Оптимальное
62.0,45.78,,,71.19,7027.26,89.0,Некоторые остановлены,Критическое
15.05,,,,,,,,Хорошее
25.43,35.25,21.47,,8.28,184.96,,,Оптимальное
,,,,,,,Все работают,Оптимальное
,79.05,,,,,183.0,,Критическое
,14.23,,233.05,99.04,9644.99,,Все работают,Критическое с риском отказа
,21.31,,,,,,,Хорошее
,,,,,8827.01,,Некоторые остановлены,Критическое
,,,11.74,,,,,Критическое
44.37,30.72,72.3,,92.78,9137.64,134.0,Все работают,Критическое
2.65,20.04,48.86,291.98,,,45.0,Все работают,Оптимальное
,,,41.16,85.09,8337.67,,,Критическое
,77.83,,45.4,75.51,,325.0,Все работают,Критическое
46.05,27.44,23.23,,,5159.0,,,Хорошее
,64.49,84.62,79.18,8.8,,,Некоторые остановлены,Критическое
24.73,,31.38,509.93,0.2,8377.9,146.0,Все работают,Хорошее
,,,,,2972.54,,,Оптимальное
,,,,,7155.02,,Все работают,Оптимальное
14.09,97.44,36.9,807.72,72.83,,701.0,Все работают,Критическое с риском отказа
4.21,32.44,41.46,130.72,37.66,7083.59,83.0,,Оптимальное
56.04,31.92,74.33,63.84,,,113.0,Все работают,Хорошее
,96.93,108.05,,,5907.81,,Некоторые остановлены,Критическое с риском отказа
10.59,,24.54,,29.81,,51.0,Все работают,Оптимальное
29.41,,73.57,974.11,81.31,8520.14,179.0,Все работают,Хорошее
14.18,,,70.27,68.75,8546.58,100.0,Все работают,Хорошее
20.5,25.12,37.21,360.22,22.61,6232.46,,Все работают,Оптимальное
45.22,11.75,,78.41,73.33,3363.78,133.0,,Хорошее
58.84,,43.27,54.34,,7922.92,163.0,Все работают,Хорошее
2.23,6.01,31.55,6.01,51.35,9841.95,441.0,,Критическое с риском отказа
,28.67,88.89,,90.15,,,,Критическое
30.52,25.89,29.74,62.5,2.5,,124.0,Все работают,Хорошее
,66.53,,,,,,Все работают,Хорошее
,60.53,,104.99,26.83,8181.24,52.0,Все работают,Хорошее
,,62.0,74.37,,,40.0,,Хорошее
14.2,,,,,8610.57,,,Хорошее
43.83,,23.51,159.99,62.59,8444.09,195.0,Все работают,Хорошее
70.22,78.91,101.58,6.99,88.26,8866.85,175.0,,Критическое с риском отказа
,,,104.99,,,,,Хорошее
17.07,45.02,36.68,770.38,77.18,8067.17,,Все работают,Хорошее
57.15,,103.36,,98.06,9172.81,,Некоторые остановлены,Критическое с риском отказа
,20.13,95.07,,,,,,Критическое с риском отказа
,,76.65,,93.73,,,,Критическое
26.3,27.18,22.19,,,2262.64,,Все работают,Оптимальное
,12.26,,,,1762.35,,,Оптимальное
20.29,4.64,43.83,609.12,34.67,4557.34,95.0,,Оптимальное
7.96,74.27,,,,,73.0,,Критическое
51.56,,22.51,59.44,28.8,8714.56,161.0,Все работают,Хорошее
36.86,74.82,88.1,58.99,1.11,6125.76,,,Критическое
,,26.06,,,,96.0,,Оптимальное
,,,,,4186.7,,,Оптимальное
,,,420.44,,5559.22,,,Оптимальное
,34.85,,79.37,70.58,8193.76,68.0,Все работают,Хорошее
59.55,32.14,,53.54,68.33,,,Все работают,Хорошее
19.65,21.31,58.24,,72.32,8876.53,,Все работают,Хорошее
,25.3,29.57,,28.1,5938.42,70.0,Все работают,Оптимальное
39.78,,,,87.88,,,Некоторые остановлены,Критическое с риском отказа
,,37.33,,,,,,Оптимальное
13.02,17.75,,409.79,72.18,,60.0,Все работают,Хорошее
83.43,51.44,,51.81,73.72,9930.23,,Некоторые остановлены,Критическое
,,,,12.19,,,,Оптимальное
,,30.51,,,,,,Оптимальное
,59.52,,,80.3,6434.81,,Все работают,Хорошее
,,,,,,73.0,Все работают,Хорошее
32.3,81.76,62.77,30.44,88.65,8399.9,480.0,,Критическое
,,,,2.07,,,Все работают,Хорошее
,32.5,,,54.6,,,,Оптимальное
11.92,35.82,25.34,,,2373.84,77.0,Все работают,Оптимальное
7.88,,,,,,,Все работают,Критическое с риском отказа
,6.79,,752.87,13.63,,,,Оптимальное
,,78.47,66.43,,8334.16,37.0,Все работают,Критическое
,46.37,,51.65,,,,Все работают,Хорошее
67.97,50.24,,,86.38,8884.48,,,Критическое с риском отказа
53.61,9.8,,720.34,,8214.03,51.0,,Хорошее
13.61,35.87,23.8,,90.91,,240.0,Некоторые остановлены,Критическое
13.24,,,,10.25,,,,Оптимальное
,,,296.93,98.09,,,Все работают,Критическое с риском отказа
,,,,99.45,8242.35,,,Критическое с риском отказа
24.39,0.3,,,34.24,5398.05,60.0,,Оптимальное
,,,,70.6,455.74,,,Хорошее
13.49,38.72,30.93,921.7,,5018.37,69.0,,Оптимальное
,,,,1.1,,,,Оптимальное
43.83,,23.51,,62.59,8444.09,195.0,Все работают,Хорошее
29.21,36.82,84.16,,87.35,8424.09,408.0,Все работают,Критическое
1.45,,25.34,8.16,99.62,,106.0,Все работают,Критическое с риском отказа
,64.01,,52.35,73.52,8185.06,,Все работают,Хорошее
,,21.0,,,,,,Хорошее
,,,35.0,,,,,Критическое с риском отказа
,,34.93,532.01,63.2,5862.28,34.0,Все работают,Оптимальное
,54.46,29.24,,,,,,Хорошее
,,,8.62,,,,,Критическое с риском отказа
53.19,,,,,,,,Хорошее
,,,,52.29,,,,Критическое
4.22,,,,,,,,Хорошее
12.47,,34.31,773.2,34.18,,73.0,Все работают,Оптимальное
,,,,45.67,,,Все работают,Хорошее
8.0,,38.65,69.66,,6401.77,,Все работают,Хорошее
,38.27,36.32,,,858.51,68.0,Все работают,Оптимальное
,,,36.09,,,,,Критическое
,47.67,47.8,32.18,,8540.88,,Некоторые остановлены,Критическое
14.7,69.42,,51.6,,,,,Хорошее
32.61,,35.2,786.15,66.64,6453.62,65.0,,Хорошее
,,,,,,,Все работают,Хорошее
,67.22,67.64,,90.88,9499.9,,Все работают,Критическое с риском отказа
,,,,5.89,,,,Хорошее
,,,628.68,,9760.47,,,Критическое с риском отказа
28.72,88.76,78.01,48.5,73.68,9084.65,,Некоторые остановлены,Критическое
,,56.43,,77.74,,,,Хорошее
51.69,,,,93.53,7572.38,309.0,Все работают,Критическое
16.75,2.38,45.46,503.56,,5975.96,,Все работают,Оптимальное
16.15,30.06,,,,7844.34,58.0,,Оптимальное
,92.55,,,10.22,,,Некоторые остановлены,Критическое
,47.64,,51.09,24.7,,33.0,,Хорошее
,,,54.76,,,,,Критическое
,,,636.84,46.49,,,,Оптимальное
,,37.55,,,,,,Критическое
52.07,,,,,,99.0,Все работают,Хорошее
,29.8,35.09,,,1536.0,47.0,Все работают,Оптимальное
49.71,54.46,29.24,65.06,76.98,,,Все работают,Хорошее
9.08,58.37,36.61,,,7164.14,456.0,,Критическое
21.13,28.66,41.82,849.65,8.55,5264.22,,Все работают,Оптимальное
36.53,54.59,114.58,,99.41,,8.0,,Критическое с риском отказа
,,,,,,41.0,,Оптимальное
,99.88,,,96.13,9345.3,10.0,,Критическое с риском отказа
15.54,4.69,20.17,71.84,,,34.0,Все работают,Хорошее
,,33.15,503.21,,7553.27,70.0,Все работают,Оптимальное
,,,51.96,37.42,,408.0,,Критическое
97.32,86.83,27.05,303.98,99.09,,38.0,Все работают,Критическое с риском отказа
19.62,14.79,29.25,943.04,,7278.91,66.0,Все работают,Оптимальное
23.19,34.95,24.3,397.01,42.88,6039.73,,Все работают,Оптимальное
49.08,,42.73,,,6450.2,119.0,,Хорошее
69.87,,102.33,,,,,,Критическое с риском отказа
7.91,,40.85,135.45,,8487.65,175.0,,Критическое
,,,,,3858.78,,,Критическое
43.77,41.54,26.29,103.76,91.15,9789.4,,Все работают,Критическое
9.69,,57.03,949.29,,,161.0,Все работают,Хорошее
3.79,,,,,,,,Хорошее
75.76,89.89,,,,8030.5,,Все работают,Критическое
,80.08,75.12,,,1700.83,,,Критическое с риском отказа
24.91,15.81,,,,3621.15,94.0,Все работают,Оптимальное
,,42.95,,10.53,5987.83,72.0,Все работают,Оптимальное
,,,76.73,,8214.85,,,Хорошее
23.38,56.27,,76.93,,8220.61,152.0,,Хорошее
,76.81,,,,9597.31,,,Критическое с риском отказа
,28.73,27.94,997.74,48.31,6495.86,90.0,,Оптимальное
,72.93,,,,,131.0,,Критическое
,,98.83,902.54,,,43.0,Некоторые остановлены,Критическое
82.2,88.68,,5.3,39.34,,,Критический сервис остановлен,Критическое с риском отказа
23.34,26.07,43.17,580.24,29.51,1087.59,,Все работают,Оптимальное
,40.08,55.28,65.93,53.88,,105.0,Все работают,Хорошее
28.94,15.6,41.27,,,5490.8,57.0,Все работают,Оптимальное
45.63,,108.65,7.41,85.01,8149.49,165.0,Все работают,Критическое с риском отказа
,,70.07,,,,,,Хорошее
57.4,,28.83,,72.79,,158.0,Все работают,Хорошее
28.95,,,,,4943.56,104.0,Все работают,Критическое
20.11,49.51,60.23,,22.93,8913.58,173.0,Все работают,Хорошее
11.33,40.84,26.12,,,4434.39,167.0,Все работают,Хорошее
,,,,,751.89,,,Оптимальное
55.78,97.82,,209.36,,716.64,,Некоторые остановлены,Критическое с риском отказа
,,,478.31,15.92,,,,Оптимальное
,,,115.78,,,,,Оптимальное
,55.61,,,70.91,7025.85,,Все работают,Хорошее
75.15,98.66,107.92,5.03,,8063.47,691.0,Некоторые остановлены,Критическое с риском отказа
,,26.72,176.72,73.4,5792.86,168.0,Все работают,Хорошее
33.25,,,,,,,,Хорошее
8.64,,58.68,,,881.17,197.0,Все работают,Хорошее
,18.57,49.23,756.71,84.14,814.49,197.0,Все работают,Хорошее
,30.52,,191.89,24.57,,92.0,Все работают,Оптимальное
,,,,78.47,7093.34,3.0,,Критическое с риском отказа
,,,,49.88,,,,Оптимальное
,17.7,,524.38,30.28,,75.0,,Оптимальное
,,,,77.35,,,,Хорошее
,,,,74.52,,,,Хорошее
29.27,4.13,48.98,756.93,50.94,1392.74,74.0,,Оптимальное
13.29,99.47,101.42,4.25,,8141.53,195.0,,Критическое с риском отказа
36.64,,,355.24,81.21,5705.45,79.0,,Хорошее
,,,,,,,Некоторые остановлены,Критическое
,,,,,,,Все работают,Оптимальное
5.41,25.41,,77.89,,8457.73,46.0,Все работают,Хорошее
,,,44.69,74.13,,,Все работают,Критическое с риском отказа
,,,,,,,Все работают,Оптимальное
,48.53,96.81,,,4348.85,,,Критическое
81.55,78.84,,339.73,71.33,,152.0,Все работают,Критическое
62.42,37.05,85.41,56.18,,,,,Критическое
17.81,,,,,9193.7,,,Критическое с риском отказа
,24.52,,182.66,9.36,,,,Оптимальное
,,37.29,,43.01,3432.2,,Все работают,Оптимальное
21.94,,58.64,,,393.39,,,Хорошее
52.87,44.02,,41.16,,,432.0,Некоторые остановлены,Критическое
53.66,,,468.94,70.73,,,,Хорошее
,,,,,807.97,,,Оптимальное
,,,138.14,12.49,324.3,,Все работают,Оптимальное
97.88,86.69,,37.76,,4288.12,303.0,Все работают,Критическое с риском отказа
32.87,,,53.09,76.37,8007.42,147.0,,Хорошее
,26.92,30.27,73.36,98.43,9320.02,,,Критическое с риском отказа
,,92.67,31.73,89.52,,152.0,Все работают,Критическое
,3.0,21.12,,47.74,,,,Оптимальное
,,28.29,935.13,71.27,,102.0,,Хорошее
,,,,,,136.0,,Хорошее
44.66,49.97,,75.94,77.79,2093.45,146.0,,Хорошее
14.82,,,,,,,,Оптимальное
,,44.6,668.01,47.72,5872.51,65.0,Все работают,Оптимальное
63.34,24.17,20.33,,80.64,,,Некоторые остановлены,Критическое
,14.98,,688.03,,6642.67,,Все работают,Хорошее
1.76,,,,61.28,,,,Оптимальное
,20.03,24.55,70.87,25.17,8381.84,62.0,Все работают,Хорошее
,,,896.94,,,,Все работают,Критическое
,,,43.36,,3177.8,,,Критическое с риском отказа
29.7,,,661.13,62.64,1008.79,34.0,Все работают,Оптимальное
,,88.88,,,,,,Критическое с риском отказа
,23.05,98.81,5.31,96.58,,5.0,Некоторые остановлены,Критическое с риском отказа
33.1,,,,90.82,,,Все работают,Критическое
16.62,39.04,33.59,,99.71,9296.61,268.0,,Критическое с риском отказа
,,23.26,656.97,,2602.92,,,Оптимальное
,,99.15,,81.2,8408.94,,,Критическое
,30.06,46.23,123.47,0.37,4498.26,,Все работают,Оптимальное
87.86,,,,73.05,,,,Критическое
68.73,60.53,29.35,,78.43,,339.0,,Критическое
4.37,,48.88,,,,41.0,,Оптимальное
44.89,,,8.77,59.66,9008.2,1.0,Все работают,Критическое с риском отказа
25.12,40.91,51.97,,81.48,,152.0,,Хорошее
,20.03,,70.87,25.17,,,Все работают,Хорошее
,,63.93,,,,146.0,Некоторые остановлены,Критическое
26.27,,,,,8563.36,,,Хорошее
19.12,,,,,,50.0,,Критическое
,63.57,67.65,,,2520.9,53.0,,Хорошее
33.36,19.86,37.99,43.29,,,,,Критическое с риском отказа
,0.67,,,,4653.45,,Некоторые остановлены,Критическое
,96.44,26.67,,,,,,Критическое с риском отказа
,,23.44,,42.79,7675.08,,,Оптимальное
,,32.58,,,,,,Оптимальное
,,,374.65,75.72,8811.82,,Все работают,Хорошее
,39.28,,,,3217.61,61.0,Все работают,Оптимальное
22.52,15.54,26.0,275.04,21.16,,44.0,Все работают,Оптимальное
52.87,17.88,,,,,,,Хорошее
,,65.9,87.18,4.91,,68.0,,Хорошее
,86.3,,10.38,,9957.38,,,Критическое
,,43.1,,46.24,8049.92,45.0,,Хорошее
13.99,46.27,,,71.8,8969.43,,Все работают,Хорошее
,,,56.29,,,,,Критическое с риском отказа
6.26,9.27,42.74,169.86,,,,Все работают,Оптимальное
29.44,28.41,,887.28,,3046.96,55.0,Все работают,Оптимальное
,64.24,,51.6,99.61,2434.33,,Все работают,Критическое с риском отказа
,28.9,29.85,,40.19,1407.57,36.0,,Оптимальное
,,,580.52,33.26,,,,Хорошее
,,,,,,,Все работают,Хорошее
25.11,99.72,108.28,,98.66,8470.13,175.0,Все работают,Критическое с риском отказа
12.93,2.61,37.84,225.63,61.05,7988.99,,Все работают,Оптимальное
59.03,20.63,30.27,66.91,,,144.0,Все работают,Хорошее
,15.74,,,,,,,Хорошее
30.6,,,66.93,16.38,8705.28,43.0,Все работают,Хорошее
,9.08,,,83.59,2504.49,,,Хорошее
,,32.2,,,55.04,,,Оптимальное
,,,,,668.94,,Все работают,Критическое с риском отказа
,,42.89,,80.45,8735.66,,,Хорошее
,0.26,,195.13,5.39,3017.04,39.0,Все работают,Оптимальное
56.14,,,,,9859.45,10.0,,Критическое с риском отказа
1.28,19.28,28.78,408.81,70.77,,64.0,Все работают,Хорошее
,,,,80.88,,,,Хорошее
,,,714.43,43.93,,,,Оптимальное
,,31.57,245.95,16.83,,61.0,Все работают,Хорошее
17.54,,,,62.69,1037.49,,Все работают,Оптимальное
93.56,42.7,110.13,1.07,99.71,7033.82,77.0,,Критическое с риском отказа
,92.38,48.09,30.28,73.95,6454.84,83.0,Все работают,Критическое
27.48,,48.33,565.25,61.53,6121.76,,Все работают,Оптимальное
3.16,8.79,39.01,874.4,,4370.93,52.0,Все работают,Оптимальное
,,35.71,604.74,38.15,6615.47,62.0,Все работают,Оптимальное
,67.96,,,,,,Некоторые остановлены,Критическое
,0.19,25.37,,,,43.0,,Оптимальное
87.38,79.62,,809.81,88.28,9310.63,126.0,,Критическое
,,40.25,148.29,,4549.59,81.0,,Оптимальное
45.76,19.63,,68.26,,5779.97,,Все работают,Хорошее
8.27,17.52,33.05,,2.59,3681.62,38.0,Все работают,Оптимальное
22.87,22.29,29.84,340.92,15.81,,38.0,Все работают,Оптимальное
28.53,48.96,59.85,731.72,,3055.39,71.0,,Хорошее
,44.54,,,,,,,Хорошее
28.06,,40.49,,79.05,,429.0,,Критическое
4.59,63.76,59.62,,,,,Все работают,Хорошее
,78.12,78.24,,85.72,,,Все работают,Критическое
9.16,64.92,,62.1,76.12,2366.01,173.0,Все работают,Хорошее
19.64,,45.93,,16.18,7230.98,53.0,,Оптимальное
11.65,47.25,108.1,3.38,77.53,1545.33,113.0,,Критическое с риском отказа
,,,,1.57,,121.0,Все работают,Хорошее
17.57,36.36,44.37,,59.4,2654.21,57.0,Все работают,Оптимальное
,,,78.81,26.53,8042.62,,Все работают,Хорошее
3.07,,,,,8704.57,,,Хорошее
,,,,,3027.69,,,Хорошее
,,,,26.21,,,Все работают,Оптимальное
,,28.0,,,9931.43,,,Критическое
32.05,42.4,64.89,76.94,57.76,3298.55,84.0,,Хорошее
8.4,15.08,91.94,12.98,93.2,,87.0,Все работают,Критическое
10.79,,,,47.72,5872.51,,,Оптимальное
26.38,,67.16,332.7,82.47,3803.7,149.0,Все работают,Хорошее
40.63,16.8,,58.42,73.16,3414.31,,Все работают,Хорошее
9.91,29.24,32.16,,,,57.0,Все работают,Оптимальное
38.73,8.73,93.38,747.88,93.82,,107.0,,Критическое
,40.69,37.03,207.75,84.01,8388.2,169.0,Все работают,Хорошее
3.42,54.23,,73.46,84.85,4022.47,150.0,Все работают,Хорошее
8.57,,,921.03,,,94.0,Все работают,Оптимальное
3.57,45.98,50.92,,73.33,3370.28,60.0,Все работают,Хорошее
,15.57,42.3,,,,,,Хорошее
,0.89,,191.02,,,,,Оптимальное
,,,938.35,,2694.63,,Все работают,Оптимальное
21.31,,21.12,,,67.14,,,Оптимальное
54.12,,,,7.63,8259.11,98.0,Все работают,Хорошее
,,,,,,94.0,,Хорошее
,67.87,,,,,,Все работают,Хорошее
,,,,,,73.0,,Критическое
53.22,,65.84,,19.27,9401.5,,,Критическое с риском отказа
,,59.25,,,8349.57,107.0,,Хорошее
26.04,20.82,,971.47,16.73,6770.59,,Все работают,Оптимальное
,25.85,,5.97,81.45,,2.0,,Критическое с риском отказа
49.17,,,,4.38,,103.0,,Хорошее
,,,257.09,90.15,1713.38,,,Критическое
23.73,5.29,,798.98,29.96,,,,Оптимальное
50.87,,61.15,921.8,,,105.0,Все работают,Хорошее
33.25,53.49,46.77,,73.23,6268.15,75.0,Все работают,Хорошее
,,93.66,,,,,Все работают,Критическое
,,45.88,,3.71,5481.95,122.0,Все работают,Хорошее
9.3,,60.08,79.44,72.87,6127.39,,Все работают,Хорошее
,,,,,8400.0,141.0,Все работают,Хорошее
,99.34,83.28,,98.63,,445.0,Все работают,Критическое с риском отказа
25.04,17.68,24.01,145.77,,2422.85,40.0,Все работают,Оптимальное
30.89,,,915.18,,3421.89,,,Хорошее
,,,60.89,,,277.0,Все работают,Критическое
,,,980.28,,2158.78,48.0,Все работают,Оптимальное
,49.6,,,83.82,,,,Хорошее
,,,,,8803.56,,,Критическое с риском отказа
47.72,2.01,,64.79,76.3,1834.84,159.0,,Хорошее
,39.21,,,,,77.0,,Оптимальное
,97.84,81.07,8.71,99.12,,160.0,Некоторые остановлены,Критическое с риском отказа
41.0,59.97,,67.54,24.27,8101.26,150.0,,Хорошее
,,40.06,65.23,67.18,8070.64,99.0,,Хорошее
90.28,,,,,8669.43,678.0,Некоторые остановлены,Критическое с риском отказа
15.98,,,,,,,Все работают,Оптимальное
,,,0.38,86.35,4626.74,,,Критическое с риском отказа
15.77,,39.51,313.18,55.97,4141.19,58.0,Все работают,Оптимальное
21.69,7.71,48.4,,39.38,1204.03,,Все работают,Оптимальное
21.6,56.65,41.44,,79.59,3346.66,104.0,,Хорошее
20.03,,37.3,691.79,26.86,1485.91,58.0,Все работают,Оптимальное
24.34,,47.36,768.74,26.06,2387.13,96.0,Все работают,Оптимальное
,,44.22,959.24,,6084.35,80.0,Все работают,Оптимальное
22.86,31.41,34.47,556.96,,6508.99,32.0,Все работают,Оптимальное
51.11,95.82,,761.61,98.6,,,,Критическое с риском отказа
,,86.69,,,,,,Критическое
54.37,50.39,30.71,35.08,37.0,,92.0,Все работают,Критическое
,96.99,30.8,,71.52,,,Критический сервис остановлен,Критическое с риском отказа
,,,,,8976.42,,,Критическое
,70.66,65.91,,,,407.0,Все работают,Критическое
,44.02,,660.47,28.64,1830.57,54.0,Все работают,Хорошее
,,,,86.79,,,,Критическое
13.0,23.12,23.66,834.48,39.36,,57.0,Все работают,Оптимальное
29.81,,35.97,884.88,59.89,3023.83,84.0,Все работают,Оптимальное
22.93,46.92,73.26,,70.06,6878.1,163.0,,Хорошее
11.36,22.38,40.65,554.46,,4764.96,70.0,,Оптимальное
,,20.8,779.32,16.79,7641.06,64.0,Все работают,Оптимальное
24.18,1.13,26.3,164.1,8.64,,33.0,Все работают,Оптимальное
,28.97,22.19,710.89,61.49,,,,Оптимальное
,98.15,76.66,0.85,,8795.96,30.0,Некоторые остановлены,Критическое с риском отказа
,,,,,8373.36,,,Хорошее
,,95.43,,,,,,Критическое
,89.62,75.12,,,,,,Критическое
,,25.91,418.12,17.49,558.41,,Все работают,Оптимальное
,,57.03,,,8538.17,,,Хорошее
,,,,24.25,6563.49,66.0,,Оптимальное
,,,67.46,6.89,8693.33,66.0,Все работают,Хорошее
,65.29,35.13,28.12,10.7,8033.64,,,Критическое
,,,100.57,94.03,,295.0,Некоторые остановлены,Критическое с риском отказа
,,,,,7188.58,,,Оптимальное
,,,,,8860.31,178.0,Все работают,Хорошее
25.77,53.02,37.82,304.62,79.89,,,,Хорошее
,81.27,,,,,,,Критическое
,,20.76,,41.55,,,Все работают,Оптимальное
16.46,,43.09,,7.53,6890.34,62.0,Все работают,Оптимальное
24.63,6.73,43.47,,56.87,5209.67,63.0,Все работают,Оптимальное
,48.02,,79.82,,,45.0,,Хорошее
,,,,11.62,,,,Оптимальное
,29.07,34.46,501.47,35.88,1626.97,89.0,,Оптимальное
13.61,,,,95.72,4089.85,54.0,Некоторые остановлены,Критическое
,1.6,25.72,,5.54,1317.87,98.0,Все работают,Оптимальное
0.54,,46.87,673.19,6.66,2197.39,,,Оптимальное
,67.65,61.84,510.12,17.73,8416.19,75.0,Все работают,Хорошее
,,49.71,,,,,Критический сервис остановлен,Критическое с риском отказа
36.54,86.48,,,99.36,3447.79,,,Критическое с риском отказа
4.1,,,,66.37,3075.88,82.0,Все работают,Оптимальное
22.03,89.8,33.04,,,9489.59,136.0,Все работают,Критическое
55.21,49.46,34.93,532.09,,,178.0,,Хорошее
5.81,38.4,,46.06,80.56,8137.35,,Все работают,Критическое
,,49.99,454.21,42.3,,74.0,,Оптимальное
25.79,,,,76.87,,179.0,Все работают,Хорошее
61.23,80.84,,,,5447.38,,,Критическое с риском отказа
3.05,64.01,37.21,52.35,,8185.06,136.0,Все работают,Хорошее
28.12,0.06,49.82,67.63,43.15,8645.15,164.0,,Хорошее
,,32.31,,,,,,Хорошее
91.63,,,,,,,,Критическое с риском отказа
,23.88,,229.84,66.56,,,Все работают,Оптимальное
,,,,,7499.74,,Все работают,Критическое
4.6,28.51,29.46,592.7,10.2,,,Все работают,Оптимальное
,89.9,78.1,661.78,95.53,9652.4,83.0,Некоторые остановлены,Критическое
75.87,90.86,48.82,747.16,,9570.03,,Некоторые остановлены,Критическое
21.82,1.4,,,7.61,3483.34,,Все работают,Оптимальное
72.63,,102.63,196.03,94.98,5426.48,,Все работают,Критическое с риском отказа
,80.97,28.53,480.9,48.68,8366.44,359.0,Некоторые остановлены,Критическое
69.9,36.58,,235.26,,9463.96,,Некоторые остановлены,Критическое
,,,,46.81,540.35,,,Оптимальное
26.77,63.25,29.82,,,,158.0,Все работают,Хорошее
0.59,,71.23,,,8391.48,92.0,,Критическое
,,,,,,,Критический сервис остановлен,Критическое с риском отказа
,29.35,,,40.86,1601.87,,,Оптимальное
,,43.02,259.52,,,74.0,Все работают,Оптимальное
11.7,16.51,,,35.6,2154.3,100.0,Все работают,Оптимальное
19.65,37.86,,,,,83.0,Все работают,Оптимальное
15.22,,,,,2378.72,,Все работают,Оптимальное
,,,,,,56.0,,Хорошее
,,33.43,78.36,99.52,2629.16,197.0,,Критическое с риском отказа
,,86.77,,,,,,Критическое
40.25,98.0,90.4,,98.99,,819.0,Все работают,Критическое с риском отказа
55.3,,,,,641.08,,,Критическое с риском отказа
9.34,,,75.52,37.5,8324.3,195.0,Все работают,Хорошее
24.31,9.59,,,17.17,,,,Оптимальное
,,,,,3278.68,,,Хорошее
,,,,,,,Некоторые остановлены,Критическое
,,,56.76,,,,,Хорошее
61.4,,70.43,,,,,Все работают,Критическое
,,,,,,,Все работают,Критическое с риском отказа
48.86,96.52,,,99.05,8695.8,,,Критическое с риском отказа
20.22,4.26,49.2,898.33,69.21,,83.0,Все работают,Оптимальное
,,,59.34,,483.2,,Все работают,Критическое с риском отказа
85.15,,,,72.66,,125.0,,Критическое
,74.33,,5.46,,,,Некоторые остановлены,Критическое с риском отказа
,,68.88,,,8123.38,,,Критическое с риском отказа
21.65,75.06,48.76,4.58,29.82,,5.0,Критический сервис остановлен,Критическое с риском отказа
87.64,14.75,94.99,,70.69,,0.0,,Критическое с риском отказа
28.47,8.78,,988.6,62.87,5902.3,99.0,Все работают,Оптимальное
2.51,69.28,62.26,46.34,90.17,9369.63,,Все работают,Критическое
33.64,,,13.22,99.89,,60.0,,Критическое с риском отказа
,16.7,30.37,,78.44,8892.91,,,Хорошее
,,,13.01,42.88,,,,Критическое
48.92,25.39,69.98,67.58,75.17,,,,Хорошее
,,,,,393.3,,,Хорошее
25.28,89.65,,66.38,,,,,Критическое
27.29,,,,52.26,,48.0,,Оптимальное
,15.32,20.96,756.06,64.04,2010.12,81.0,Все работают,Оптимальное
46.02,71.83,51.08,,55.54,8559.12,435.0,Некоторые остановлены,Критическое
29.73,,87.09,19.16,,,372.0,,Критическое
26.72,88.23,85.45,,94.56,4891.04,473.0,,Критическое
,,,708.78,,2193.1,75.0,,Оптимальное
86.98,,71.78,311.65,84.23,9080.62,471.0,Некоторые остановлены,Критическое
,14.84,,,,,,,Критическое с риском отказа
,5.39,52.27,,,8272.68,151.0,Все работают,Хорошее
,16.01,,623.01,,8042.64,139.0,,Хорошее
,,,779.72,,8049.44,,,Хорошее
44.93,,,,,,,,Хорошее
4.16,11.73,20.71,375.55,23.24,,67.0,Все работают,Оптимальное
,,,232.95,,,,,Хорошее
,2.55,,1.04,79.82,8229.36,726.0,Все работают,Критическое с риском отказа
,,,,98.31,,,,Критическое с риском отказа
,30.79,34.44,,,2290.72,95.0,Все работают,Оптимальное
86.75,17.31,,66.45,42.75,,134.0,Все работают,Критическое
53.32,52.9,41.82,,83.09,6934.37,152.0,Все работают,Хорошее
87.59,85.94,32.25,53.43,,9395.83,75.0,,Критическое
,,,,,4853.4,,,Оптимальное
,,,,79.89,,,,Критическое
,,46.75,,,5276.94,80.0,Все работают,Оптимальное
,94.47,66.66,39.45,79.89,9440.64,356.0,,Критическое
,84.69,98.36,,,,,,Критическое
24.93,14.51,,,,4298.42,82.0,Все работают,Оптимальное
,33.02,,,35.92,1267.76,,Все работают,Оптимальное
33.48,,,,,,43.0,Некоторые остановлены,Критическое
47.38,,54.08,,,,98.0,Все работают,Хорошее
94.8,,,,,,,,Критическое с риском отказа
58.02,51.32,25.16,,,,83.0,Все работают,Хорошее
,23.92,,436.08,,,,,Оптимальное
12.15,17.39,,79.39,77.9,8733.31,198.0,Все работают,Хорошее
4.16,7.19,,,38.36,5660.1,,Все работают,Оптимальное
,,97.51,101.28,84.99,9980.16,,Некоторые остановлены,Критическое
25.29,,,,,8629.01,,Все работают,Хорошее
,,,54.41,,,159.0,Все работают,Хорошее
,11.56,,,,,,,Хорошее
,24.1,,,,,,,Оптимальное
,45.34,29.72,744.95,4.47,8139.91,60.0,Все работают,Хорошее
9.58,1.23,,510.33,,1304.55,84.0,Все работают,Оптимальное
,,,,41.55,,,,Оптимальное
72.72,61.75,,46.59,,,85.0,Все работают,Критическое
,64.53,60.34,,,8362.06,143.0,,Хорошее
20.55,21.46,,,,3246.34,,,Оптимальное
7.27,11.58,71.57,311.49,19.4,9855.48,,Все работают,Критическое
,54.74,95.41,453.75,88.14,9725.39,425.0,Некоторые остановлены,Критическое
,,30.67,701.64,,,,Все работают,Оптимальное
,,,268.56,8.59,,,Все работают,Оптимальное
12.48,27.37,31.24,183.68,14.5,3833.58,,Все работают,Оптимальное
56.82,17.18,,,50.67,7261.9,,Все работают,Хорошее
0.36,12.0,44.4,,35.02,3873.04,55.0,Все работают,Оптимальное
,,,,78.18,,70.0,,Хорошее
,,,874.4,,,52.0,Все работают,Оптимальное
,95.67,37.63,45.93,99.73,8658.24,126.0,Некоторые остановлены,Критическое с риском отказа
,,,47.03,97.44,1454.31,,,Критическое
,36.35,54.24,,77.13,,182.0,,Хорошее
38.91,21.97,37.79,,42.19,922.07,124.0,,Хорошее
,,,,,,,Некоторые остановлены,Критическое
13.78,51.66,,25.66,,,193.0,Все работают,Критическое
,39.58,110.69,662.07,86.08,9722.08,666.0,,Критическое с риском отказа
37.96,14.02,21.44,79.07,83.23,,58.0,,Критическое
53.79,,30.47,74.0,71.99,8802.72,196.0,,Хорошее
30.08,,72.61,,76.63,,,,Хорошее
9.91,29.24,32.16,304.54,40.94,5902.5,57.0,,Оптимальное
,,,,32.47,,,,Критическое с риском отказа
13.46,,,174.22,5.95,7939.06,,Все работают,Оптимальное
79.77,96.45,52.35,7.61,93.92,9613.03,,Все работают,Критическое с риском отказа
92.13,93.3,116.86,564.25,,9037.68,333.0,Критический сервис остановлен,Критическое с риском отказа
,,,,,8500.38,35.0,,Хорошее
5.63,17.65,,181.04,,200.03,,,Оптимальное
,0.23,,,,7900.52,,,Оптимальное
16.71,44.27,23.09,,,5627.6,34.0,,Хорошее
,,,,,,,Некоторые остановлены,Критическое
65.12,,37.63,,75.54,7300.24,,Некоторые остановлены,Критическое с риском отказа
,17.85,,,,2015.0,,,Хорошее
,78.6,73.33,2.74,,,113.0,Все работают,Критическое с риском отказа
1.39,,55.6,,86.81,,,,Критическое
23.52,,,,,,,,Критическое
37.83,,,,,,81.0,,Критическое
,,39.45,129.03,,,91.0,,Хорошее
,31.64,57.89,79.67,,,64.0,Все работают,Хорошее
,,,,,9306.08,,,Критическое с риском отказа
45.34,47.62,49.9,50.02,72.55,8840.76,109.0,,Хорошее
,,,,,7910.35,86.0,,Оптимальное
56.49,59.92,51.07,44.28,,8059.65,85.0,,Критическое
42.8,,41.66,67.1,83.5,8032.46,129.0,Все работают,Хорошее
,,,,,7587.42,132.0,,Хорошее
18.5,16.35,26.54,227.63,8.11,,95.0,Все работают,Оптимальное
23.31,17.5,,,,1138.53,92.0,Все работают,Оптимальное
,68.19,,73.26,,2291.07,,Все работают,Хорошее
12.66,,67.81,,,,,,Критическое с риском отказа
88.06,85.69,,922.74,76.29,,233.0,Некоторые остановлены,Критическое
,,,,6.4,4881.51,,,Оптимальное
8.0,,,,1.66,,65.0,,Оптимальное
,,,,73.91,,,,Хорошее
79.49,94.26,41.74,,78.89,,49.0,,Критическое
0.46,66.13,61.74,,99.7,,9.0,Все работают,Критическое с риском отказа
,,22.05,,91.08,,,,Критическое
10.22,44.55,63.31,,,8207.55,137.0,,Хорошее
31.18,,,37.82,65.82,,103.0,Некоторые остановлены,Критическое
,23.39,,,,,,,Критическое с риском отказа
33.08,8.83,,115.88,,,,,Хорошее
,57.69,65.78,,,,,,Хорошее
,,,,65.02,,,Все работают,Хорошее
23.92,,111.96,,99.26,,6.0,,Критическое с риском отказа
54.98,64.63,91.51,,59.68,,,,Критическое
35.51,,70.77,39.01,,9712.03,,Все работают,Критическое
27.37,,,,,,46.0,Все работают,Оптимальное
22.26,28.69,24.43,,65.08,,81.0,Все работают,Оптимальное
5.07,,,73.08,28.54,,87.0,Все работают,Критическое
15.09,34.9,,122.68,,5540.98,94.0,Все работают,Оптимальное
,,36.8,340.58,63.07,7611.82,75.0,Все работают,Оптимальное
23.52,31.72,,483.11,88.65,9664.47,,,Критическое
5.85,33.02,26.49,547.63,67.89,,63.0,Все работают,Оптимальное
14.39,51.58,65.22,,84.81,5586.74,168.0,Все работают,Хорошее
85.54,,71.79,,83.58,3273.48,,,Критическое
24.19,,35.97,664.0,11.27,703.44,93.0,Все работают,Оптимальное
,,53.71,,,,,,Хорошее
55.92,17.45,,563.58,51.34,,35.0,Все работают,Хорошее
,,,,80.11,7158.35,,,Хорошее
15.34,,53.29,61.09,,,155.0,Все работают,Хорошее
10.31,25.16,,,13.07,573.36,43.0,Все работают,Оптимальное
,,,,,,199.0,,Критическое с риском отказа
,,66.69,,86.54,,,,Критическое
,83.72,53.99,20.86,,,,,Критическое
28.67,82.83,,,,,97.0,Некоторые остановлены,Критическое
53.36,47.73,33.26,55.43,82.23,5383.63,,Все работают,Хорошее
,,,,,,102.0,,Критическое
,4.18,,419.31,,,94.0,Все работают,Оптимальное
67.97,,82.29,30.08,86.38,8884.48,956.0,Критический сервис остановлен,Критическое с риском отказа
,,,816.75,,8807.5,,,Хорошее
1.56,15.01,25.98,460.19,5.02,,,Все работают,Оптимальное
32.1,53.49,59.33,531.19,,9243.14,,,Критическое
26.99,36.4,35.17,131.58,,4912.78,92.0,Все работают,Оптимальное
41.19,80.22,94.73,,98.57,9333.36,,Критический сервис остановлен,Критическое с риском отказа
,,59.42,,77.84,,47.0,,Хорошее
24.45,,,,,7432.23,,Все работают,Хорошее
2.56,,,,16.42,6485.53,114.0,Все работают,Хорошее
,,44.06,467.71,2.35,,65.0,Все работают,Оптимальное
2.95,64.69,,693.84,,8175.91,193.0,Все работают,Хорошее
,,,,68.62,,41.0,Все работают,Хорошее
,65.86,66.45,965.24,77.67,,135.0,,Хорошее
,,50.78,,,8124.38,,Все работают,Хорошее
,4.44,32.39,82.13,43.37,509.43,93.0,Все работают,Оптимальное
62.68,79.68,,757.04,,,487.0,,Критическое
3.9,74.23,,71.87,81.48,,239.0,,Критическое
,,,,,,98.0,,Критическое
23.93,24.78,43.98,164.02,0.78,,30.0,Все работают,Оптимальное
89.81,45.09,91.63,627.42,54.02,,216.0,Все работают,Критическое
40.22,65.9,,73.86,82.44,,122.0,,Хорошее
,,36.06,899.83,60.88,713.4,61.0,Все работают,Оптимальное
,,,66.91,,8228.59,144.0,,Хорошее
,,40.56,831.72,,,198.0,Все работают,Критическое
27.52,,,,,,119.0,,Критическое
7.58,,41.73,671.17,67.08,854.01,,Все работают,Оптимальное
,,,38.44,,,,Все работают,Критическое
,,,,,,60.0,,Оптимальное
,89.92,,,98.87,,,,Критическое с риском отказа
,28.47,32.95,343.56,,4882.47,32.0,Все работают,Оптимальное
,29.62,,,99.42,9701.66,,,Критическое с риском отказа
,22.41,34.92,,,,,,Оптимальное
90.42,95.61,66.8,,,,,Некоторые остановлены,Критическое с риском отказа
,,,,84.03,,,,Хорошее
5.16,,,54.91,97.49,9424.04,68.0,,Критическое с риском отказа
14.21,36.38,47.74,753.44,,361.52,90.0,Все работают,Оптимальное
3.51,,37.3,144.72,12.44,,55.0,Все работают,Оптимальное
83.14,,,,,9077.52,,Все работают,Критическое
,37.6,45.17,922.44,19.97,1530.56,73.0,Все работают,Оптимальное
,,,,,,768.0,Критический сервис остановлен,Критическое с риском отказа
34.87,,,,,8276.12,95.0,,Хорошее
2.16,30.53,,915.6,,3944.37,90.0,,Оптимальное
,67.23,88.62,,88.02,8452.93,318.0,Некоторые остановлены,Критическое
,,,7.38,,,4.0,,Критическое с риском отказа
,1.73,,,50.5,3352.53,44.0,Все работают,Оптимальное
,,,50.52,81.17,,,,Критическое
,16.32,40.76,538.04,44.25,6865.99,39.0,Все работают,Оптимальное
90.49,99.22,,41.45,98.77,,413.0,,Критическое с риском отказа
,69.31,,,69.55,7916.66,75.0,,Хорошее
2.02,43.87,66.69,,,,99.0,Все работают,Хорошее
76.66,80.86,,30.98,,9311.55,66.0,,Критическое
,8.62,,,63.73,,41.0,,Оптимальное
14.3,,,,,,,,Оптимальное
54.06,55.34,60.3,22.37,,1698.67,33.0,Все работают,Критическое
17.0,47.34,26.85,51.21,71.37,7249.13,37.0,,Хорошее
48.7,51.78,69.25,469.61,21.96,6742.06,,Все работают,Хорошее
13.32,37.24,,864.52,10.31,427.77,91.0,Все работают,Оптимальное
13.87,26.23,69.42,,,8539.45,,Все работают,Хорошее
,86.82,68.13,70.55,,8929.4,159.0,,Критическое с риском отказа
16.93,28.57,66.23,604.38,84.71,,111.0,,Хорошее
45.13,,103.42,31.18,95.63,5668.44,586.0,Критический сервис остановлен,Критическое с риском отказа
,24.71,,993.8,,,,Все работают,Оптимальное
13.27,28.39,26.41,718.84,22.35,4581.36,85.0,,Оптимальное
79.76,6.99,54.86,77.39,69.96,,156.0,,Критическое
,,27.59,,44.05,,,,Оптимальное
,16.43,34.01,706.48,15.45,2967.02,31.0,Все работают,Оптимальное
,,20.93,668.8,10.74,,,,Оптимальное
37.26,45.82,,,,,111.0,Все работают,Хорошее
,,59.0,4.65,,,,Все работают,Критическое с риском отказа
,,,,,,,Некоторые остановлены,Критическое
6.62,,44.9,669.7,8.44,2372.88,,,Оптимальное
,,,684.08,,,,Все работают,Оптимальное
,,27.83,61.58,82.97,8024.58,,,Хорошее
29.74,67.19,29.89,,4.15,8474.32,107.0,Все работают,Хорошее
59.28,33.46,37.79,53.62,11.76,,117.0,,Хорошее
,,112.58,,74.1,9780.98,10.0,Некоторые остановлены,Критическое с риском отказа
,,,646.14,38.79,,,Все работают,Хорошее
36.86,,88.1,,1.11,,,,Критическое
16.52,33.24,,244.78,,,,Все работают,Оптимальное
0.49,30.76,,797.3,39.25,4360.51,84.0,Все работают,Оптимальное
,40.04,20.06,584.66,,9453.44,,Некоторые остановлены,Критическое
8.8,,46.24,207.33,23.93,4076.64,92.0,Все работают,Оптимальное
77.98,40.66,29.41,19.74,,8786.15,,Некоторые остановлены,Критическое
19.92,7.95,39.61,,,1683.34,44.0,,Оптимальное
,,25.59,,20.41,3448.36,33.0,,Оптимальное
4.18,,21.53,232.35,22.97,5360.62,,Все работают,Оптимальное
54.86,52.43,,73.89,,8272.11,30.0,Все работают,Хорошее
,,,17.12,,,,Некоторые остановлены,Критическое
,42.25,,186.8,,9262.58,385.0,,Критическое
20.93,,,,55.6,3430.45,,,Оптимальное
,43.88,,,82.41,724.56,155.0,Все работают,Хорошее
88.69,55.67,,,96.77,3628.93,325.0,,Критическое
,,,955.54,30.09,,87.0,,Оптимальное
,,89.55,10.38,,,,,Критическое
,38.99,55.23,71.98,83.81,1917.61,98.0,,Хорошее
,19.1,,,,,38.0,,Хорошее
,1.97,,,,,70.0,,Оптимальное
,,37.27,,,,,,Оптимальное
21.61,,45.17,783.19,,,57.0,,Хорошее
56.04,31.92,74.33,,,,113.0,,Хорошее
47.13,34.96,45.29,51.25,,,,Все работают,Хорошее
,16.81,63.26,751.49,,6062.2,132.0,,Хорошее
4.74,25.34,,622.03,74.23,,118.0,Все работают,Хорошее
,,,,80.13,9302.72,,Некоторые остановлены,Критическое
,,,,99.06,,,,Критическое с риском отказа
21.74,,,206.92,,,41.0,Все работают,Оптимальное
12.78,,,,,8780.0,,Все работают,Критическое
,,69.9,63.01,,,,Все работают,Хорошее
,,,,,,98.0,,Критическое
,,55.37,62.76,,,78.0,Все работают,Хорошее
3.72,,104.93,,,9227.07,,Критический сервис остановлен,Критическое с риском отказа
,43.65,87.39,45.35,19.46,8316.24,,Все работают,Критическое
20.01,27.1,33.25,667.82,48.32,1593.74,43.0,,Оптимальное
17.24,14.79,39.97,,8.5,7448.55,,Все работают,Оптимальное
24.47,,46.19,,,,,,Оптимальное
26.85,,,,23.5,1514.03,97.0,Все работают,Оптимальное
,,58.68,,,,,,Хорошее
,,,,,,286.0,,Критическое
17.71,32.44,,,,,,,Оптимальное
,1.08,25.15,318.53,24.99,,96.0,,Оптимальное
,23.92,,,,,,,Оптимальное
,24.61,,731.51,92.3,5357.8,,,Критическое
,,,,,2155.46,,,Хорошее
,,,,78.47,,,,Критическое
33.99,59.75,46.08,462.54,72.22,4102.28,135.0,,Хорошее
,,,,,8212.59,,Все работают,Хорошее
,66.34,63.97,255.54,,,124.0,,Хорошее
,0.49,28.71,223.34,,,,Все работают,Оптимальное
19.5,,,,,,82.0,Некоторые остановлены,Критическое
66.01,,,,58.16,,2.0,,Критическое с риском отказа
,,82.53,70.99,,8140.44,331.0,,Критическое
,64.79,49.68,,,,180.0,Все работают,Хорошее
6.06,9.0,42.16,180.4,10.86,1985.25,,Все работают,Оптимальное
,,,573.25,,2347.68,,,Оптимальное
,,,,37.0,,,,Критическое
5.18,,,,,,,,Критическое
,45.17,69.64,,69.91,8289.56,41.0,Все работают,Хорошее
6.2,36.75,32.5,137.38,47.12,7530.23,,Все работают,Оптимальное
5.17,37.12,28.4,660.4,32.64,,,,Оптимальное
53.23,,,60.11,83.02,8893.43,,,Хорошее
14.3,14.74,,340.97,17.03,5812.19,46.0,,Оптимальное
,46.2,,66.93,16.38,,,Все работают,Хорошее
,,,360.07,,,,,Оптимальное
,24.63,,,,,,,Оптимальное
,9.94,106.16,,,,,,Критическое с риском отказа
,19.81,50.91,51.46,51.51,1829.52,,,Хорошее
,19.77,39.57,460.23,51.16,219.88,,Все работают,Оптимальное
3.18,,,,,4706.39,,Некоторые остановлены,Критическое
,,40.7,479.99,44.44,322.33,83.0,Все работают,Оптимальное
54.67,,,,,,,Все работают,Хорошее
80.87,66.46,78.39,66.87,,8636.05,,Все работают,Критическое
,,,,,4303.23,,,Критическое
,,,,,6663.0,,,Оптимальное
39.95,,,60.58,94.77,,,Все работают,Критическое
,,48.75,815.37,,,,,Оптимальное
12.31,,,,56.05,4000.07,,,Оптимальное
,20.6,,,62.82,8994.13,,,Критическое с риском отказа
8.52,12.23,,326.47,60.46,4799.63,96.0,Все работают,Оптимальное
73.54,76.81,,,87.9,,10.0,,Критическое с риском отказа
41.34,,117.88,247.03,36.98,,39.0,,Критическое с риском отказа
25.84,,,822.25,,,89.0,,Оптимальное
27.75,69.63,66.29,,72.51,8899.44,,Все работают,Хорошее
1.47,,,66.96,,,,,Хорошее
20.32,,,,,,,,Критическое
27.14,82.88,,31.61,90.0,9121.2,370.0,,Критическое
,,80.46,5.15,,9815.97,,,Критическое с риском отказа
,97.75,115.85,,,,,,Критическое с риском отказа
,,,,,4158.18,57.0,,Критическое с риском отказа
,,,,,,114.0,,Хорошее
,,78.15,77.69,,4763.46,37.0,,Критическое
5.48,,30.82,282.76,,1598.67,,Все работают,Оптимальное
52.13,56.94,50.81,77.65,37.14,,56.0,,Хорошее
54.92,16.25,,,82.71,,119.0,Все работают,Хорошее
,,,,,6865.99,39.0,,Оптимальное
,,,,,9982.77,,,Критическое с риском отказа
,12.6,,,,,,,Оптимальное
56.99,,,809.2,,,121.0,,Хорошее
,,25.05,77.41,31.45,,,,Критическое с риском отказа
,,74.26,,,,,,Хорошее
11.63,95.07,,50.93,,247.39,,Все работают,Критическое с риском отказа
,,,,63.32,,,,Хорошее
94.72,,96.22,30.3,91.82,5379.02,4.0,,Критическое с риском отказа
7.89,,,,,,85.0,Все работают,Оптимальное
,0.45,,,,,,,Оптимальное
25.13,,,,,8359.22,,Некоторые остановлены,Критическое
86.54,,66.57,388.15,,7371.11,272.0,,Критическое
,7.56,41.9,968.47,12.05,5081.36,,Все работают,Оптимальное
9.36,42.24,31.87,967.08,74.43,,194.0,,Хорошее
5.29,,,,,,,,Оптимальное
28.96,0.99,20.6,76.16,,6137.54,84.0,,Хорошее
,,74.8,,77.08,,,,Хорошее
,,78.83,386.94,79.84,8978.86,104.0,Некоторые остановлены,Критическое
21.77,12.2,36.96,,24.25,70.86,57.0,Все работают,Оптимальное
,7.42,,817.25,22.75,1562.72,,Все работают,Оптимальное
11.03,,39.99,835.32,,4141.7,57.0,Все работают,Оптимальное
20.19,,,,7.37,2977.94,,,Оптимальное
,,27.51,945.99,77.24,,113.0,Все работают,Хорошее
,6.86,,,60.84,,,Все работают,Хорошее
,,36.0,,,363.96,,,Оптимальное
,99.41,101.75,,84.84,9479.68,,,Критическое с риском отказа
,,,970.47,,,87.0,,Оптимальное
3.81,31.94,49.25,,83.24,,157.0,Все работают,Хорошее
,,,,73.7,4628.02,4.0,,Критическое с риском отказа
41.21,64.03,43.19,51.14,83.82,,62.0,,Хорошее
20.88,20.61,66.99,64.83,80.42,5813.68,,,Хорошее
40.97,94.01,69.85,133.93,82.72,,479.0,,Критическое
,,,,,7101.96,,,Критическое
,,,,89.35,,,,Критическое с риском отказа
22.15,15.23,27.14,,,,,,Оптимальное
,80.84,,,64.91,,355.0,,Критическое с риском отказа
23.07,,49.0,53.18,,8445.78,198.0,,Хорошее
3.41,,63.47,,83.19,6882.34,411.0,Все работают,Критическое
,1.73,,,,3352.53,,Все работают,Оптимальное
,,,,,2905.86,,,Критическое с риском отказа
,,,,52.02,4381.7,76.0,Все работают,Оптимальное
2.38,,34.46,826.3,,,63.0,Все работают,Оптимальное
1.88,21.37,33.67,419.94,69.73,4783.9,,Все работают,Оптимальное
,,40.9,106.01,11.23,3284.29,50.0,Все работают,Оптимальное
,35.46,,,,,,,Оптимальное
,,63.75,,,8299.89,190.0,,Хорошее
83.14,32.28,56.57,29.85,85.72,,173.0,Некоторые остановлены,Критическое
6.99,41.41,,,,,,,Хорошее
28.05,38.37,43.61,790.84,8.22,,56.0,Все работают,Оптимальное
2.04,11.23,66.26,571.99,57.45,,114.0,,Критическое
,,,,,,204.0,Все работают,Критическое
41.84,47.93,46.67,307.05,,8333.31,142.0,Все работают,Хорошее
,,,46.56,,,,Все работают,Критическое
7.31,8.14,34.13,938.35,,,,Все работают,Оптимальное
,74.49,,70.34,,,410.0,,Критическое
95.35,,,,,,998.0,Критический сервис остановлен,Критическое с риском отказа
,,,,,,187.0,,Хорошее
,,50.66,22.5,99.99,,,Все работают,Критическое с риском отказа
20.28,,,,35.24,2377.54,,,Оптимальное
44.37,30.72,72.3,67.66,92.78,,134.0,,Критическое
15.91,20.66,,,,4450.38,,,Оптимальное
,39.85,38.74,624.52,,1677.91,,Все работают,Оптимальное
94.36,27.75,41.3,36.52,83.65,,,,Критическое с риском отказа
64.92,,81.18,,,,,,Критическое с риском отказа
40.36,96.42,72.25,72.9,87.43,,780.0,Все работают,Критическое с риском отказа
,,28.59,440.74,33.0,7568.06,58.0,Все работают,Оптимальное
21.77,,,,,,61.0,,Оптимальное
38.2,60.61,,,74.29,,,Все работают,Хорошее
10.31,25.16,36.8,306.31,13.07,573.36,43.0,,Оптимальное
1.84,2.55,46.81,712.14,36.57,,,Все работают,Оптимальное
,,,,42.5,,61.0,,Хорошее
,,,,,,86.0,Все работают,Хорошее
,65.88,,65.82,,9927.52,148.0,Все работают,Критическое
,75.24,58.23,213.26,,252.37,,Все работают,Критическое
49.12,46.72,64.23,61.57,82.86,,46.0,Все работают,Хорошее
,,,,,7298.86,,Все работают,Оптимальное
57.08,16.77,72.73,908.19,31.23,5579.77,138.0,,Хорошее
34.43,63.38,53.66,,13.22,7834.19,99.0,,Хорошее
6.42,,,,,,60.0,,Оптимальное
,3.28,23.25,412.59,,5606.16,86.0,,Оптимальное
,,,,,,171.0,,Критическое
9.23,,37.81,,,7662.92,,Все работают,Оптимальное
,,37.49,,,,,,Оптимальное
0.45,,40.32,600.59,31.25,4428.87,55.0,,Оптимальное
,,,,,,,Все работают,Оптимальное
15.65,34.58,69.14,,63.76,9431.43,97.0,,Критическое с риском отказа
86.65,,90.97,,,,,Некоторые остановлены,Критическое
,,,,81.54,,534.0,,Критическое с риском отказа
,,,744.95,,,,Все работают,Хорошее
,99.88,,9.91,,9345.3,10.0,Все работают,Критическое с риском отказа
,,,,,6536.83,,,Оптимальное
16.57,,29.77,,,,,,Оптимальное
29.67,10.1,26.76,828.73,40.75,265.91,,Все работают,Оптимальное
,99.44,111.96,27.89,99.26,,6.0,Некоторые остановлены,Критическое с риском отказа
,38.67,25.04,164.03,11.54,,,Все работают,Оптимальное
,,34.44,136.62,,2290.72,,,Оптимальное
,27.35,47.71,,6.09,,50.0,,Оптимальное
,29.41,,,17.49,,62.0,,Оптимальное
,9.38,,,,,,Все работают,Оптимальное
,,,68.38,,1362.03,,,Критическое
,47.01,54.91,,,,,,Критическое
49.24,8.03,44.97,,0.28,,84.0,Все работают,Хорошее
,,,490.39,,,,,Оптимальное
,,,125.57,98.77,8136.35,,,Критическое с риском отказа
,38.16,,,22.05,,66.0,,Оптимальное
39.04,23.13,72.96,78.91,36.36,,44.0,,Хорошее
96.62,,53.33,,93.18,1576.82,167.0,,Критическое с риском отказа
,,,,35.0,,32.0,Все работают,Критическое
,,,,,,272.0,,Критическое
,,,,3.0,2118.53,,,Оптимальное
10.72,,47.89,416.55,16.29,1627.44,,Все работают,Оптимальное
62.49,57.38,,52.2,91.5,1668.59,188.0,Все работают,Критическое
,,36.27,297.57,45.98,5202.08,,Все работают,Оптимальное
4.28,16.17,,,,,200.0,Все работают,Хорошее
,87.09,99.44,62.7,37.5,,,Все работают,Критическое
,47.34,26.85,51.21,71.37,7249.13,37.0,Все работают,Хорошее
,,,,,8727.84,204.0,,Критическое
58.5,57.14,,,,,,,Хорошее
24.32,96.42,87.98,70.12,,,3.0,Критический сервис остановлен,Критическое с риском отказа
11.22,22.7,43.28,748.74,17.07,,81.0,Все работают,Оптимальное
,,,,,,37.0,,Оптимальное
,,,,,9825.34,,,Критическое
,54.72,,,8.23,8194.22,141.0,Все работают,Хорошее
,,114.76,,95.68,,,,Критическое с риском отказа
,,75.43,602.12,,8381.02,123.0,,Критическое
8.15,58.52,67.37,862.44,71.04,,130.0,Все работают,Хорошее
28.78,,95.75,178.4,10.11,,148.0,Некоторые остановлены,Критическое
78.75,,93.44,,70.45,,215.0,Все работают,Критическое
19.62,91.05,49.67,654.92,,9370.5,158.0,,Критическое
,,33.47,,90.16,,245.0,Все работают,Критическое
8.18,34.34,27.69,620.42,,,81.0,,Оптимальное
,2.22,26.8,,81.48,7627.21,,Все работают,Хорошее
,,,,74.74,,,,Хорошее
93.08,62.33,71.6,470.02,99.22,,715.0,Все работают,Критическое с риском отказа
11.21,15.32,20.96,756.06,64.04,,81.0,Все работают,Оптимальное
,,64.12,,,,,,Хорошее
19.99,3.34,25.99,,,,,Все работают,Оптимальное
51.49,,49.47,,,8448.17,42.0,Все работают,Хорошее
,,,984.53,,,,,Оптимальное
,,,,,2243.0,74.0,,Оптимальное
13.07,,36.67,,,2081.79,44.0,,Оптимальное
,51.52,96.76,,28.54,,87.0,Все работают,Критическое
30.6,,,,,8705.28,43.0,,Хорошее
41.71,,104.15,39.17,,9928.77,,,Критическое с риском отказа
6.75,,,215.26,47.97,,,Все работают,Оптимальное
,24.88,,,,,84.0,,Оптимальное
,,,,98.2,,158.0,,Критическое с риском отказа
35.97,,43.78,,55.48,,46.0,,Хорошее
96.34,,,,,,,Критический сервис остановлен,Критическое с риском отказа
,86.37,,,,6738.83,189.0,,Критическое с риском отказа
3.64,,,376.16,,,,,Оптимальное
,62.28,,,84.39,,40.0,Все работают,Хорошее
,9.4,43.7,,,7614.06,,,Оптимальное
,,,,,,,Все работают,Оптимальное
,27.45,38.36,37.59,24.9,8345.63,,Некоторые остановлены,Критическое
15.51,,,569.64,70.16,,,,Хорошее
,,,,75.87,,,Все работают,Критическое с риском отказа
,36.87,46.5,,,,,Все работают,Оптимальное
,,93.27,,99.25,5716.93,,,Критическое с риском отказа
,,94.27,,,,,,Критическое
25.61,19.98,,218.37,57.81,5553.55,,,Оптимальное
,56.33,21.26,192.56,,,175.0,,Хорошее
10.21,,,,,,,,Оптимальное
23.4,36.31,23.54,,32.19,1280.42,53.0,,Оптимальное
,11.39,33.24,,,,,Все работают,Оптимальное
16.22,32.9,29.61,,49.62,1477.89,65.0,Все работают,Оптимальное
11.07,60.26,,93.96,75.59,2963.65,158.0,,Хорошее
59.33,,,56.71,25.47,,,Некоторые остановлены,Критическое
48.86,96.52,,51.59,,,,,Критическое с риском отказа
17.84,11.7,,200.86,,624.81,90.0,Все работают,Оптимальное
,,,,10.45,,322.0,,Критическое с риском отказа
6.62,,,,37.03,1277.94,,Все работают,Оптимальное
,,,,50.94,,,,Оптимальное
,62.33,39.88,,94.29,9443.68,432.0,Некоторые остановлены,Критическое
13.61,,28.05,645.25,43.63,,,,Оптимальное
64.92,76.78,48.38,309.45,,,,,Критическое
7.79,15.92,,,,,35.0,Все работают,Оптимальное
41.87,88.82,28.27,56.79,,9146.1,94.0,Все работают,Критическое
,24.8,,967.79,,,60.0,,Оптимальное
,26.29,,,,3239.32,,,Оптимальное
,24.8,,,,1625.81,,,Оптимальное
39.38,,,64.22,90.4,,117.0,Все работают,Критическое
35.38,67.06,,,,,,,Критическое
18.28,,37.31,,,7679.27,91.0,Все работают,Оптимальное
,,46.8,,,,,,Хорошее
28.41,28.76,,,,,,,Оптимальное
,78.45,65.08,59.75,83.98,8269.78,723.0,Все работают,Критическое с риском отказа
20.94,,114.4,,93.74,9020.61,161.0,Все работают,Критическое с риском отказа
15.59,32.32,,,55.97,3312.33,57.0,,Оптимальное
13.98,38.38,43.06,174.98,68.39,3691.6,63.0,,Оптимальное
5.61,,31.56,628.24,48.0,,120.0,Все работают,Хорошее
82.95,76.72,75.47,43.04,25.63,8954.71,328.0,,Критическое
5.23,97.75,115.85,1.42,81.59,,242.0,,Критическое с риском отказа
14.42,,43.62,989.33,,,,,Оптимальное
,,,,,,33.0,,Оптимальное
63.97,,33.42,22.28,,382.29,165.0,Все работают,Критическое
,60.79,,,47.91,,,,Критическое с риском отказа
82.0,79.53,,48.04,,13.16,,Некоторые остановлены,Критическое
,18.82,44.9,,6.8,5084.66,,Все работают,Оптимальное
46.6,,,,,8608.02,,,Хорошее
,,,,79.58,,,,Хорошее
25.28,,,,80.13,,,,Критическое
15.62,17.14,31.29,,,2607.04,39.0,,Оптимальное
25.52,,47.44,116.81,66.55,4644.68,94.0,Все работают,Оптимальное
15.28,56.52,,,81.97,9093.89,,,Критическое
,38.14,,460.25,,,,,Хорошее
,62.59,,65.66,,8213.65,102.0,Все работают,Хорошее
,69.23,23.69,,,7452.19,,Все работают,Хорошее
,45.99,39.45,,8.79,6377.76,,,Хорошее
,,23.96,166.19,5.95,2771.69,,,Оптимальное
,44.87,37.55,,,,108.0,,Критическое
,,,604.65,,,,Все работают,Оптимальное
,17.3,,434.09,,6664.08,,,Оптимальное
,93.81,,,,,,,Критическое с риском отказа
,,80.36,,,,,,Критическое с риском отказа
7.13,,,249.92,67.32,5782.11,85.0,Все работают,Оптимальное
,70.75,21.94,31.22,99.19,6648.08,654.0,Все работают,Критическое с риском отказа
,,,,,,,Все работают,Критическое
48.0,,,,,,126.0,,Хорошее
,,,783.19,,,,,Хорошее
,34.12,30.78,,64.61,2694.51,85.0,,Оптимальное
,,,70.12,,7354.29,135.0,,Хорошее
19.2,27.64,26.43,,,,55.0,Все работают,Критическое
,10.55,,190.31,,,,,Оптимальное
,,,,,1300.88,,,Оптимальное
28.66,,100.0,,71.86,9336.03,7.0,,Критическое с риском отказа
,38.15,70.16,75.37,12.24,8556.21,,,Хорошее
,97.36,,,,,,,Критическое с риском отказа
,,,52.21,77.16,7968.93,191.0,Все работают,Хорошее
0.5,36.33,25.81,130.63,,,41.0,Все работают,Оптимальное
66.0,,,,,,,,Критическое
,,,,,,191.0,,Хорошее
,45.65,,,,8906.91,,Все работают,Хорошее
,,,,,,95.0,,Оптимальное
46.65,,,71.73,38.84,,200.0,Все работают,Хорошее
24.6,,,,56.76,3403.63,,,Оптимальное
,94.89,54.25,,99.06,8432.05,,,Критическое с риском отказа
8.1,21.38,,503.24,5.27,3472.5,75.0,Все работают,Оптимальное
5.43,,34.31,,31.05,,,,Оптимальное
,8.0,24.37,376.16,22.46,,34.0,Все работают,Оптимальное
,,74.26,31.69,,,852.0,Все работают,Критическое с риском отказа
,9.6,72.82,19.13,93.53,7572.38,309.0,Все работают,Критическое
13.36,43.44,73.92,46.84,,,,Все работают,Критическое
30.82,68.65,33.24,,,8572.08,122.0,Все работают,Хорошее
,,,,40.02,5326.75,,Все работают,Оптимальное
,,,,,8193.48,,Все работают,Хорошее
3.41,,63.47,,83.19,6882.34,,,Критическое
95.84,,,,,,,Критический сервис остановлен,Критическое с риском отказа
25.68,,,582.23,,8948.81,,,Хорошее
,65.79,,578.44,,,,,Хорошее
,,31.23,71.55,,3664.94,41.0,Все работают,Хорошее
,76.3,78.34,36.02,40.36,8246.08,90.0,Некоторые остановлены,Критическое
,69.54,78.13,,98.77,9479.82,996.0,Все работают,Критическое с риском отказа
,,,,,,150.0,,Хорошее
,,,68.44,98.31,3980.13,,Все работают,Критическое с риском отказа
,83.72,53.99,20.86,39.02,,,Все работают,Критическое
46.67,7.44,63.85,847.82,77.41,8026.84,63.0,,Хорошее
41.83,,49.94,,92.88,8244.41,,Все работают,Критическое с риском отказа
,,,,79.5,,,,Хорошее
92.89,,46.87,25.17,99.02,9944.77,3.0,,Критическое с риском отказа
,16.43,49.35,184.11,,,90.0,,Оптимальное
10.09,56.44,59.96,,,,,,Хорошее
46.24,,65.74,452.69,70.23,8695.83,188.0,Все работают,Хорошее
,,,,,,91.0,Все работают,Критическое
12.72,7.09,,376.94,10.75,4570.14,,Все работают,Оптимальное
,97.64,,,,,,,Критическое с риском отказа
,,,65.29,,,,Некоторые остановлены,Критическое
19.21,65.03,46.8,212.81,16.93,8825.23,,Все работают,Хорошее
22.94,21.04,32.58,,,,,,Оптимальное
,,28.33,,,3455.54,,,Оптимальное
69.49,74.93,37.11,,91.1,9709.51,144.0,Все работают,Критическое
0.24,69.54,78.13,29.83,,,996.0,Все работают,Критическое с риском отказа
50.15,59.2,50.17,171.84,,,,Все работают,Хорошее
49.32,20.78,72.69,34.48,92.3,8066.7,80.0,,Критическое
,,,,,736.79,,,Критическое
22.94,21.04,32.58,347.56,61.24,4394.05,,Все работают,Оптимальное
,,,,74.65,,,Все работают,Хорошее
79.94,,67.83,73.7,75.32,,,Все работают,Критическое
24.12,45.88,44.17,62.65,,8562.14,42.0,,Хорошее
,7.48,55.57,,77.76,2750.67,184.0,,Критическое
,,,606.09,52.94,,36.0,,Оптимальное
31.44,44.15,,75.51,,,183.0,Все работают,Хорошее
44.16,,74.26,75.59,,7539.29,184.0,Все работают,Хорошее
2.64,60.03,52.5,,71.34,8628.59,188.0,Все работают,Хорошее
41.47,,69.05,53.43,19.08,4253.62,75.0,Все работают,Хорошее
27.12,,48.46,214.57,68.04,,69.0,Все работают,Оптимальное
21.45,,31.18,136.77,65.0,,,,Оптимальное
,,72.12,,52.15,,,,Критическое
68.26,,,999.01,66.06,9213.11,91.0,Некоторые остановлены,Критическое
47.37,7.62,,75.18,34.59,9690.28,145.0,Некоторые остановлены,Критическое
29.27,,48.98,,,1392.74,74.0,Все работают,Оптимальное
23.57,,,,,,,,Оптимальное
,31.12,,,,,,,Оптимальное
18.73,51.43,62.64,,,2711.45,,Все работают,Хорошее
,,91.36,,75.95,8429.23,,,Критическое с риском отказа
,,,,,,78.0,,Хорошее
9.34,,,75.52,,,195.0,,Хорошее
25.91,,,,62.03,,,,Хорошее
,,77.32,249.13,76.47,,227.0,,Критическое с риском отказа
14.71,,,893.94,,1235.32,46.0,,Оптимальное
77.05,77.08,,12.68,77.32,8133.35,55.0,Все работают,Критическое
,,,,,,,Все работают,Оптимальное
,,69.86,,71.79,8235.71,,,Хорошее
,,52.66,,,,,,Критическое
,8.66,116.8,296.86,8.52,,,Критический сервис остановлен,Критическое с риском отказа
,,,,,,,Все работают,Оптимальное
45.13,,,,,5668.44,586.0,,Критическое с риском отказа
40.97,,69.85,133.93,82.72,7294.94,479.0,Некоторые остановлены,Критическое
5.45,4.78,32.36,273.48,,7696.8,58.0,Все работают,Оптимальное
9.2,38.82,,,,,,Все работают,Оптимальное
53.54,33.96,32.86,,70.74,8397.04,97.0,Все работают,Хорошее
24.29,36.9,51.63,,13.54,9754.37,85.0,Все работают,Критическое
65.96,9.75,,54.87,68.59,6735.48,442.0,Некоторые остановлены,Критическое
61.82,,74.25,694.01,92.58,9191.34,,,Критическое
,,42.9,483.51,,,,,Оптимальное
14.91,53.98,44.03,115.02,,,,,Хорошее
,63.96,,77.68,,,50.0,,Критическое
22.49,,,,,,,,Оптимальное
51.17,69.96,,53.82,61.58,8095.27,92.0,Все работают,Хорошее
28.38,,,,,9452.41,65.0,,Критическое с риском отказа
,,,,72.16,,,Все работают,Критическое
,,,225.78,30.48,1670.11,72.0,Все работают,Оптимальное
,56.31,,68.67,9.34,8406.95,484.0,Все работают,Критическое
13.92,,,,30.95,,139.0,,Критическое
,33.35,43.44,,,5483.37,33.0,Все работают,Оптимальное
25.69,39.88,,,,,,,Оптимальное
,,20.59,294.75,80.18,,,,Хорошее
,,23.94,451.8,46.14,6531.81,37.0,Все работают,Оптимальное
,96.54,108.16,,,,648.0,,Критическое с риском отказа
10.13,14.3,42.97,68.48,55.68,,185.0,Все работают,Хорошее
,,,,81.53,8096.55,,,Хорошее
40.03,28.88,,,,8359.92,,,Хорошее
27.7,,35.63,770.51,,7253.06,78.0,Все работают,Оптимальное
59.82,12.1,41.54,66.9,78.37,8157.3,,,Хорошее
7.64,97.25,63.65,,98.53,3106.94,5.0,Некоторые остановлены,Критическое с риском отказа
28.7,,44.8,,54.44,,54.0,Все работают,Оптимальное
24.29,22.09,24.34,667.26,,2698.81,38.0,Все работают,Оптимальное
,85.7,,77.58,,2292.99,,Все работают,Критическое с риском отказа
15.59,,43.7,469.3,8.67,2444.71,75.0,,Оптимальное
,62.96,72.65,,,,94.0,,Хорошее
,10.43,44.0,749.16,60.84,6515.13,,,Оптимальное
,,,,,,,Все работают,Критическое
,37.56,73.0,827.98,77.53,4015.27,97.0,Все работают,Хорошее
2.95,,,,,,,,Хорошее
31.86,39.19,69.94,178.06,22.11,,176.0,Все работают,Хорошее
0.45,,40.18,963.25,38.23,2751.27,42.0,Все работают,Оптимальное
,,27.07,,,,,Все работают,Оптимальное
24.32,49.43,,661.11,73.03,8467.28,134.0,Все работают,Хорошее
57.65,81.29,,,,,460.0,,Критическое
29.86,33.16,,,48.27,1482.95,,,Оптимальное
,10.49,,7.57,,,,,Критическое с риском отказа
94.21,21.24,,,,,,Все работают,Критическое с риском отказа
21.11,36.65,33.83,982.02,48.5,,80.0,Все работают,Оптимальное
20.43,,,1.49,,9563.54,663.0,Все работают,Критическое с риском отказа
50.01,,,,,,,Все работают,Хорошее
,13.55,33.29,413.72,,3280.69,,,Оптимальное
,,53.17,,,,,Все работают,Хорошее
0.17,1.81,,,34.39,,,,Оптимальное
55.3,,,21.8,57.63,,415.0,Все работают,Критическое
,36.98,,923.31,,2490.04,,Все работают,Оптимальное
57.07,73.49,,34.11,98.69,3499.3,,,Критическое с риском отказа
,,35.17,,59.58,,,,Оптимальное
,,72.81,,,,,Все работают,Хорошее
28.75,14.57,43.81,,72.9,8381.85,69.0,Все работают,Хорошее
,,,,,7694.97,,,Критическое
3.66,6.36,41.77,384.13,,2423.31,73.0,Все работают,Оптимальное
57.79,,43.44,,71.3,2614.01,43.0,Все работают,Хорошее
,,,,,,169.0,Все работают,Хорошее
,70.18,82.49,31.81,95.72,,,,Критическое
,53.33,,,88.57,,,,Критическое
,,35.69,77.58,38.02,,,,Хорошее
27.66,5.59,36.91,,11.11,2693.37,75.0,Все работают,Оптимальное
2.76,,,,,5291.34,,Все работают,Оптимальное
,,,,,7633.2,,Все работают,Оптимальное
,,,,18.67,,,,Оптимальное
22.76,,32.55,973.05,23.47,7147.78,,Все работают,Оптимальное
,,47.96,,,,93.0,Все работают,Оптимальное
,34.56,40.58,812.94,,,,Все работают,Оптимальное
,78.27,98.96,659.38,27.69,9449.58,,Некоторые остановлены,Критическое
16.94,93.64,72.77,,,,,,Критическое
26.87,,,,,,,,Оптимальное
57.76,64.34,22.65,56.74,,,,,Хорошее
,11.56,33.03,242.45,,,32.0,,Оптимальное
,,35.36,,4.79,,,,Оптимальное
23.74,,,,15.64,,,Все работают,Оптимальное
66.96,,,68.31,86.32,1071.54,74.0,Некоторые остановлены,Критическое
7.45,37.35,,538.86,,,,,Оптимальное
1.51,,54.4,57.01,47.37,8035.63,,,Хорошее
,,51.33,63.95,47.82,,35.0,,Хорошее
,82.98,55.8,,70.29,3185.54,,Все работают,Критическое с риском отказа
,27.16,33.32,567.1,45.47,7684.16,,,Оптимальное
,,,782.93,,1710.97,50.0,,Оптимальное
31.22,1.73,53.17,401.61,,,190.0,,Хорошее
,66.26,80.56,63.59,90.2,8188.3,114.0,Все работают,Критическое
,37.4,40.49,46.01,79.05,9937.82,,Некоторые остановлены,Критическое
,,41.74,,,,,,Хорошее
2.33,,,,,,55.0,,Оптимальное
,,,,,,,Все работают,Хорошее
72.13,96.75,101.35,225.98,37.53,,3.0,,Критическое с риском отказа
,,37.16,,55.35,8099.88,83.0,Все работают,Хорошее
,59.22,47.1,55.95,65.66,8238.36,199.0,Все работают,Хорошее
2.34,,64.54,175.3,,7257.4,115.0,Все работают,Хорошее
51.55,,,54.25,,,,Критический сервис остановлен,Критическое с риском отказа
15.1,,23.42,342.34,67.88,7715.72,80.0,,Оптимальное
22.07,,,,,,,,Хорошее
32.28,,29.06,63.71,,,60.0,,Хорошее
37.68,,42.8,36.17,90.48,5178.09,487.0,Все работают,Критическое
48.77,,,481.81,77.04,,,Все работают,Хорошее
,,,,,9355.57,,Некоторые остановлены,Критическое с риском отказа
5.26,,,,61.29,5786.77,,Все работают,Оптимальное
,,25.2,,,,,,Хорошее
,,,,42.78,,,Все работают,Хорошее
73.94,14.55,,,99.13,,,,Критическое с риском отказа
99.58,96.02,113.99,5.09,,9029.97,4.0,Все работают,Критическое с риском отказа
26.44,,,,84.95,8592.45,140.0,,Хорошее
20.76,18.81,,496.4,9.94,8215.92,157.0,Все работают,Хорошее
,,74.07,54.33,49.4,,,,Хорошее
,7.91,39.36,731.67,12.44,4512.58,,Все работают,Оптимальное
,3.69,,,74.47,9771.0,42.0,,Критическое
31.69,79.19,,616.01,85.32,8346.64,308.0,Все работают,Критическое
,98.5,101.93,39.8,27.39,978.79,395.0,,Критическое с риском отказа
26.42,43.12,60.15,,71.31,,,Все работают,Хорошее
39.68,23.27,84.95,165.89,98.29,8396.76,,Критический сервис остановлен,Критическое с риском отказа
,,32.55,,23.47,7147.78,76.0,,Оптимальное
30.85,16.35,20.59,,80.18,8728.84,81.0,Все работают,Хорошее
14.77,30.09,,952.61,11.34,,71.0,Все работают,Оптимальное
41.97,24.51,58.7,25.22,,,370.0,,Критическое
,,118.77,0.5,,,183.0,,Критическое с риском отказа
53.11,,112.07,47.01,11.22,1399.26,431.0,,Критическое с риском отказа
,,59.44,700.18,,,40.0,,Хорошее
,37.76,44.5,873.1,,4967.15,92.0,Все работают,Оптимальное
39.66,98.5,,,19.23,9853.2,,Все работают,Критическое с риском отказа
5.68,,,,,1910.14,,,Критическое
72.15,,,,,,,Все работают,Критическое
39.78,,22.2,336.28,74.74,1771.39,155.0,Все работают,Хорошее
6.99,,,,,,,,Критическое
46.6,,,,,,,Некоторые остановлены,Критическое
12.82,,,,,,,,Хорошее
11.71,12.25,22.76,30.1,,9328.57,,Некоторые остановлены,Критическое
36.64,,65.83,355.24,81.21,,79.0,Все работают,Хорошее
27.72,,24.99,12.14,,8966.56,,Все работают,Критическое
,23.89,32.32,,41.05,,98.0,Все работают,Оптимальное
,33.04,,804.91,,,,,Оптимальное
,85.1,,814.44,28.48,3277.06,,,Критическое
,97.1,40.94,,,8186.14,295.0,,Критическое с риском отказа
,,,,,8138.37,,Некоторые остановлены,Критическое
19.67,,,,9.46,,,,Оптимальное
,50.43,,55.22,,9044.24,351.0,Некоторые остановлены,Критическое
9.12,34.8,35.45,507.65,,,,,Оптимальное
10.85,,30.43,821.09,41.23,,87.0,Все работают,Оптимальное
,3.26,,79.17,82.77,,,,Хорошее
,,,,1.51,44.52,,,Оптимальное
23.83,,34.56,,,,37.0,,Оптимальное
,59.35,72.83,165.91,78.84,,190.0,Все работают,Хорошее
26.69,9.08,23.14,,,5875.64,31.0,Все работают,Оптимальное
,,98.34,70.2,,9301.88,,Все работают,Критическое с риском отказа
43.79,,,,,,199.0,Все работают,Хорошее
,,105.3,16.32,98.68,9231.64,143.0,,Критическое с риском отказа
55.19,71.78,41.75,279.64,73.82,740.66,,,Критическое
56.42,55.89,,,,,,Все работают,Хорошее
,23.4,24.35,436.34,,,34.0,Все работают,Оптимальное
25.93,98.7,,,98.2,8542.67,271.0,Все работают,Критическое с риском отказа
22.56,,,63.58,17.38,,45.0,Все работают,Хорошее
,,78.24,17.86,85.72,,,Все работают,Критическое
,,,,,,,Все работают,Оптимальное
91.44,95.01,113.78,,10.31,8560.91,,,Критическое с риском отказа
,,42.74,,6.32,,,,Оптимальное
6.42,28.11,44.09,502.46,49.24,,60.0,,Оптимальное
,25.33,30.63,276.54,3.0,2781.76,79.0,Все работают,Оптимальное
47.56,,,,,,109.0,Все работают,Хорошее
18.66,,,,84.29,8990.71,87.0,,Хорошее
,,27.03,,,,,,Оптимальное
58.94,42.21,,,,8324.39,,Критический сервис остановлен,Критическое с риском отказа
,6.83,,,66.18,6335.53,,,Оптимальное
,,,,,5909.53,,,Критическое с риском отказа
,,,,,9737.87,,Все работают,Критическое
40.22,65.9,73.93,73.86,82.44,798.26,122.0,,Хорошее
,,,34.34,,,,,Критическое
,,61.84,,17.73,8416.19,,,Хорошее
6.69,32.2,42.1,176.32,,,,,Оптимальное
28.84,21.74,,652.43,44.9,2027.9,97.0,Все работают,Оптимальное
,,,,42.74,,,,Хорошее
54.67,5.74,,990.12,47.43,8136.28,184.0,Все работают,Хорошее
17.09,32.29,34.48,,24.86,778.62,45.0,Все работают,Оптимальное
,,22.29,411.65,,4243.85,84.0,Все работают,Оптимальное
37.78,35.62,70.24,,,5422.15,,,Хорошее
,,,,,8873.68,217.0,,Критическое
80.63,69.26,71.07,,93.03,9717.84,164.0,Некоторые остановлены,Критическое
21.6,21.33,,,65.08,6930.17,,,Оптимальное
,,,,,8769.07,,Все работают,Хорошее
,,,,84.06,8041.28,,,Критическое
,69.49,79.1,59.18,78.25,,,Все работают,Критическое
,62.81,,,,8084.86,,,Хорошее
39.54,67.71,59.92,66.56,37.82,8283.58,,Все работают,Хорошее
,54.95,70.51,61.83,25.27,8864.63,168.0,Все работают,Хорошее
,,,,82.55,,,Все работают,Хорошее
,,,968.47,12.05,,85.0,,Оптимальное
30.59,50.77,52.58,655.95,,,8.0,Все работают,Критическое с риском отказа
7.64,,,,,,,,Критическое с риском отказа
40.67,63.19,,,,,112.0,,Хорошее
,82.39,,32.65,,,,,Критическое
34.78,73.68,44.2,489.89,79.67,,335.0,Все работают,Критическое
,,,33.42,91.03,,,Все работают,Критическое
19.03,37.83,,,,5988.49,39.0,Все работают,Оптимальное
,35.06,69.73,,,6985.16,161.0,Все работают,Хорошее
,,,,59.1,1937.9,,Все работают,Оптимальное
8.15,0.81,46.96,777.12,,,100.0,Все работают,Оптимальное
,,,,,9881.99,,,Критическое с риском отказа
45.45,68.38,78.04,41.89,,5427.37,,Некоторые остановлены,Критическое
0.2,26.25,,359.18,4.87,,,,Оптимальное
,,,,78.3,,108.0,,Хорошее
89.75,54.33,75.19,50.17,,9096.82,385.0,Все работают,Критическое
,,,,,,,Все работают,Оптимальное
,,85.43,,,9674.05,,,Критическое
,,30.08,55.81,71.39,4729.49,183.0,Все работают,Хорошее
,,39.51,,55.97,,,,Оптимальное
,,31.1,,,,86.0,,Оптимальное
,32.59,,,,,,,Оптимальное
,,,93.48,84.49,,,,Хорошее
,,,,,,,Все работают,Хорошее
,,,971.87,,,,,Оптимальное
,20.09,51.44,662.98,,,198.0,Все работают,Хорошее
,,74.21,52.75,3.54,,100.0,Все работают,Хорошее
,30.41,33.76,37.73,76.32,3942.73,242.0,Все работают,Критическое
5.0,,45.31,508.45,34.57,5621.98,,Все работают,Оптимальное
,17.18,33.24,,,,128.0,,Хорошее
,,31.74,,,5346.98,75.0,,Оптимальное
46.47,14.72,,78.13,79.23,,,Все работают,Хорошее
,43.65,,,,8215.66,,,Критическое
,,,,99.05,8125.33,,Критический сервис остановлен,Критическое с риском отказа
,39.73,35.86,,15.6,614.94,,Все работают,Оптимальное
,,,113.23,62.26,,,,Оптимальное
38.4,44.03,39.99,71.78,76.84,8958.97,164.0,,Хорошее
,,,54.31,94.94,6290.5,400.0,Некоторые остановлены,Критическое
,,40.05,494.35,65.93,1979.37,54.0,Все работают,Оптимальное
64.92,62.8,,33.96,81.41,9658.89,,Все работают,Критическое с риском отказа
,53.16,,,63.26,8277.06,,Все работают,Хорошее
45.18,,,,,8050.03,,Критический сервис остановлен,Критическое с риском отказа
43.91,,51.8,,,,,Все работают,Хорошее
,,71.57,,,,,,Критическое
,65.25,,23.86,,8987.29,75.0,Все работают,Критическое
,,40.35,,,,,,Оптимальное
53.79,,,,,8802.72,,,Хорошее
,,47.68,55.63,50.65,1199.91,139.0,,Хорошее
,32.01,,,,,,,Критическое
,,47.96,770.66,54.6,2719.54,93.0,,Оптимальное
,66.06,64.56,63.59,,4072.35,,Все работают,Хорошее
19.93,,,,,7107.96,,,Оптимальное
21.77,12.2,36.96,947.7,24.25,,57.0,Все работают,Оптимальное
55.13,35.13,97.49,,80.11,9784.38,101.0,Все работают,Критическое
,2.38,,,,,,,Оптимальное
74.99,94.52,106.86,17.56,,,887.0,Некоторые остановлены,Критическое с риском отказа
,10.91,,343.78,,851.57,,,Оптимальное
26.6,,73.98,113.31,,,,,Хорошее
84.74,94.76,69.21,,,,,Все работают,Критическое
,,,892.2,,,,Все работают,Хорошее
21.02,40.12,70.11,497.16,79.95,,118.0,Все работают,Хорошее
,,,540.31,,,,,Оптимальное
6.17,,,,27.24,,435.0,Все работают,Критическое
,79.32,,77.69,8.1,,,Все работают,Критическое
,95.82,90.65,,58.84,3788.61,370.0,Все работают,Критическое с риском отказа
,,41.39,,5.67,,,,Оптимальное
,79.33,105.2,46.88,,9797.26,706.0,Некоторые остановлены,Критическое с риском отказа
,53.16,24.26,,63.26,8277.06,193.0,,Хорошее
,,87.32,,,,,Критический сервис остановлен,Критическое с риском отказа
25.75,,34.33,,28.25,,68.0,Все работают,Оптимальное
,41.92,,896.91,42.25,193.98,103.0,,Хорошее
71.52,,58.11,21.11,93.99,8221.25,94.0,,Критическое
97.87,,73.13,,,,,,Критическое с риском отказа
55.95,,,,,,,,Хорошее
,28.63,,,,,,,Оптимальное
,,23.14,506.8,48.72,5875.64,31.0,Все работают,Оптимальное
12.72,,34.5,,,,,,Оптимальное
,,,,66.18,,,,Оптимальное
6.58,,32.78,,38.9,1560.59,,Все работают,Хорошее
,87.8,71.3,,,9925.44,195.0,,Критическое
,,,,,1883.63,33.0,,Оптимальное
52.95,,57.05,,78.79,8746.17,,,Хорошее
12.97,,40.68,,,,,,Оптимальное
,,,72.89,58.77,8727.84,204.0,,Критическое
,,,,70.39,8867.45,,,Критическое
,53.15,113.45,23.8,90.38,,469.0,,Критическое с риском отказа
11.42,,76.66,,,9559.6,461.0,,Критическое
69.61,89.63,88.46,44.75,42.27,8476.95,,Все работают,Критическое
4.13,97.02,,,78.86,7118.93,,Все работают,Критическое с риском отказа
,,,,2.98,,,,Хорошее
,,,57.37,14.74,,,Все работают,Хорошее
,,20.9,666.53,41.75,,78.0,Все работают,Оптимальное
33.81,88.89,,50.85,,7521.9,201.0,,Критическое
,,21.22,748.8,,3261.1,44.0,Все работают,Оптимальное
,38.21,,74.07,98.37,,3.0,Все работают,Критическое с риском отказа
59.94,45.74,32.6,75.17,,2735.36,128.0,Все работают,Хорошее
,,,78.03,,,,,Хорошее
,26.37,23.49,428.6,,,,Все работают,Оптимальное
13.96,,,,,1159.43,,Все работают,Оптимальное
,86.48,83.48,,87.98,8311.18,,Все работают,Критическое
,27.68,70.03,62.92,,5287.35,157.0,Все работают,Хорошее
,7.36,,,,,,Все работают,Оптимальное
15.26,31.45,38.03,879.44,56.7,2102.83,33.0,,Оптимальное
48.52,83.3,107.22,9.78,,9700.59,2.0,Некоторые остановлены,Критическое с риском отказа
,,,,,,,Некоторые остановлены,Критическое
20.78,,,861.3,18.69,441.84,36.0,Все работают,Оптимальное
,35.84,56.13,522.51,,1536.76,423.0,Критический сервис остановлен,Критическое с риском отказа
59.33,,,,25.47,,,,Критическое
,44.68,51.54,,,3278.68,161.0,Все работают,Хорошее
21.38,,,,,,,,Оптимальное
,,32.51,698.32,,,,Все работают,Оптимальное
27.05,,21.85,992.13,66.84,6786.14,,,Оптимальное
,15.54,,275.04,21.16,7947.18,,,Оптимальное
21.91,23.58,,,,,,,Хорошее
41.13,34.99,85.92,19.41,,,215.0,,Критическое
28.25,,,,,,78.0,,Хорошее
5.36,37.68,22.35,406.61,,1144.99,35.0,,Оптимальное
48.77,49.4,,524.72,82.89,,,Все работают,Хорошее
,,113.13,4.06,,9827.75,,,Критическое с риском отказа
,,,30.82,75.86,,43.0,,Критическое
11.74,15.16,,785.77,38.36,,80.0,Все работают,Оптимальное
30.67,79.77,33.08,40.8,,9007.68,72.0,Все работают,Критическое
19.66,69.9,30.23,69.9,,,59.0,,Хорошее
30.24,45.92,46.51,,,8947.08,45.0,,Хорошее
,66.34,79.73,47.02,89.55,,184.0,,Критическое
78.68,,45.42,,,,,Все работают,Критическое с риском отказа
80.72,64.24,61.65,,,,197.0,Все работают,Критическое с риском отказа
,,,,,,4.0,Некоторые остановлены,Критическое с риском отказа
,62.08,46.24,321.79,60.57,1679.03,121.0,Все работают,Хорошее
,23.97,,,,4.25,,,Оптимальное
20.88,19.35,24.73,336.31,,6797.39,,Все работают,Оптимальное
54.31,53.87,,115.96,77.81,8855.84,56.0,Все работают,Хорошее
17.85,81.97,,,,,,,Критическое с риском отказа
25.89,,,61.05,72.75,,,,Критическое
9.41,,,352.51,10.08,,33.0,Все работают,Оптимальное
,54.02,,,77.85,8481.65,,,Хорошее
0.73,,,55.79,83.9,9316.66,,Критический сервис остановлен,Критическое с риском отказа
,29.16,30.76,,31.22,3665.64,,Все работают,Оптимальное
74.14,,80.51,26.37,,,467.0,Все работают,Критическое
34.06,4.92,51.79,61.36,,8083.13,54.0,Все работают,Хорошее
18.98,51.96,,36.08,,5988.69,,Некоторые остановлены,Критическое
,,,51.25,,4854.37,,Все работают,Хорошее
22.49,,,,,9653.45,,,Критическое
50.93,,,63.7,,,119.0,,Критическое
,14.82,,736.61,,,,,Оптимальное
,,35.03,,,1017.54,,Все работают,Хорошее
,,,,,8458.01,,,Хорошее
,,,,27.33,8427.72,,,Хорошее
22.83,,,,,,,,Оптимальное
21.08,,,233.72,19.08,4418.69,40.0,,Оптимальное
,,35.59,486.17,65.86,412.82,,Все работают,Оптимальное
,15.24,48.76,575.85,42.5,8316.94,61.0,Все работают,Хорошее
13.43,,40.18,493.78,16.34,578.94,,,Оптимальное
7.04,,57.84,67.39,,1511.69,188.0,Все работают,Хорошее
28.31,,,,,6141.83,95.0,,Оптимальное
32.57,,91.4,,90.28,9483.0,52.0,,Критическое
,,91.92,,,,271.0,,Критическое
23.17,23.5,,413.42,39.34,,,,Оптимальное
17.19,,59.34,,,,,Все работают,Хорошее
50.0,55.34,23.24,64.92,,9830.31,213.0,Все работают,Критическое
,,,,77.08,,63.0,,Хорошее
4.74,,,622.03,74.23,8886.17,,Все работают,Хорошее
38.57,,,,93.62,,,,Критическое
26.99,11.11,23.9,,44.98,5006.61,30.0,Все работают,Оптимальное
,37.7,,,,3191.59,,Все работают,Оптимальное
17.1,,37.95,723.89,34.88,2675.73,92.0,Все работают,Оптимальное
,,38.88,94.6,44.22,7148.29,,Все работают,Оптимальное
,,,,,,,Все работают,Критическое
,,,830.92,29.86,,82.0,Все работают,Оптимальное
96.47,99.41,,4.19,,9479.68,967.0,,Критическое с риском отказа
,,,408.89,78.96,8392.79,81.0,Все работают,Хорошее
18.07,,22.02,894.45,59.62,,90.0,Все работают,Оптимальное
26.04,,,,26.18,8102.11,,,Хорошее
14.06,36.16,41.07,625.14,,365.68,77.0,Все работают,Оптимальное
31.63,11.06,33.73,2.62,,8885.35,,Все работают,Критическое с риском отказа
12.86,19.49,26.96,,18.4,233.85,,,Оптимальное
19.98,,44.79,,67.33,5065.64,,,Оптимальное
47.98,,,,,,,,Хорошее
,42.21,33.75,,61.63,,47.0,,Хорошее
4.36,62.94,,878.63,12.93,8646.52,143.0,Все работают,Хорошее
73.14,,37.78,,,8522.13,36.0,Все работают,Критическое
,,58.6,,72.0,,,Критический сервис остановлен,Критическое с риском отказа
29.91,35.23,36.13,,,596.6,82.0,Все работают,Оптимальное
62.68,79.68,83.47,757.04,96.26,9571.99,,,Критическое
26.71,33.89,,702.76,8.31,2142.11,191.0,,Хорошее
9.51,46.69,69.26,,17.1,2075.54,107.0,Все работают,Хорошее
,58.79,79.9,330.45,,9666.37,480.0,Все работают,Критическое
30.82,,,617.27,5.89,,,,Хорошее
5.12,,,,,,,,Оптимальное
55.81,,59.19,,,,,,Хорошее
,,27.91,909.15,52.84,,,,Оптимальное
,,49.28,,,,,,Оптимальное
,30.17,63.21,47.02,,,105.0,Все работают,Критическое
,,,506.89,,,,,Критическое с риском отказа
29.04,,,371.93,18.23,,65.0,Все работают,Оптимальное
,98.15,,,96.76,,47.0,,Критическое с риском отказа
,,,,46.55,,,,Хорошее
,,,,,5159.05,,,Оптимальное
,34.97,61.35,76.38,,7427.79,134.0,Все работают,Хорошее
,,25.37,,,3377.93,340.0,Некоторые остановлены,Критическое
9.35,18.37,,,8.38,2883.99,58.0,Все работают,Оптимальное
,,74.55,,,,64.0,,Хорошее
